year,selling_price,km_driven,fuel,transmission,owner,brand,brand_model
2007,60000.0,70000.0,Petrol,manual,1,maruti,maruti 800
2007,135000.0,50000.0,Petrol,manual,1,maruti,maruti wagon
2012,600000.0,100000.0,Diesel,manual,1,hyundai,hyundai verna
2017,250000.0,46000.0,Petrol,manual,1,datsun,datsun redigo
2014,450000.0,141000.0,Diesel,manual,1,honda,honda amaze
2007,140000.0,125000.0,Petrol,manual,1,maruti,maruti alto
2016,550000.0,25000.0,Petrol,manual,1,hyundai,hyundai xcent
2014,240000.0,60000.0,Petrol,manual,1,tata,tata indigo
2015,850000.0,25000.0,Petrol,manual,1,hyundai,hyundai creta
2017,365000.0,78000.0,Cng,manual,1,maruti,maruti celerio
2015,260000.0,35000.0,Petrol,manual,1,chevrolet,chevrolet sail
2014,250000.0,100000.0,Petrol,manual,1,tata,tata indigo
2015,585000.0,24000.0,Petrol,manual,1,maruti,maruti ciaz
2019,1195000.0,5000.0,Diesel,manual,1,hyundai,hyundai venue
2013,390000.0,33000.0,Diesel,manual,1,chevrolet,chevrolet enjoy
2013,1425000.0,59000.0,Diesel,automatic,1,mercedes-benz,mercedes-benz new
2018,975000.0,4500.0,Diesel,automatic,1,maruti,maruti vitara
2011,1190000.0,175900.0,Diesel,automatic,1,audi,audi q5
2018,930000.0,14500.0,Petrol,manual,1,honda,honda city
2018,525000.0,15000.0,Petrol,manual,1,tata,tata tigor
2012,1375000.0,33800.0,Diesel,automatic,1,mercedes-benz,mercedes-benz new
2011,450000.0,130400.0,Diesel,automatic,1,skoda,skoda superb
2016,900000.0,50000.0,Petrol,automatic,1,toyota,toyota corolla
2015,1300000.0,80000.0,Diesel,manual,1,toyota,toyota innova
2019,1400000.0,10000.0,Petrol,manual,1,jeep,jeep compass
2010,850000.0,119000.0,Petrol,automatic,1,mercedes-benz,mercedes-benz e-class
2014,229999.0,60000.0,Petrol,manual,1,hyundai,hyundai i10
2009,1250000.0,78000.0,Diesel,automatic,1,audi,audi q7
2012,625000.0,40000.0,Diesel,manual,1,hyundai,hyundai elantra
2014,1050000.0,50000.0,Diesel,manual,1,mahindra,mahindra scorpio
2014,560000.0,74000.0,Diesel,manual,1,honda,honda city
2014,290000.0,64000.0,Petrol,manual,1,maruti,maruti wagon
2012,275000.0,60000.0,Petrol,manual,1,maruti,maruti wagon
2009,411000.0,120000.0,Diesel,manual,1,mahindra,mahindra scorpio
2009,150000.0,79000.0,Petrol,manual,1,hyundai,hyundai santro
2019,500000.0,15000.0,Petrol,manual,1,hyundai,hyundai grand
2006,100000.0,80000.0,Petrol,manual,1,maruti,maruti alto
2017,725000.0,18500.0,Diesel,manual,1,maruti,maruti swift
2018,401000.0,10200.0,Petrol,manual,1,maruti,maruti eeco
2018,750000.0,29000.0,Diesel,manual,1,hyundai,hyundai i20
2018,310000.0,28000.0,Petrol,manual,1,maruti,maruti omni
2016,665000.0,46000.0,Diesel,manual,1,maruti,maruti swift
2014,465000.0,70000.0,Diesel,manual,1,hyundai,hyundai i20
2012,160000.0,60000.0,Petrol,manual,1,maruti,maruti alto
1996,250000.0,35000.0,Diesel,manual,1,mahindra,mahindra jeep
2014,675000.0,90000.0,Diesel,manual,1,honda,honda city
2013,300000.0,80000.0,Petrol,manual,1,maruti,maruti wagon
2005,70000.0,80000.0,Diesel,manual,1,tata,tata indica
2014,240000.0,73300.0,Petrol,manual,1,hyundai,hyundai eon
2014,525000.0,92000.0,Diesel,manual,1,toyota,toyota etios
2009,151000.0,66764.0,Petrol,manual,1,maruti,maruti alto
2009,140000.0,100000.0,Petrol,manual,1,maruti,maruti alto
2010,280000.0,350000.0,Diesel,manual,1,chevrolet,chevrolet tavera
2011,350000.0,230000.0,Diesel,manual,1,toyota,toyota corolla
2017,570000.0,60000.0,Diesel,manual,1,mahindra,mahindra scorpio
2018,300000.0,31000.0,Petrol,manual,1,hyundai,hyundai eon
2007,100000.0,39000.0,Diesel,manual,1,tata,tata indigo
2009,500000.0,120000.0,Diesel,manual,1,toyota,toyota innova
2014,125000.0,166000.0,Diesel,manual,1,tata,tata indica
2006,130000.0,110000.0,Petrol,manual,1,maruti,maruti swift
2017,925000.0,35000.0,Diesel,manual,1,ford,ford ecosport
2018,750000.0,60000.0,Diesel,manual,1,maruti,maruti ciaz
2007,200000.0,54000.0,Petrol,automatic,1,honda,honda civic
2010,248000.0,63000.0,Petrol,manual,1,hyundai,hyundai i10
2014,450000.0,120000.0,Diesel,manual,1,skoda,skoda rapid
2005,80000.0,120000.0,Petrol,manual,1,hyundai,hyundai getz
2014,650000.0,76000.0,Petrol,manual,1,nissan,nissan terrano
2015,450000.0,80000.0,Diesel,manual,1,hyundai,hyundai grand
2019,650000.0,25000.0,Diesel,manual,1,hyundai,hyundai elite
2016,495000.0,11958.0,Petrol,manual,1,honda,honda amaze
2015,371000.0,20000.0,Petrol,manual,1,honda,honda brio
2017,1025000.0,9000.0,Petrol,manual,1,hyundai,hyundai creta
2015,750000.0,70000.0,Diesel,manual,1,mahindra,mahindra xuv500
2013,600000.0,120000.0,Diesel,manual,1,renault,renault duster
2007,80000.0,58000.0,Petrol,manual,1,hyundai,hyundai santro
2013,325000.0,62200.0,Diesel,manual,1,mahindra,mahindra bolero
2014,1470000.0,34000.0,Diesel,automatic,1,audi,audi a6
2015,350000.0,53000.0,Diesel,manual,1,fiat,fiat avventura
2017,210000.0,15000.0,Petrol,manual,1,datsun,datsun redigo
2013,450000.0,50000.0,Petrol,manual,1,volkswagen,volkswagen jetta
2013,1150000.0,53000.0,Diesel,automatic,1,audi,audi a4
2009,210000.0,63500.0,Petrol,automatic,1,honda,honda civic
2008,175000.0,29173.0,Petrol,manual,1,maruti,maruti sx4
2017,628000.0,120000.0,Diesel,manual,1,mahindra,mahindra bolero
2010,600000.0,100000.0,Diesel,manual,1,hyundai,hyundai sonata
2017,399000.0,30000.0,Petrol,manual,1,nissan,nissan micra
2018,750000.0,87000.0,Diesel,manual,1,mahindra,mahindra xylo
2019,750000.0,15000.0,Petrol,manual,1,hyundai,hyundai elite
2017,315000.0,16000.0,Petrol,manual,1,renault,renault kwid
2012,600000.0,60000.0,Diesel,manual,1,mahindra,mahindra xylo
2010,100000.0,60000.0,Petrol,manual,1,maruti,maruti wagon
2011,250000.0,110000.0,Petrol,manual,1,maruti,maruti sx4
2017,350000.0,25000.0,Petrol,manual,1,renault,renault kwid
2016,780000.0,60000.0,Diesel,manual,1,hyundai,hyundai creta
2014,434000.0,79350.0,Diesel,manual,1,maruti,maruti swift
2016,690000.0,80000.0,Petrol,automatic,1,hyundai,hyundai verna
2014,555000.0,90000.0,Diesel,manual,1,mahindra,mahindra scorpio
2007,120000.0,90000.0,Petrol,manual,1,maruti,maruti sx4
2014,500000.0,120000.0,Diesel,manual,1,maruti,maruti ertiga
2013,165000.0,60000.0,Diesel,manual,1,chevrolet,chevrolet beat
2004,95000.0,50000.0,Petrol,manual,1,maruti,maruti zen
2018,550000.0,20000.0,Petrol,manual,1,maruti,maruti baleno
2007,100000.0,110000.0,Diesel,manual,1,maruti,maruti swift
2012,100000.0,50000.0,Petrol,manual,1,tata,tata nano
2012,500000.0,100000.0,Diesel,manual,1,toyota,toyota innova
2016,800000.0,70000.0,Diesel,manual,1,maruti,maruti ertiga
2016,840000.0,70000.0,Diesel,manual,1,hyundai,hyundai creta
2016,490000.0,50000.0,Petrol,manual,1,honda,honda amaze
2010,125000.0,81000.0,Diesel,manual,1,tata,tata indica
2012,400000.0,120000.0,Diesel,manual,1,chevrolet,chevrolet tavera
2015,1000000.0,3600.0,Diesel,manual,1,chevrolet,chevrolet cruze
2015,530000.0,14272.0,Petrol,manual,1,ford,ford figo
2017,840000.0,49213.0,Diesel,manual,1,ford,ford ecosport
2015,229999.0,40000.0,Petrol,manual,1,hyundai,hyundai i10
1998,40000.0,40000.0,Petrol,manual,1,maruti,maruti 800
2012,130000.0,80000.0,Petrol,manual,1,chevrolet,chevrolet spark
2015,200000.0,70000.0,Petrol,manual,1,hyundai,hyundai eon
2011,120000.0,70000.0,Diesel,manual,1,tata,tata indica
2003,75000.0,57000.0,Petrol,manual,1,hyundai,hyundai santro
2016,250000.0,120000.0,Diesel,manual,1,tata,tata bolt
2005,100000.0,30000.0,Petrol,manual,1,maruti,maruti 800
2013,280000.0,3240.0,Petrol,manual,1,hyundai,hyundai eon
2015,540000.0,5000.0,Petrol,manual,1,hyundai,hyundai i20
2018,700000.0,10000.0,Petrol,manual,1,hyundai,hyundai i20
2015,525000.0,100000.0,Diesel,manual,1,maruti,maruti ciaz
2016,430000.0,80000.0,Diesel,manual,1,hyundai,hyundai i20
2002,65000.0,70000.0,Petrol,manual,1,hyundai,hyundai santro
2018,800000.0,35000.0,Diesel,manual,1,maruti,maruti vitara
2007,75000.0,114000.0,Petrol,manual,1,hyundai,hyundai santro
2008,210000.0,53772.0,Petrol,manual,1,hyundai,hyundai getz
2012,195000.0,140000.0,Diesel,manual,1,mahindra,mahindra quanto
2015,400000.0,120000.0,Diesel,manual,1,chevrolet,chevrolet tavera
2012,170000.0,60000.0,Petrol,manual,1,hyundai,hyundai eon
2016,225000.0,25000.0,Petrol,manual,1,renault,renault kwid
2014,210000.0,90000.0,Lpg,manual,1,maruti,maruti wagon
2020,240000.0,120000.0,Petrol,manual,1,maruti,maruti wagon
2015,300000.0,175000.0,Diesel,manual,1,chevrolet,chevrolet enjoy
2011,99000.0,100000.0,Petrol,manual,1,chevrolet,chevrolet spark
2014,620000.0,36000.0,Petrol,manual,1,honda,honda city
2013,500000.0,30000.0,Diesel,manual,1,honda,honda amaze
2013,260000.0,70000.0,Petrol,manual,1,honda,honda brio
2017,550000.0,60000.0,Petrol,manual,1,maruti,maruti swift
2011,150000.0,155500.0,Diesel,manual,1,tata,tata indigo
2011,350000.0,50000.0,Petrol,automatic,1,hyundai,hyundai i10
2016,320000.0,40000.0,Petrol,manual,1,chevrolet,chevrolet beat
2015,400000.0,100000.0,Diesel,manual,1,maruti,maruti swift
2012,175000.0,80000.0,Petrol,manual,1,maruti,maruti alto
2011,120000.0,90000.0,Petrol,manual,1,chevrolet,chevrolet beat
2013,320000.0,90000.0,Diesel,manual,1,renault,renault duster
2006,70000.0,110000.0,Petrol,manual,1,hyundai,hyundai santro
2019,810000.0,15000.0,Petrol,manual,1,maruti,maruti swift
2007,95000.0,100000.0,Petrol,manual,1,maruti,maruti 800
2020,282000.0,40000.0,Cng,manual,1,maruti,maruti alto
2004,80000.0,60000.0,Petrol,manual,1,maruti,maruti 800
2013,72000.0,25000.0,Petrol,manual,1,tata,tata nano
2016,600000.0,25000.0,Petrol,manual,1,hyundai,hyundai i20
2015,640000.0,23000.0,Petrol,manual,1,skoda,skoda rapid
2018,380000.0,22155.0,Petrol,manual,1,maruti,maruti alto
2018,650000.0,70000.0,Petrol,manual,1,maruti,maruti ciaz
2009,150000.0,60000.0,Petrol,manual,1,maruti,maruti alto
2009,280000.0,110000.0,Petrol,manual,1,hyundai,hyundai i20
2018,430000.0,30000.0,Petrol,manual,1,tata,tata nexon
2019,800000.0,15000.0,Diesel,manual,1,mahindra,mahindra bolero
2003,75000.0,100000.0,Diesel,manual,1,maruti,maruti zen
2016,650000.0,70000.0,Diesel,automatic,1,volkswagen,volkswagen vento
2017,390000.0,24000.0,Petrol,manual,1,maruti,maruti eeco
2005,100000.0,120000.0,Petrol,manual,1,honda,honda city
2007,175000.0,78380.0,Petrol,manual,1,maruti,maruti sx4
2012,434999.0,110000.0,Diesel,manual,1,renault,renault duster
2010,170000.0,90000.0,Diesel,manual,1,ford,ford figo
2011,190000.0,90000.0,Diesel,manual,1,ford,ford figo
2009,250000.0,150000.0,Diesel,manual,1,maruti,maruti swift
2009,229999.0,230000.0,Diesel,manual,1,mahindra,mahindra xylo
2006,140000.0,70000.0,Petrol,manual,1,maruti,maruti esteem
2017,600000.0,80362.0,Diesel,manual,1,maruti,maruti swift
2012,280000.0,110000.0,Petrol,manual,1,hyundai,hyundai i20
2012,150000.0,60000.0,Diesel,manual,1,chevrolet,chevrolet beat
2015,650000.0,50000.0,Diesel,automatic,1,chevrolet,chevrolet cruze
2014,210000.0,40000.0,Petrol,manual,1,nissan,nissan micra
2013,425000.0,20000.0,Diesel,manual,1,chevrolet,chevrolet enjoy
2014,265000.0,55000.0,Petrol,manual,1,hyundai,hyundai eon
2013,365000.0,55000.0,Petrol,manual,1,renault,renault scala
2014,350000.0,43000.0,Petrol,manual,1,ford,ford figo
2016,685000.0,60000.0,Diesel,manual,1,maruti,maruti ciaz
2017,1000000.0,40000.0,Diesel,manual,1,mahindra,mahindra xuv500
2019,1150000.0,15000.0,Petrol,manual,1,mahindra,mahindra xuv300
2016,450000.0,115962.0,Diesel,manual,1,maruti,maruti ertiga
2015,590000.0,65000.0,Diesel,manual,1,nissan,nissan terrano
2017,800000.0,40000.0,Diesel,manual,1,maruti,maruti s-cross
2012,385000.0,58000.0,Diesel,manual,1,hyundai,hyundai i20
2012,235000.0,54000.0,Petrol,manual,1,hyundai,hyundai eon
2017,640000.0,56000.0,Diesel,manual,1,volkswagen,volkswagen ameo
2006,52000.0,120000.0,Petrol,manual,1,maruti,maruti alto
2009,80000.0,90000.0,Lpg,manual,1,maruti,maruti omni
2012,140000.0,70000.0,Petrol,manual,1,maruti,maruti alto
2008,120000.0,90000.0,Petrol,manual,1,hyundai,hyundai verna
2008,89999.0,213000.0,Diesel,manual,1,mahindra,mahindra renault
2012,180000.0,120000.0,Diesel,manual,1,chevrolet,chevrolet optra
2017,700000.0,10000.0,Petrol,manual,1,hyundai,hyundai i20
2012,285000.0,80000.0,Diesel,manual,1,maruti,maruti sx4
2015,390000.0,90000.0,Petrol,manual,1,hyundai,hyundai grand
2008,125000.0,80000.0,Petrol,manual,1,maruti,maruti alto
2008,225000.0,60000.0,Petrol,manual,1,maruti,maruti sx4
2011,175000.0,139000.0,Petrol,manual,1,hyundai,hyundai i10
2011,1075000.0,160000.0,Diesel,manual,1,toyota,toyota innova
2014,300000.0,150000.0,Diesel,manual,1,honda,honda mobilio
2010,700000.0,163000.0,Diesel,manual,1,toyota,toyota innova
2009,90000.0,120000.0,Diesel,manual,1,tata,tata indica
2011,120000.0,120000.0,Diesel,manual,1,tata,tata indica
2012,220000.0,100000.0,Diesel,manual,1,chevrolet,chevrolet beat
2015,300000.0,140000.0,Diesel,manual,1,tata,tata zest
2010,180000.0,87000.0,Diesel,manual,1,skoda,skoda fabia
2013,170000.0,70000.0,Petrol,manual,1,maruti,maruti 800
2015,300000.0,50000.0,Petrol,manual,1,ford,ford figo
2014,1050000.0,70000.0,Diesel,manual,1,toyota,toyota innova
2018,465000.0,25000.0,Diesel,manual,1,hyundai,hyundai grand
2011,130000.0,80000.0,Diesel,manual,1,chevrolet,chevrolet beat
2018,434999.0,10000.0,Petrol,manual,1,datsun,datsun go
2018,500000.0,32000.0,Petrol,manual,1,hyundai,hyundai grand
2018,200000.0,10000.0,Petrol,manual,1,maruti,maruti omni
2017,625000.0,52000.0,Petrol,manual,1,maruti,maruti baleno
2006,110000.0,120000.0,Diesel,manual,1,ford,ford fiesta
2019,800000.0,11240.0,Petrol,manual,1,hyundai,hyundai elite
2017,490000.0,66000.0,Diesel,manual,1,hyundai,hyundai grand
2017,880000.0,64000.0,Diesel,manual,1,maruti,maruti ertiga
2013,290000.0,49000.0,Petrol,manual,1,hyundai,hyundai santro
2006,115999.0,100000.0,Diesel,manual,1,tata,tata sumo
2018,360000.0,26500.0,Petrol,manual,1,renault,renault kwid
2002,65000.0,100000.0,Petrol,manual,1,maruti,maruti 800
2017,685000.0,72000.0,Diesel,manual,1,maruti,maruti vitara
2009,300000.0,50000.0,Petrol,manual,1,honda,honda jazz
2017,680000.0,44000.0,Diesel,manual,1,hyundai,hyundai i20
2017,1000000.0,60000.0,Diesel,manual,1,maruti,maruti ertiga
2002,100000.0,120000.0,Diesel,manual,1,tata,tata sumo
2010,160000.0,130000.0,Diesel,manual,1,mahindra,mahindra xylo
2017,450000.0,70000.0,Diesel,manual,1,maruti,maruti swift
2014,600000.0,20000.0,Petrol,manual,1,maruti,maruti ertiga
2009,180000.0,60000.0,Diesel,manual,1,hyundai,hyundai i20
2007,100000.0,195000.0,Petrol,manual,1,maruti,maruti alto
2010,120000.0,90000.0,Petrol,manual,1,maruti,maruti alto
2006,130000.0,80000.0,Petrol,manual,1,hyundai,hyundai getz
2011,160000.0,155000.0,Petrol,manual,1,maruti,maruti wagon
2019,860000.0,35000.0,Diesel,manual,1,mahindra,mahindra bolero
2018,650000.0,20000.0,Petrol,manual,1,hyundai,hyundai i20
2010,100000.0,80000.0,Petrol,manual,1,maruti,maruti wagon
2017,282000.0,20000.0,Petrol,manual,1,maruti,maruti alto
2009,300000.0,50000.0,Petrol,manual,1,hyundai,hyundai i20
2010,270000.0,110000.0,Petrol,manual,1,hyundai,hyundai i20
2013,550000.0,29000.0,Diesel,manual,1,hyundai,hyundai verna
2013,450000.0,120000.0,Diesel,manual,1,mahindra,mahindra xylo
2011,430000.0,70000.0,Diesel,manual,1,mahindra,mahindra bolero
2013,350000.0,40000.0,Petrol,manual,1,maruti,maruti ertiga
2017,350000.0,20000.0,Petrol,manual,1,honda,honda brio
2013,229999.0,50000.0,Petrol,manual,1,toyota,toyota etios
2013,110000.0,50000.0,Petrol,manual,1,maruti,maruti alto
2012,395000.0,49000.0,Petrol,manual,1,maruti,maruti swift
2011,650000.0,70000.0,Diesel,automatic,1,mahindra,mahindra scorpio
2011,350000.0,90000.0,Diesel,manual,1,mahindra,mahindra bolero
2020,1400000.0,25000.0,Diesel,manual,1,mahindra,mahindra xuv500
2018,360000.0,4000.0,Petrol,manual,1,tata,tata tiago
2018,1300000.0,10000.0,Diesel,manual,1,mahindra,mahindra marazzo
2015,800000.0,15000.0,Diesel,manual,1,renault,renault duster
2018,229999.0,30000.0,Petrol,manual,1,hyundai,hyundai eon
2014,315000.0,41000.0,Petrol,manual,1,maruti,maruti wagon
2012,125000.0,28000.0,Petrol,manual,1,chevrolet,chevrolet spark
2019,700000.0,16000.0,Petrol,manual,1,maruti,maruti baleno
2015,160000.0,70000.0,Petrol,manual,1,hyundai,hyundai eon
2017,530000.0,10832.0,Petrol,manual,1,ford,ford figo
2018,624000.0,14681.0,Diesel,manual,1,ford,ford figo
2009,250000.0,50000.0,Petrol,manual,1,hyundai,hyundai i10
2016,585000.0,51000.0,Diesel,manual,1,mahindra,mahindra bolero
2015,500000.0,25000.0,Petrol,manual,1,hyundai,hyundai verna
2014,350000.0,30000.0,Petrol,manual,1,chevrolet,chevrolet sail
2014,495000.0,80000.0,Diesel,manual,1,honda,honda city
2017,500000.0,50000.0,Petrol,manual,1,hyundai,hyundai grand
2015,430000.0,200000.0,Diesel,manual,1,mahindra,mahindra bolero
2013,345000.0,44000.0,Petrol,manual,1,hyundai,hyundai grand
2015,500000.0,10000.0,Petrol,manual,1,maruti,maruti baleno
2019,425000.0,19600.0,Petrol,manual,1,tata,tata tiago
2005,80000.0,40000.0,Petrol,manual,1,maruti,maruti wagon
2011,106000.0,50000.0,Diesel,manual,1,chevrolet,chevrolet beat
2009,180000.0,46730.0,Petrol,manual,1,maruti,maruti a-star
2015,250000.0,40000.0,Petrol,manual,1,datsun,datsun go
2011,350000.0,80000.0,Diesel,manual,1,skoda,skoda yeti
2002,60000.0,80000.0,Petrol,manual,1,maruti,maruti zen
2018,900000.0,24000.0,Diesel,manual,1,hyundai,hyundai verna
2017,700000.0,21170.0,Diesel,manual,1,ford,ford aspire
2017,1000000.0,40000.0,Diesel,manual,1,maruti,maruti ertiga
2011,1375000.0,60000.0,Diesel,automatic,1,bmw,bmw x1
2007,160000.0,120000.0,Diesel,manual,1,chevrolet,chevrolet tavera
2012,525000.0,140000.0,Petrol,automatic,1,mitsubishi,mitsubishi outlander
2012,850000.0,212814.0,Diesel,manual,1,mahindra,mahindra xuv500
2019,800000.0,30000.0,Diesel,manual,1,maruti,maruti baleno
2017,700000.0,88635.0,Diesel,manual,1,ford,ford figo
2018,800000.0,25000.0,Diesel,manual,1,maruti,maruti swift
2017,575000.0,20000.0,Petrol,manual,1,hyundai,hyundai i20
2012,350000.0,110000.0,Diesel,manual,1,renault,renault duster
2008,250000.0,120000.0,Diesel,manual,1,maruti,maruti swift
2011,600000.0,149674.0,Diesel,manual,1,ford,ford endeavour
2007,370000.0,100000.0,Diesel,manual,1,mahindra,mahindra scorpio
2006,80000.0,120000.0,Petrol,manual,1,maruti,maruti baleno
2003,50000.0,120000.0,Diesel,manual,1,tata,tata indica
2018,900000.0,25000.0,Diesel,manual,1,hyundai,hyundai verna
2014,300000.0,35000.0,Petrol,manual,1,maruti,maruti wagon
2002,125000.0,40000.0,Petrol,manual,1,tata,tata indica
2015,490000.0,60000.0,Diesel,manual,1,maruti,maruti swift
2012,300000.0,50000.0,Diesel,manual,1,toyota,toyota etios
2013,55000.0,25000.0,Petrol,manual,1,tata,tata nano
2016,350000.0,25000.0,Petrol,manual,1,hyundai,hyundai grand
2019,755000.0,8000.0,Diesel,manual,1,hyundai,hyundai grand
2017,720000.0,60000.0,Diesel,manual,1,maruti,maruti ertiga
2006,229999.0,200000.0,Diesel,manual,1,mahindra,mahindra bolero
2018,1100000.0,20000.0,Diesel,manual,1,mahindra,mahindra scorpio
2013,400000.0,100000.0,Petrol,manual,1,volkswagen,volkswagen polo
2015,350000.0,70000.0,Diesel,manual,1,hyundai,hyundai xcent
2012,159000.0,68000.0,Diesel,manual,1,chevrolet,chevrolet beat
2017,550000.0,38000.0,Petrol,manual,1,maruti,maruti swift
2013,335000.0,80000.0,Diesel,manual,1,maruti,maruti ritz
2014,185000.0,72000.0,Cng,manual,1,tata,tata indigo
2012,229999.0,75000.0,Cng,manual,1,maruti,maruti eeco
2014,225000.0,43000.0,Petrol,manual,1,maruti,maruti estilo
2007,250000.0,120000.0,Petrol,manual,1,maruti,maruti swift
2015,400000.0,100000.0,Diesel,manual,1,tata,tata zest
2014,470000.0,163000.0,Diesel,manual,1,maruti,maruti swift
2018,300000.0,25000.0,Petrol,automatic,1,maruti,maruti alto
2011,145000.0,25000.0,Petrol,manual,1,maruti,maruti alto
2007,100000.0,90000.0,Petrol,manual,1,maruti,maruti sx4
2014,500000.0,70000.0,Diesel,manual,1,mahindra,mahindra scorpio
2010,130000.0,98000.0,Cng,manual,1,hyundai,hyundai santro
2010,240000.0,81925.0,Diesel,manual,1,chevrolet,chevrolet cruze
2013,150000.0,80000.0,Diesel,manual,1,ford,ford figo
2017,270000.0,40000.0,Petrol,manual,1,renault,renault kwid
2014,400000.0,90000.0,Diesel,manual,1,maruti,maruti swift
2012,200000.0,46000.0,Petrol,manual,1,hyundai,hyundai eon
2012,550000.0,80000.0,Diesel,manual,1,mahindra,mahindra xuv500
2018,325000.0,35000.0,Petrol,manual,1,renault,renault kwid
2017,860000.0,82080.0,Diesel,automatic,1,skoda,skoda rapid
2012,600000.0,200000.0,Diesel,manual,1,mahindra,mahindra xuv500
2009,125000.0,70000.0,Petrol,manual,1,chevrolet,chevrolet spark
2000,60000.0,40000.0,Petrol,manual,1,maruti,maruti 800
2010,300000.0,120000.0,Diesel,manual,1,chevrolet,chevrolet tavera
2007,190000.0,60000.0,Petrol,manual,1,ford,ford fiesta
2013,400000.0,110000.0,Diesel,manual,1,maruti,maruti ertiga
2011,260000.0,97000.0,Diesel,manual,1,tata,tata manza
2017,400000.0,30000.0,Petrol,manual,1,maruti,maruti swift
2010,250000.0,40000.0,Petrol,manual,1,hyundai,hyundai i20
2019,600000.0,10000.0,Petrol,manual,1,hyundai,hyundai grand
2010,175000.0,52047.0,Petrol,manual,1,maruti,maruti zen
2011,450000.0,200000.0,Diesel,manual,1,toyota,toyota innova
2019,350000.0,15000.0,Petrol,automatic,1,tata,tata tiago
2018,800000.0,50000.0,Diesel,manual,1,maruti,maruti vitara
2011,250000.0,70000.0,Petrol,manual,1,maruti,maruti swift
2019,600000.0,10000.0,Petrol,manual,1,maruti,maruti swift
2017,600000.0,90000.0,Diesel,manual,1,maruti,maruti swift
2016,130000.0,40000.0,Petrol,manual,1,maruti,maruti alto
2006,90000.0,62009.0,Petrol,manual,1,maruti,maruti wagon
2017,595000.0,33100.0,Petrol,manual,1,hyundai,hyundai i20
2014,190000.0,40000.0,Petrol,manual,1,hyundai,hyundai eon
1999,50000.0,120000.0,Petrol,manual,1,hyundai,hyundai santro
2007,95000.0,80000.0,Petrol,manual,1,maruti,maruti wagon
2016,1000000.0,70000.0,Diesel,manual,1,tata,tata safari
2006,220000.0,220000.0,Petrol,manual,1,mahindra,mahindra scorpio
2010,400000.0,50000.0,Diesel,manual,1,mahindra,mahindra bolero
2015,315000.0,45000.0,Petrol,manual,1,datsun,datsun go
2014,1000000.0,110000.0,Diesel,manual,1,toyota,toyota fortuner
2014,500000.0,49000.0,Diesel,manual,1,ford,ford ecosport
2017,500000.0,160000.0,Diesel,manual,1,mahindra,mahindra supro
2007,70000.0,180000.0,Petrol,manual,1,maruti,maruti alto
2007,105000.0,60000.0,Petrol,manual,1,maruti,maruti 800
2008,400000.0,110000.0,Diesel,manual,1,ford,ford endeavour
2004,80000.0,60000.0,Petrol,manual,1,maruti,maruti wagon
2016,300000.0,30000.0,Petrol,manual,1,maruti,maruti alto
2017,409999.0,40000.0,Diesel,manual,1,mahindra,mahindra kuv
2009,250000.0,70000.0,Petrol,manual,1,maruti,maruti swift
2010,250000.0,120000.0,Diesel,manual,1,tata,tata new
2012,215000.0,80000.0,Diesel,manual,1,maruti,maruti swift
2015,1400000.0,120000.0,Diesel,manual,1,toyota,toyota fortuner
2018,475000.0,20000.0,Petrol,manual,1,honda,honda brio
2018,475000.0,22000.0,Petrol,manual,1,honda,honda brio
2008,75000.0,35000.0,Petrol,manual,1,chevrolet,chevrolet spark
2013,200000.0,120000.0,Diesel,manual,1,chevrolet,chevrolet sail
2019,575000.0,8000.0,Petrol,manual,1,tata,tata tiago
2011,150000.0,40000.0,Diesel,manual,1,maruti,maruti ritz
2018,850000.0,10000.0,Diesel,manual,1,maruti,maruti vitara
2019,350000.0,30000.0,Petrol,manual,1,hyundai,hyundai santro
2011,550000.0,54000.0,Diesel,manual,1,ford,ford endeavour
2017,330000.0,80577.0,Petrol,manual,1,hyundai,hyundai verna
2017,1044999.0,25000.0,Diesel,manual,1,honda,honda city
2011,300000.0,127500.0,Diesel,manual,1,hyundai,hyundai verna
2015,235000.0,40903.0,Petrol,manual,1,hyundai,hyundai eon
2011,120000.0,60000.0,Petrol,manual,1,ford,ford figo
2004,130000.0,46000.0,Petrol,manual,1,maruti,maruti wagon
2004,275000.0,22288.0,Diesel,manual,1,ford,ford endeavour
2011,270000.0,180000.0,Diesel,manual,1,volkswagen,volkswagen jetta
2015,500000.0,30000.0,Diesel,manual,1,volkswagen,volkswagen polo
2015,400000.0,61690.0,Petrol,manual,1,hyundai,hyundai grand
2015,600000.0,64484.0,Petrol,manual,1,hyundai,hyundai i20
2012,1350000.0,90000.0,Diesel,automatic,1,audi,audi q5
2013,400000.0,75976.0,Diesel,manual,1,renault,renault duster
2011,220000.0,70000.0,Diesel,manual,1,ford,ford figo
2012,300000.0,85962.0,Petrol,manual,1,honda,honda brio
2018,250000.0,120000.0,Petrol,manual,1,maruti,maruti omni
2015,600000.0,120000.0,Diesel,manual,1,honda,honda mobilio
2012,285000.0,75000.0,Petrol,automatic,1,honda,honda brio
2009,350000.0,57035.0,Petrol,manual,1,honda,honda accord
2011,170000.0,70000.0,Diesel,manual,1,mahindra,mahindra bolero
2015,229999.0,45000.0,Petrol,manual,1,ford,ford figo
2013,500000.0,72104.0,Diesel,manual,1,mahindra,mahindra xuv500
2011,75000.0,15000.0,Petrol,manual,1,tata,tata nano
2016,600000.0,30000.0,Petrol,manual,1,hyundai,hyundai i20
2011,220000.0,80000.0,Diesel,manual,1,tata,tata indigo
2009,150000.0,164000.0,Diesel,manual,1,tata,tata indica
2006,65000.0,124439.0,Petrol,manual,1,maruti,maruti alto
2006,120000.0,77000.0,Petrol,manual,1,maruti,maruti zen
2014,240000.0,90000.0,Diesel,manual,1,maruti,maruti swift
2017,390000.0,30000.0,Petrol,manual,1,renault,renault kwid
2012,180000.0,50000.0,Petrol,manual,1,chevrolet,chevrolet beat
2012,320000.0,80000.0,Diesel,manual,1,maruti,maruti swift
2018,310000.0,5000.0,Petrol,manual,1,maruti,maruti alto
2018,420000.0,24000.0,Petrol,automatic,1,maruti,maruti wagon
2019,550000.0,10000.0,Petrol,manual,1,tata,tata tiago
2016,550000.0,78000.0,Diesel,manual,1,maruti,maruti ertiga
2018,760000.0,50000.0,Diesel,manual,1,mahindra,mahindra tuv
2001,43000.0,100000.0,Petrol,manual,1,maruti,maruti 800
2018,250000.0,20000.0,Petrol,manual,1,maruti,maruti omni
2015,380000.0,17152.0,Petrol,manual,1,tata,tata zest
2012,350000.0,77000.0,Diesel,manual,1,volkswagen,volkswagen polo
2008,195000.0,90000.0,Diesel,manual,1,hyundai,hyundai verna
2011,225000.0,80000.0,Petrol,manual,1,chevrolet,chevrolet beat
2015,1125000.0,65000.0,Diesel,manual,1,toyota,toyota innova
2011,133000.0,80000.0,Diesel,manual,1,tata,tata indica
2013,200000.0,24005.0,Petrol,manual,1,hyundai,hyundai eon
2018,940000.0,20000.0,Diesel,manual,1,maruti,maruti vitara
2014,400000.0,120000.0,Diesel,manual,1,renault,renault duster
2009,120000.0,120000.0,Petrol,manual,1,hyundai,hyundai i10
2015,625000.0,80000.0,Diesel,manual,1,maruti,maruti swift
2005,110000.0,80000.0,Petrol,manual,1,maruti,maruti swift
2012,490000.0,100000.0,Diesel,manual,1,renault,renault duster
2009,140000.0,120000.0,Petrol,manual,1,maruti,maruti alto
2011,175000.0,149000.0,Diesel,manual,1,ford,ford figo
2005,90000.0,65000.0,Petrol,manual,1,maruti,maruti wagon
2009,275000.0,100000.0,Diesel,manual,1,maruti,maruti swift
2011,300000.0,65000.0,Diesel,manual,1,volkswagen,volkswagen vento
2018,270000.0,19000.0,Petrol,manual,1,datsun,datsun go
2010,130000.0,80000.0,Petrol,manual,1,chevrolet,chevrolet beat
2015,275000.0,30000.0,Petrol,manual,1,maruti,maruti alto
2012,352000.0,109000.0,Diesel,manual,1,maruti,maruti swift
2012,180000.0,90000.0,Lpg,manual,1,hyundai,hyundai eon
2012,150000.0,90000.0,Petrol,manual,1,maruti,maruti alto
2010,300000.0,110000.0,Diesel,manual,1,maruti,maruti swift
2007,225000.0,120000.0,Diesel,manual,1,mahindra,mahindra bolero
2014,600000.0,44000.0,Diesel,manual,1,honda,honda mobilio
2015,500000.0,80000.0,Petrol,manual,1,maruti,maruti ertiga
2018,900000.0,5000.0,Petrol,manual,1,honda,honda br-v
2016,600000.0,61000.0,Petrol,manual,1,hyundai,hyundai i20
2011,450000.0,100000.0,Diesel,manual,1,toyota,toyota etios
2009,270000.0,27633.0,Petrol,manual,1,hyundai,hyundai i10
2010,310000.0,100000.0,Diesel,manual,1,maruti,maruti swift
2012,250000.0,100000.0,Lpg,manual,1,hyundai,hyundai santro
2019,700000.0,12586.0,Petrol,manual,1,ford,ford figo
2018,650000.0,38083.0,Diesel,manual,1,fiat,fiat avventura
2012,400000.0,55328.0,Diesel,manual,1,ford,ford figo
2012,425000.0,81632.0,Diesel,manual,1,ford,ford figo
2016,600000.0,155201.0,Diesel,manual,1,ford,ford aspire
2013,600000.0,93283.0,Diesel,manual,1,ford,ford ecosport
2009,300000.0,217871.0,Diesel,manual,1,maruti,maruti swift
2012,450000.0,90165.0,Diesel,manual,1,ford,ford fiesta
2014,750000.0,101504.0,Diesel,manual,1,ford,ford ecosport
2010,325000.0,86017.0,Diesel,manual,1,ford,ford figo
2013,900000.0,85036.0,Diesel,manual,1,mahindra,mahindra xuv500
2006,180000.0,91086.0,Petrol,manual,1,ford,ford ikon
2013,350000.0,160254.0,Diesel,manual,1,fiat,fiat punto
2013,600000.0,125531.0,Diesel,manual,1,ford,ford ecosport
2019,900000.0,60000.0,Diesel,manual,1,honda,honda wr-v
2006,350000.0,100000.0,Diesel,manual,1,skoda,skoda laura
2013,280000.0,90000.0,Diesel,manual,1,maruti,maruti ritz
2009,225000.0,120000.0,Diesel,manual,1,mahindra,mahindra xylo
2014,520000.0,82000.0,Diesel,manual,1,honda,honda city
2016,509999.0,60000.0,Diesel,manual,1,mahindra,mahindra scorpio
2019,556000.0,24000.0,Petrol,manual,1,maruti,maruti baleno
2014,225000.0,120000.0,Diesel,manual,1,tata,tata indigo
2013,325000.0,65000.0,Diesel,manual,1,honda,honda amaze
2013,365000.0,65000.0,Diesel,manual,1,maruti,maruti swift
2015,850000.0,84000.0,Diesel,manual,1,hyundai,hyundai creta
2013,350000.0,75000.0,Diesel,manual,1,toyota,toyota etios
2007,225000.0,50000.0,Diesel,manual,1,maruti,maruti swift
2011,135000.0,50000.0,Petrol,manual,1,maruti,maruti alto
2007,140000.0,49000.0,Petrol,manual,1,maruti,maruti wagon
2016,665000.0,560000.0,Diesel,manual,1,maruti,maruti sx4
2015,275000.0,14365.0,Petrol,manual,1,renault,renault kwid
2013,484999.0,65000.0,Diesel,manual,1,hyundai,hyundai verna
2015,565000.0,65000.0,Diesel,manual,1,maruti,maruti ciaz
2013,425000.0,61083.0,Diesel,manual,1,maruti,maruti swift
2013,925000.0,75000.0,Diesel,manual,1,toyota,toyota innova
2012,565000.0,72000.0,Diesel,manual,1,mahindra,mahindra scorpio
2014,525000.0,65000.0,Diesel,manual,1,renault,renault duster
2015,295000.0,21000.0,Petrol,manual,1,hyundai,hyundai eon
2018,1475000.0,11700.0,Petrol,automatic,1,hyundai,hyundai creta
2017,1100000.0,10000.0,Petrol,automatic,1,hyundai,hyundai verna
2016,670000.0,7104.0,Petrol,manual,1,maruti,maruti swift
2015,750000.0,45974.0,Diesel,manual,1,maruti,maruti s-cross
2015,760000.0,55340.0,Petrol,manual,1,hyundai,hyundai verna
2017,850000.0,20000.0,Petrol,automatic,1,volkswagen,volkswagen polo
2015,390000.0,61585.0,Diesel,manual,1,renault,renault pulse
2016,450000.0,39415.0,Petrol,automatic,1,maruti,maruti celerio
2014,425000.0,29654.0,Petrol,manual,1,honda,honda brio
2016,770000.0,64672.0,Diesel,manual,1,maruti,maruti baleno
2015,1150000.0,54634.0,Diesel,automatic,1,hyundai,hyundai creta
2015,775000.0,66521.0,Petrol,manual,1,honda,honda city
2016,535000.0,52600.0,Diesel,manual,1,hyundai,hyundai creta
2012,225000.0,110000.0,Petrol,manual,1,maruti,maruti sx4
2017,550000.0,19890.0,Petrol,automatic,1,hyundai,hyundai grand
2015,625000.0,11918.0,Petrol,manual,1,maruti,maruti ertiga
2017,520000.0,10510.0,Petrol,automatic,1,hyundai,hyundai grand
2016,239000.0,41000.0,Petrol,manual,1,chevrolet,chevrolet beat
2012,229999.0,49824.0,Petrol,manual,1,hyundai,hyundai i10
2013,1300000.0,58500.0,Diesel,automatic,1,audi,audi a6
2005,80000.0,56580.0,Petrol,manual,1,hyundai,hyundai santro
2012,385000.0,52000.0,Diesel,manual,1,skoda,skoda laura
2017,600000.0,46507.0,Diesel,manual,1,maruti,maruti swift
2013,350000.0,50000.0,Petrol,manual,1,hyundai,hyundai i20
2014,114999.0,30000.0,Petrol,manual,1,maruti,maruti alto
2013,380000.0,50000.0,Petrol,manual,1,hyundai,hyundai i20
1995,95000.0,100000.0,Petrol,manual,1,maruti,maruti gypsy
2016,900000.0,35000.0,Diesel,manual,1,mahindra,mahindra scorpio
2012,200999.0,90000.0,Petrol,manual,1,chevrolet,chevrolet beat
2014,229999.0,11451.0,Petrol,manual,1,maruti,maruti omni
2019,800000.0,60000.0,Diesel,manual,1,tata,tata nexon
2012,150000.0,172000.0,Diesel,manual,1,mahindra,mahindra verito
2018,600000.0,60000.0,Diesel,manual,1,maruti,maruti swift
2005,150000.0,150000.0,Diesel,manual,1,chevrolet,chevrolet tavera
2009,150000.0,66000.0,Diesel,manual,1,chevrolet,chevrolet optra
2019,380000.0,5000.0,Petrol,manual,1,maruti,maruti eeco
2006,80000.0,66508.0,Petrol,manual,1,maruti,maruti swift
2007,225000.0,55000.0,Petrol,manual,1,honda,honda civic
2012,75000.0,29900.0,Petrol,manual,1,tata,tata nano
2012,185000.0,85000.0,Diesel,manual,1,tata,tata indica
2011,425000.0,50000.0,Diesel,manual,1,mahindra,mahindra scorpio
2010,100000.0,120000.0,Diesel,manual,1,tata,tata indica
2008,140000.0,90000.0,Petrol,manual,1,maruti,maruti zen
2017,710000.0,8000.0,Petrol,automatic,1,maruti,maruti swift
2015,450000.0,7900.0,Petrol,automatic,1,honda,honda amaze
2017,210000.0,50000.0,Petrol,manual,1,datsun,datsun redigo
2016,270000.0,25000.0,Petrol,manual,1,maruti,maruti alto
2009,110000.0,20000.0,Petrol,manual,1,maruti,maruti alto
2018,540000.0,17500.0,Petrol,manual,1,maruti,maruti swift
2008,145000.0,25000.0,Petrol,manual,1,mahindra,mahindra renault
2013,360000.0,206500.0,Diesel,manual,1,tata,tata safari
2013,250000.0,88600.0,Lpg,manual,1,hyundai,hyundai i10
2012,110000.0,80000.0,Diesel,manual,1,tata,tata venture
2008,250000.0,100000.0,Diesel,manual,1,chevrolet,chevrolet captiva
2011,150000.0,186000.0,Diesel,manual,1,ford,ford fiesta
2010,140000.0,60000.0,Petrol,manual,1,chevrolet,chevrolet aveo
2019,925000.0,11000.0,Petrol,manual,1,maruti,maruti ciaz
2017,969999.0,30000.0,Diesel,manual,1,tata,tata hexa
2007,90000.0,80000.0,Cng,manual,1,hyundai,hyundai santro
2001,55000.0,60000.0,Petrol,manual,1,hyundai,hyundai santro
2007,155000.0,100000.0,Diesel,manual,1,hyundai,hyundai verna
2019,900000.0,15000.0,Diesel,manual,1,mahindra,mahindra thar
2011,135000.0,90000.0,Petrol,manual,1,maruti,maruti alto
2012,180000.0,120000.0,Petrol,manual,1,maruti,maruti 800
2013,495000.0,100000.0,Diesel,manual,1,hyundai,hyundai verna
2009,400000.0,138000.0,Diesel,manual,1,toyota,toyota innova
2008,250000.0,110000.0,Diesel,manual,1,hyundai,hyundai verna
2015,138000.0,120000.0,Petrol,manual,1,maruti,maruti alto
2011,311000.0,70000.0,Petrol,automatic,1,honda,honda city
2015,190000.0,70000.0,Petrol,manual,1,maruti,maruti alto
2011,311000.0,140000.0,Diesel,manual,1,mahindra,mahindra bolero
2009,300000.0,15000.0,Petrol,manual,1,maruti,maruti ritz
2018,600000.0,20000.0,Petrol,manual,1,honda,honda jazz
2009,550000.0,100000.0,Diesel,manual,1,mahindra,mahindra scorpio
2015,600000.0,70000.0,Petrol,automatic,1,skoda,skoda rapid
2018,195000.0,5000.0,Petrol,manual,1,maruti,maruti alto
2013,58000.0,27974.0,Petrol,manual,1,tata,tata nano
2018,183000.0,40000.0,Petrol,manual,1,maruti,maruti alto
2007,95000.0,80000.0,Petrol,manual,1,maruti,maruti zen
2013,250000.0,38000.0,Petrol,manual,1,maruti,maruti wagon
2014,400000.0,35000.0,Petrol,manual,1,tata,tata zest
2012,409999.0,60000.0,Diesel,manual,1,hyundai,hyundai verna
2004,120000.0,120000.0,Diesel,manual,1,skoda,skoda octavia
2018,600000.0,18000.0,Petrol,automatic,1,maruti,maruti swift
2016,600000.0,10000.0,Petrol,manual,1,honda,honda amaze
2015,825000.0,90000.0,Diesel,manual,1,mahindra,mahindra xuv500
2016,625000.0,80000.0,Diesel,manual,1,toyota,toyota etios
2011,160000.0,60000.0,Petrol,manual,1,chevrolet,chevrolet beat
2011,114999.0,60000.0,Petrol,manual,1,maruti,maruti alto
2009,150000.0,53000.0,Petrol,manual,1,maruti,maruti wagon
2010,250000.0,100000.0,Diesel,manual,1,volkswagen,volkswagen jetta
2012,390000.0,86000.0,Diesel,manual,1,hyundai,hyundai verna
2015,650000.0,100000.0,Diesel,manual,1,renault,renault duster
2016,600000.0,30000.0,Diesel,manual,1,hyundai,hyundai xcent
2011,250000.0,120000.0,Petrol,manual,1,hyundai,hyundai i20
2011,229999.0,60000.0,Lpg,manual,1,hyundai,hyundai santro
2016,299000.0,50000.0,Diesel,manual,1,maruti,maruti ritz
2010,330000.0,124000.0,Diesel,manual,1,chevrolet,chevrolet cruze
2012,180000.0,100000.0,Petrol,manual,1,hyundai,hyundai accent
2017,475000.0,42000.0,Petrol,manual,1,hyundai,hyundai grand
2015,325000.0,100000.0,Diesel,manual,1,hyundai,hyundai grand
2016,639000.0,28205.0,Petrol,manual,1,honda,honda city
2017,415000.0,32670.0,Petrol,automatic,1,maruti,maruti celerio
2016,1199000.0,30093.0,Diesel,automatic,1,hyundai,hyundai creta
2013,525000.0,56228.0,Cng,manual,1,maruti,maruti ertiga
2013,425000.0,59319.0,Petrol,manual,1,hyundai,hyundai verna
2016,699000.0,39503.0,Diesel,manual,1,maruti,maruti vitara
2013,325000.0,35299.0,Petrol,manual,1,hyundai,hyundai grand
2011,275000.0,51687.0,Petrol,manual,1,toyota,toyota etios
2011,269000.0,76259.0,Petrol,automatic,1,volkswagen,volkswagen vento
2013,399000.0,44049.0,Diesel,manual,1,volkswagen,volkswagen polo
2017,475000.0,45087.0,Diesel,manual,1,mahindra,mahindra kuv
2011,249000.0,41125.0,Petrol,manual,1,toyota,toyota etios
2011,254999.0,54206.0,Petrol,manual,1,volkswagen,volkswagen polo
2012,269000.0,52547.0,Petrol,manual,1,skoda,skoda rapid
2014,665000.0,59110.0,Diesel,manual,1,maruti,maruti ertiga
2014,299000.0,54565.0,Petrol,manual,1,maruti,maruti wagon
2010,265000.0,47564.0,Petrol,manual,1,hyundai,hyundai i20
2010,211000.0,45143.0,Petrol,manual,1,volkswagen,volkswagen polo
2013,599000.0,61624.0,Petrol,automatic,1,skoda,skoda superb
2007,55000.0,195000.0,Diesel,manual,1,tata,tata indigo
2014,550000.0,50000.0,Diesel,manual,1,hyundai,hyundai verna
2010,220000.0,120000.0,Diesel,manual,1,tata,tata sumo
2019,500000.0,20000.0,Petrol,manual,1,maruti,maruti swift
2010,140000.0,30000.0,Petrol,manual,1,maruti,maruti alto
2013,325000.0,60000.0,Diesel,manual,1,maruti,maruti swift
2010,210000.0,90000.0,Petrol,manual,1,hyundai,hyundai i20
2008,110000.0,90000.0,Petrol,manual,1,maruti,maruti alto
2019,1200000.0,25000.0,Diesel,manual,1,hyundai,hyundai verna
2017,229999.0,40000.0,Petrol,manual,1,maruti,maruti alto
2006,165000.0,132000.0,Petrol,manual,1,maruti,maruti alto
2018,525000.0,10980.0,Petrol,automatic,1,tata,tata tiago
2018,325000.0,20629.0,Petrol,manual,1,hyundai,hyundai eon
2015,400000.0,30000.0,Petrol,automatic,1,hyundai,hyundai grand
2015,550000.0,69782.0,Petrol,manual,1,maruti,maruti ciaz
2003,98000.0,54000.0,Petrol,manual,1,maruti,maruti 800
2013,900000.0,63654.0,Diesel,manual,1,mahindra,mahindra xuv500
2017,700000.0,60000.0,Diesel,manual,1,renault,renault lodgy
2015,890000.0,52000.0,Diesel,manual,1,mahindra,mahindra scorpio
2015,490000.0,59385.0,Diesel,manual,1,maruti,maruti swift
2015,525000.0,70378.0,Petrol,manual,1,hyundai,hyundai i20
2013,330000.0,55425.0,Petrol,manual,1,maruti,maruti wagon
2013,550000.0,78413.0,Diesel,manual,1,mahindra,mahindra bolero
2018,790000.0,40890.0,Diesel,manual,1,mahindra,mahindra bolero
2015,350000.0,34823.0,Petrol,manual,1,honda,honda brio
2017,750000.0,55545.0,Diesel,manual,1,maruti,maruti ciaz
2014,409999.0,56541.0,Diesel,manual,1,honda,honda amaze
2016,220000.0,43700.0,Petrol,manual,1,hyundai,hyundai eon
2009,68000.0,120000.0,Petrol,manual,1,tata,tata indica
2017,290000.0,20000.0,Petrol,manual,1,hyundai,hyundai eon
2014,600000.0,27483.0,Diesel,manual,1,honda,honda city
2019,470000.0,8000.0,Petrol,manual,1,maruti,maruti swift
2008,150000.0,30000.0,Petrol,manual,1,hyundai,hyundai i10
2014,180000.0,56207.0,Petrol,manual,1,maruti,maruti alto
2006,80000.0,70000.0,Petrol,manual,1,maruti,maruti zen
2019,300000.0,50000.0,Petrol,manual,1,maruti,maruti alto
2017,1330000.0,91195.0,Diesel,manual,1,toyota,toyota innova
2011,220000.0,63657.0,Diesel,manual,1,volkswagen,volkswagen polo
2013,250000.0,60000.0,Diesel,manual,1,mahindra,mahindra verito
2016,919999.0,75000.0,Diesel,manual,1,toyota,toyota innova
2013,380000.0,97248.0,Petrol,manual,1,volkswagen,volkswagen vento
2012,450000.0,46000.0,Diesel,manual,1,maruti,maruti swift
2016,770000.0,10000.0,Petrol,automatic,1,hyundai,hyundai verna
2018,550000.0,80000.0,Diesel,manual,1,maruti,maruti swift
2011,320000.0,100000.0,Diesel,manual,1,tata,tata new
2013,400000.0,35000.0,Petrol,manual,1,maruti,maruti sx4
2017,450000.0,50000.0,Petrol,automatic,1,maruti,maruti celerio
2011,220000.0,90000.0,Diesel,manual,1,maruti,maruti sx4
2012,400000.0,150000.0,Diesel,manual,1,mahindra,mahindra xuv500
2013,530000.0,89000.0,Petrol,manual,1,hyundai,hyundai verna
2014,390000.0,60000.0,Diesel,manual,1,maruti,maruti swift
2012,185000.0,100000.0,Diesel,manual,1,fiat,fiat grande
2012,300000.0,100000.0,Petrol,manual,1,maruti,maruti sx4
2014,575000.0,90000.0,Diesel,manual,1,maruti,maruti swift
2014,300000.0,75000.0,Petrol,manual,1,maruti,maruti wagon
2017,425000.0,36000.0,Diesel,manual,1,toyota,toyota etios
2016,350000.0,12000.0,Petrol,manual,1,hyundai,hyundai xcent
2017,550000.0,12997.0,Diesel,manual,1,honda,honda amaze
2017,500000.0,40000.0,Petrol,automatic,1,maruti,maruti ciaz
2015,600000.0,60000.0,Diesel,manual,1,mahindra,mahindra scorpio
2013,300000.0,25000.0,Diesel,manual,1,mahindra,mahindra quanto
2018,1150000.0,26430.0,Diesel,manual,1,hyundai,hyundai verna
2015,475000.0,24600.0,Petrol,manual,1,maruti,maruti swift
2011,260000.0,28481.0,Petrol,manual,1,maruti,maruti wagon
2013,350000.0,100000.0,Petrol,manual,1,ford,ford ecosport
2013,750000.0,41988.0,Diesel,manual,1,mahindra,mahindra xuv500
2009,180000.0,30375.0,Petrol,manual,1,maruti,maruti wagon
2017,350000.0,7658.0,Petrol,automatic,1,renault,renault kwid
2017,611000.0,34400.0,Diesel,manual,1,maruti,maruti swift
2017,325000.0,18500.0,Petrol,manual,1,renault,renault kwid
2012,225000.0,48000.0,Petrol,manual,1,hyundai,hyundai eon
2014,300000.0,28942.0,Petrol,automatic,1,maruti,maruti wagon
2017,400000.0,50000.0,Diesel,manual,1,mahindra,mahindra bolero
2012,711000.0,53600.0,Diesel,manual,1,mahindra,mahindra xuv500
2015,851000.0,53652.0,Diesel,manual,1,toyota,toyota innova
2014,500000.0,25000.0,Petrol,manual,1,maruti,maruti ertiga
2007,250000.0,80000.0,Diesel,manual,1,toyota,toyota innova
2017,150000.0,50000.0,Petrol,manual,1,maruti,maruti alto
2016,610000.0,15000.0,Diesel,manual,1,mahindra,mahindra scorpio
2018,450000.0,5000.0,Petrol,manual,1,mahindra,mahindra kuv
2017,744000.0,106000.0,Diesel,manual,1,hyundai,hyundai i20
2008,120000.0,100000.0,Petrol,manual,1,chevrolet,chevrolet spark
2016,220000.0,60000.0,Petrol,manual,1,renault,renault kwid
2012,480000.0,120000.0,Diesel,manual,1,maruti,maruti ertiga
2017,370000.0,82000.0,Petrol,automatic,1,maruti,maruti celerio
2003,55000.0,35000.0,Diesel,manual,1,fiat,fiat palio
2013,125000.0,205000.0,Petrol,manual,1,hyundai,hyundai eon
2011,260000.0,125000.0,Diesel,manual,1,hyundai,hyundai verna
2015,350000.0,130000.0,Diesel,manual,1,fiat,fiat linea
2012,170000.0,97000.0,Cng,manual,1,maruti,maruti alto
2015,350000.0,90000.0,Petrol,manual,1,hyundai,hyundai grand
2009,250000.0,60000.0,Petrol,manual,1,maruti,maruti swift
2013,170000.0,60000.0,Diesel,manual,1,tata,tata indigo
2018,1300000.0,35000.0,Diesel,manual,1,mahindra,mahindra scorpio
2019,550000.0,25000.0,Petrol,manual,1,hyundai,hyundai grand
2017,400000.0,15000.0,Petrol,manual,1,honda,honda brio
2011,120000.0,20000.0,Petrol,manual,1,tata,tata nano
2010,275000.0,70000.0,Petrol,manual,1,ford,ford figo
2016,285000.0,90000.0,Petrol,manual,1,tata,tata zest
2016,900000.0,80000.0,Diesel,manual,1,hyundai,hyundai creta
2013,620000.0,70000.0,Diesel,manual,1,hyundai,hyundai verna
2018,650000.0,15000.0,Petrol,manual,1,ford,ford figo
2014,500000.0,35000.0,Petrol,manual,1,maruti,maruti ertiga
2009,250000.0,120000.0,Diesel,manual,1,tata,tata new
2018,950000.0,15000.0,Diesel,manual,1,mahindra,mahindra marazzo
2015,320000.0,60000.0,Petrol,manual,1,toyota,toyota etios
2013,450000.0,120000.0,Diesel,manual,1,renault,renault duster
2016,350000.0,90000.0,Diesel,manual,1,mahindra,mahindra kuv
2015,400000.0,90000.0,Petrol,manual,1,maruti,maruti swift
2009,250000.0,72000.0,Diesel,manual,1,hyundai,hyundai i20
2011,550000.0,197000.0,Petrol,manual,1,toyota,toyota innova
1999,85000.0,70000.0,Petrol,manual,1,maruti,maruti zen
2001,52000.0,50000.0,Petrol,manual,1,hyundai,hyundai santro
2017,1200000.0,50000.0,Diesel,automatic,1,tata,tata hexa
2011,450000.0,60000.0,Petrol,automatic,1,hyundai,hyundai verna
2018,615000.0,40000.0,Petrol,manual,1,maruti,maruti swift
2012,400000.0,60000.0,Diesel,manual,1,maruti,maruti sx4
2013,60000.0,40000.0,Petrol,manual,1,tata,tata nano
2017,500000.0,9161.0,Petrol,manual,1,maruti,maruti ignis
2015,600000.0,45000.0,Petrol,manual,1,honda,honda mobilio
2010,110000.0,110000.0,Petrol,manual,1,hyundai,hyundai getz
2013,175000.0,80000.0,Petrol,manual,1,hyundai,hyundai santro
2011,325000.0,100000.0,Diesel,manual,1,ford,ford fiesta
2017,425000.0,90000.0,Diesel,manual,1,maruti,maruti swift
2009,160000.0,70000.0,Cng,manual,1,hyundai,hyundai accent
2007,100000.0,80000.0,Petrol,manual,1,maruti,maruti zen
2014,390000.0,110000.0,Diesel,manual,1,maruti,maruti swift
2017,400000.0,50000.0,Petrol,manual,1,hyundai,hyundai i20
2018,509999.0,5000.0,Petrol,manual,1,tata,tata tigor
2008,150000.0,90000.0,Petrol,manual,1,hyundai,hyundai i10
2009,110000.0,120000.0,Petrol,manual,1,hyundai,hyundai santro
2013,450000.0,80000.0,Diesel,manual,1,nissan,nissan sunny
2017,400000.0,38000.0,Petrol,manual,1,hyundai,hyundai i20
2009,140000.0,120000.0,Petrol,manual,1,hyundai,hyundai santro
2011,130000.0,90000.0,Diesel,manual,1,tata,tata indigo
2017,160000.0,50000.0,Petrol,manual,1,maruti,maruti alto
2016,150000.0,60000.0,Petrol,manual,1,maruti,maruti alto
2013,500000.0,100000.0,Diesel,manual,1,mahindra,mahindra xuv500
2011,40000.0,19000.0,Petrol,manual,1,tata,tata nano
2006,140000.0,200000.0,Diesel,manual,1,chevrolet,chevrolet tavera
2015,227000.0,70000.0,Diesel,manual,1,mahindra,mahindra verito
2011,285000.0,50000.0,Diesel,manual,1,maruti,maruti swift
2012,155000.0,19077.0,Petrol,manual,1,maruti,maruti alto
2016,210000.0,30000.0,Petrol,manual,1,hyundai,hyundai eon
2009,140000.0,80000.0,Petrol,manual,1,maruti,maruti alto
2015,940000.0,128000.0,Diesel,manual,1,toyota,toyota innova
2013,750000.0,80000.0,Diesel,manual,1,nissan,nissan terrano
2016,610000.0,100000.0,Diesel,manual,1,maruti,maruti baleno
2015,450000.0,50000.0,Diesel,manual,1,nissan,nissan sunny
2012,409999.0,56000.0,Diesel,manual,1,toyota,toyota etios
2018,100000.0,21302.0,Petrol,manual,1,hyundai,hyundai eon
2018,300000.0,10500.0,Petrol,manual,1,renault,renault kwid
2013,400000.0,107000.0,Diesel,manual,1,mahindra,mahindra bolero
2010,210000.0,60000.0,Petrol,manual,1,hyundai,hyundai i10
2006,90000.0,120000.0,Petrol,manual,1,hyundai,hyundai santro
2010,222000.0,70000.0,Petrol,manual,1,maruti,maruti wagon
2015,240000.0,50000.0,Petrol,manual,1,maruti,maruti alto
2013,450000.0,70000.0,Diesel,manual,1,toyota,toyota etios
2012,735000.0,55300.0,Diesel,automatic,1,volkswagen,volkswagen jetta
2012,285000.0,74300.0,Diesel,manual,1,tata,tata indica
2010,350000.0,48781.0,Petrol,manual,1,honda,honda city
2010,290000.0,87620.0,Diesel,automatic,1,volkswagen,volkswagen jetta
2017,890000.0,40219.0,Diesel,automatic,1,volkswagen,volkswagen vento
2011,385000.0,11473.0,Petrol,manual,1,honda,honda jazz
2017,425000.0,8352.0,Petrol,manual,1,maruti,maruti eeco
2017,525000.0,9745.0,Petrol,automatic,1,maruti,maruti wagon
2017,550000.0,9748.0,Petrol,manual,1,hyundai,hyundai grand
2012,271000.0,49000.0,Petrol,manual,1,volkswagen,volkswagen polo
2018,1490000.0,20694.0,Diesel,manual,1,hyundai,hyundai creta
2015,490000.0,31080.0,Petrol,manual,1,hyundai,hyundai grand
2014,260000.0,37605.0,Petrol,manual,1,hyundai,hyundai eon
2014,455000.0,55850.0,Diesel,manual,1,hyundai,hyundai xcent
2010,75000.0,58850.0,Petrol,manual,1,tata,tata nano
2015,421000.0,23839.0,Petrol,manual,1,toyota,toyota etios
2016,550000.0,54000.0,Diesel,manual,1,maruti,maruti swift
2013,330000.0,38000.0,Petrol,automatic,1,hyundai,hyundai i10
2012,390000.0,45454.0,Diesel,manual,1,volkswagen,volkswagen vento
2015,599000.0,46957.0,Diesel,automatic,1,skoda,skoda rapid
2007,110000.0,60000.0,Petrol,manual,1,hyundai,hyundai getz
2016,250000.0,25000.0,Petrol,manual,1,renault,renault kwid
2012,600000.0,110000.0,Diesel,manual,1,mahindra,mahindra scorpio
2008,280000.0,190000.0,Diesel,manual,1,ford,ford endeavour
2008,80000.0,90000.0,Petrol,manual,1,mahindra,mahindra renault
2019,350000.0,5000.0,Petrol,manual,1,maruti,maruti alto
2015,475000.0,60000.0,Diesel,manual,1,maruti,maruti swift
2018,500000.0,50000.0,Diesel,manual,1,maruti,maruti swift
2014,250000.0,120000.0,Diesel,manual,1,chevrolet,chevrolet sail
2005,100000.0,120000.0,Diesel,manual,1,hyundai,hyundai accent
2005,95000.0,120000.0,Petrol,manual,1,hyundai,hyundai santro
2015,409999.0,58000.0,Diesel,manual,1,hyundai,hyundai grand
2018,1050000.0,35000.0,Diesel,manual,1,mahindra,mahindra xuv500
2017,320000.0,30000.0,Petrol,manual,1,maruti,maruti alto
2019,1000000.0,10000.0,Diesel,manual,1,mahindra,mahindra xuv300
2018,950000.0,20000.0,Diesel,manual,1,mahindra,mahindra thar
2018,750000.0,50000.0,Diesel,manual,1,maruti,maruti swift
2014,220000.0,42000.0,Petrol,manual,1,hyundai,hyundai eon
2017,1000000.0,50000.0,Diesel,manual,1,tata,tata hexa
2017,660000.0,116000.0,Diesel,manual,1,honda,honda mobilio
2015,716000.0,100000.0,Diesel,manual,1,maruti,maruti ertiga
2015,675000.0,66000.0,Petrol,manual,1,maruti,maruti ciaz
2010,385000.0,110000.0,Diesel,manual,1,mahindra,mahindra scorpio
2014,325000.0,70000.0,Diesel,manual,1,fiat,fiat grande
2015,950000.0,60000.0,Diesel,manual,1,hyundai,hyundai creta
2007,400000.0,110000.0,Diesel,automatic,1,ford,ford endeavour
2014,250000.0,25000.0,Diesel,manual,1,tata,tata indica
2014,210000.0,20000.0,Petrol,manual,1,maruti,maruti alto
2011,147000.0,110000.0,Petrol,manual,1,hyundai,hyundai i10
2018,725000.0,26350.0,Diesel,manual,1,maruti,maruti vitara
2012,550000.0,90000.0,Diesel,manual,1,mahindra,mahindra scorpio
2016,475000.0,25000.0,Petrol,manual,1,hyundai,hyundai i20
2014,250000.0,50000.0,Petrol,manual,1,hyundai,hyundai santro
2006,70000.0,60000.0,Petrol,manual,1,tata,tata indica
2012,160000.0,70000.0,Petrol,manual,1,hyundai,hyundai eon
2011,1000000.0,90000.0,Diesel,automatic,1,ford,ford endeavour
2001,68000.0,70000.0,Petrol,manual,1,hyundai,hyundai santro
2017,500000.0,26500.0,Petrol,manual,1,hyundai,hyundai grand
2020,1050000.0,10000.0,Diesel,manual,1,hyundai,hyundai creta
2017,900000.0,50000.0,Diesel,manual,1,hyundai,hyundai verna
2007,100000.0,52000.0,Petrol,manual,1,maruti,maruti alto
2013,300000.0,90000.0,Diesel,manual,1,hyundai,hyundai i20
2011,140000.0,60000.0,Diesel,manual,1,tata,tata indigo
2018,550000.0,35000.0,Petrol,manual,1,ford,ford figo
2012,650000.0,71042.0,Diesel,manual,1,mahindra,mahindra xuv500
2012,1025000.0,167870.0,Diesel,manual,1,mitsubishi,mitsubishi pajero
2011,195000.0,133564.0,Diesel,manual,1,ford,ford fiesta
2013,1490000.0,40000.0,Diesel,automatic,1,bmw,bmw 3
2018,1140000.0,23038.0,Petrol,automatic,1,honda,honda city
2011,95000.0,70000.0,Diesel,manual,1,chevrolet,chevrolet beat
2017,585000.0,43608.0,Petrol,manual,1,maruti,maruti baleno
2018,825000.0,11212.0,Petrol,automatic,1,maruti,maruti baleno
2013,280000.0,52000.0,Diesel,manual,1,hyundai,hyundai i20
2016,725000.0,49217.0,Petrol,manual,1,maruti,maruti baleno
2015,300000.0,90000.0,Diesel,manual,1,mahindra,mahindra verito
2015,375000.0,70000.0,Petrol,manual,1,hyundai,hyundai xcent
2003,310000.0,90000.0,Petrol,manual,1,honda,honda city
2011,375000.0,190000.0,Diesel,manual,1,maruti,maruti swift
2012,400000.0,80000.0,Diesel,manual,1,tata,tata xenon
2014,550000.0,80000.0,Diesel,manual,1,nissan,nissan terrano
2018,270000.0,20000.0,Petrol,manual,1,maruti,maruti eeco
2012,555000.0,110000.0,Diesel,manual,1,maruti,maruti ertiga
2013,500000.0,60000.0,Diesel,manual,1,ford,ford ecosport
2010,400000.0,130000.0,Diesel,automatic,1,skoda,skoda laura
2017,280000.0,28838.0,Petrol,manual,1,hyundai,hyundai eon
2008,80000.0,200000.0,Petrol,manual,1,tata,tata indica
2006,55000.0,100000.0,Diesel,manual,1,tata,tata indica
2014,250000.0,50000.0,Petrol,manual,1,maruti,maruti alto
2010,250000.0,190000.0,Diesel,manual,1,mahindra,mahindra bolero
2007,95000.0,100000.0,Diesel,manual,1,mahindra,mahindra jeep
2014,725000.0,135000.0,Diesel,manual,1,mahindra,mahindra scorpio
2015,320000.0,50000.0,Diesel,manual,1,mahindra,mahindra bolero
2014,1200000.0,135000.0,Diesel,automatic,1,skoda,skoda octavia
2012,160000.0,50000.0,Diesel,manual,1,chevrolet,chevrolet beat
2018,790000.0,19571.0,Diesel,manual,1,honda,honda jazz
2018,1200000.0,29600.0,Petrol,manual,1,honda,honda city
2011,175000.0,70000.0,Petrol,manual,1,maruti,maruti swift
2018,950000.0,15000.0,Diesel,automatic,1,maruti,maruti vitara
2019,340000.0,50000.0,Petrol,manual,1,maruti,maruti celerio
2017,825000.0,13500.0,Diesel,manual,1,renault,renault captur
2018,780000.0,25000.0,Diesel,manual,1,honda,honda amaze
2010,350000.0,80000.0,Petrol,automatic,1,toyota,toyota corolla
2018,690000.0,39000.0,Petrol,manual,1,honda,honda amaze
2016,245000.0,60000.0,Petrol,manual,1,maruti,maruti alto
2018,790000.0,49000.0,Diesel,manual,1,honda,honda amaze
2018,680000.0,48600.0,Petrol,manual,1,honda,honda amaze
2017,540000.0,20000.0,Petrol,manual,1,hyundai,hyundai grand
2016,425000.0,25000.0,Petrol,manual,1,mahindra,mahindra kuv
2008,140000.0,120000.0,Petrol,manual,1,maruti,maruti zen
2019,1100000.0,30000.0,Diesel,manual,1,maruti,maruti ertiga
2015,715000.0,35000.0,Diesel,manual,1,renault,renault lodgy
2018,400000.0,54000.0,Petrol,manual,1,tata,tata zest
2005,114999.0,90000.0,Petrol,manual,1,hyundai,hyundai santro
2018,950000.0,21394.0,Diesel,manual,1,ford,ford ecosport
2015,310000.0,32686.0,Petrol,manual,1,datsun,datsun go
2017,490000.0,22000.0,Diesel,manual,1,renault,renault pulse
2017,480000.0,53261.0,Petrol,manual,1,hyundai,hyundai grand
2018,370000.0,10000.0,Petrol,manual,1,renault,renault kwid
2017,835000.0,14000.0,Diesel,manual,1,maruti,maruti baleno
2017,650000.0,44000.0,Petrol,manual,1,volkswagen,volkswagen polo
2014,670000.0,39895.0,Diesel,manual,1,toyota,toyota etios
2017,950000.0,73000.0,Diesel,automatic,1,chevrolet,chevrolet cruze
2014,690000.0,17000.0,Petrol,manual,1,honda,honda city
2017,670000.0,18591.0,Petrol,manual,1,volkswagen,volkswagen polo
2017,925000.0,26766.0,Diesel,manual,1,tata,tata nexon
2015,250000.0,30000.0,Petrol,manual,1,hyundai,hyundai eon
2016,509999.0,42000.0,Diesel,manual,1,tata,tata sumo
2014,520000.0,110000.0,Diesel,manual,1,honda,honda city
2005,100000.0,100000.0,Diesel,manual,1,tata,tata indica
2006,85000.0,300000.0,Diesel,manual,1,tata,tata indica
2009,130000.0,110000.0,Diesel,manual,1,tata,tata indigo
2018,950000.0,27620.0,Diesel,manual,1,ford,ford ecosport
2015,450000.0,70000.0,Petrol,manual,1,ford,ford figo
2012,320000.0,50000.0,Petrol,manual,1,honda,honda city
2015,480000.0,50000.0,Diesel,manual,1,maruti,maruti swift
2012,790000.0,82000.0,Diesel,manual,1,toyota,toyota innova
2016,120000.0,120000.0,Petrol,manual,1,maruti,maruti omni
2006,75000.0,80000.0,Petrol,manual,1,maruti,maruti alto
2010,99000.0,70000.0,Petrol,manual,1,tata,tata indica
2018,1015000.0,20000.0,Diesel,manual,1,maruti,maruti s-cross
2013,250000.0,200000.0,Diesel,manual,1,mahindra,mahindra xylo
2011,520000.0,120000.0,Diesel,manual,1,toyota,toyota innova
2018,1100000.0,30000.0,Diesel,automatic,1,hyundai,hyundai verna
2005,200000.0,223000.0,Diesel,manual,1,toyota,toyota innova
2016,525000.0,60000.0,Diesel,manual,1,maruti,maruti swift
2016,500000.0,40000.0,Petrol,manual,1,hyundai,hyundai i20
2016,675000.0,161327.0,Diesel,manual,1,mahindra,mahindra scorpio
2009,150000.0,60000.0,Petrol,manual,1,hyundai,hyundai i10
2007,250000.0,50000.0,Diesel,manual,1,mahindra,mahindra bolero
2018,450000.0,6000.0,Petrol,manual,1,hyundai,hyundai grand
2009,150000.0,68000.0,Petrol,manual,1,hyundai,hyundai santro
2012,200000.0,85000.0,Diesel,manual,1,chevrolet,chevrolet beat
2011,525000.0,70000.0,Diesel,automatic,1,mahindra,mahindra scorpio
1999,60000.0,35000.0,Petrol,manual,1,maruti,maruti esteem
2010,180000.0,100000.0,Diesel,manual,1,maruti,maruti swift
2015,475000.0,110000.0,Diesel,manual,1,honda,honda amaze
2010,380000.0,195000.0,Diesel,automatic,1,mahindra,mahindra scorpio
2015,285000.0,46000.0,Petrol,manual,1,maruti,maruti alto
2008,91200.0,60000.0,Petrol,manual,1,maruti,maruti alto
2015,400000.0,42000.0,Diesel,manual,1,hyundai,hyundai grand
2006,160000.0,90000.0,Petrol,automatic,1,hyundai,hyundai santro
2012,650000.0,85000.0,Diesel,manual,1,skoda,skoda yeti
2012,409999.0,120000.0,Diesel,manual,1,hyundai,hyundai verna
2013,425000.0,72000.0,Diesel,manual,1,ford,ford ecosport
2013,250000.0,71000.0,Cng,manual,1,maruti,maruti wagon
2009,200000.0,110000.0,Petrol,manual,1,maruti,maruti swift
2010,130000.0,144000.0,Diesel,manual,1,volkswagen,volkswagen polo
2017,260000.0,30000.0,Petrol,manual,1,maruti,maruti eeco
2007,155000.0,65000.0,Petrol,manual,1,hyundai,hyundai verna
2015,450000.0,38000.0,Diesel,manual,1,honda,honda jazz
2012,220000.0,90000.0,Petrol,manual,1,maruti,maruti sx4
2018,650000.0,37000.0,Diesel,manual,1,hyundai,hyundai i20
2018,285000.0,30000.0,Petrol,manual,1,maruti,maruti alto
2018,725000.0,26000.0,Petrol,automatic,1,honda,honda amaze
2016,625000.0,30000.0,Petrol,manual,1,maruti,maruti ciaz
2016,550000.0,23000.0,Petrol,manual,1,hyundai,hyundai i20
2012,240000.0,40000.0,Petrol,manual,1,hyundai,hyundai i10
2014,600000.0,27000.0,Diesel,manual,1,nissan,nissan terrano
2012,350000.0,65000.0,Diesel,manual,1,tata,tata new
2015,245000.0,32000.0,Petrol,manual,1,hyundai,hyundai eon
2016,600000.0,56000.0,Diesel,manual,1,mahindra,mahindra bolero
2014,620000.0,80000.0,Diesel,manual,1,mahindra,mahindra scorpio
2014,395000.0,52000.0,Petrol,manual,1,maruti,maruti swift
2014,635000.0,13250.0,Petrol,manual,1,maruti,maruti ertiga
2011,180000.0,36000.0,Petrol,manual,1,maruti,maruti alto
2015,484999.0,73000.0,Diesel,manual,1,maruti,maruti swift
2004,110000.0,60000.0,Petrol,manual,1,maruti,maruti alto
2006,150000.0,60000.0,Petrol,manual,1,maruti,maruti wagon
2012,400000.0,110000.0,Diesel,manual,1,chevrolet,chevrolet tavera
2012,200000.0,70000.0,Diesel,manual,1,tata,tata indica
2013,302000.0,60000.0,Diesel,manual,1,renault,renault duster
2011,215000.0,90000.0,Diesel,manual,1,maruti,maruti swift
2004,155000.0,80000.0,Petrol,manual,1,maruti,maruti wagon
2014,1000000.0,101000.0,Diesel,manual,1,toyota,toyota innova
2018,550000.0,44000.0,Diesel,manual,1,mahindra,mahindra bolero
2006,200000.0,45000.0,Petrol,manual,1,maruti,maruti swift
2017,750000.0,120000.0,Diesel,manual,1,mahindra,mahindra scorpio
2005,90000.0,90000.0,Petrol,manual,1,maruti,maruti zen
2007,80000.0,120000.0,Petrol,manual,1,maruti,maruti wagon
2013,229999.0,13500.0,Petrol,manual,1,hyundai,hyundai eon
2017,350000.0,10000.0,Petrol,manual,1,renault,renault kwid
2015,325000.0,25000.0,Petrol,manual,1,hyundai,hyundai grand
2018,450000.0,8500.0,Petrol,manual,1,tata,tata tigor
2012,250000.0,120000.0,Diesel,manual,1,maruti,maruti sx4
2012,225000.0,120000.0,Diesel,manual,1,volkswagen,volkswagen polo
2009,150000.0,90246.0,Petrol,manual,1,maruti,maruti alto
2010,150000.0,40000.0,Petrol,manual,1,maruti,maruti alto
2000,165000.0,60000.0,Petrol,manual,1,maruti,maruti gypsy
2017,610000.0,32000.0,Diesel,manual,1,renault,renault duster
2013,170000.0,60400.0,Diesel,manual,1,tata,tata manza
2008,150000.0,70950.0,Diesel,manual,1,hyundai,hyundai verna
2015,375000.0,72000.0,Diesel,manual,1,hyundai,hyundai xcent
2013,390000.0,90000.0,Diesel,manual,1,maruti,maruti swift
2017,600000.0,10000.0,Petrol,manual,1,hyundai,hyundai i20
2014,204999.0,25000.0,Petrol,manual,1,maruti,maruti alto
2009,270000.0,80000.0,Diesel,manual,1,hyundai,hyundai verna
2017,375000.0,10000.0,Petrol,manual,1,hyundai,hyundai grand
2017,455000.0,40000.0,Petrol,manual,1,maruti,maruti swift
2017,375000.0,10000.0,Petrol,manual,1,hyundai,hyundai i10
2014,341000.0,31491.0,Petrol,manual,1,hyundai,hyundai grand
2014,200000.0,107143.0,Diesel,manual,1,maruti,maruti swift
2017,450000.0,15000.0,Petrol,automatic,1,maruti,maruti ignis
2012,170000.0,50000.0,Petrol,manual,1,hyundai,hyundai santro
2016,500000.0,60000.0,Diesel,manual,1,mahindra,mahindra bolero
2016,819999.0,85000.0,Diesel,manual,1,maruti,maruti vitara
2014,351000.0,40000.0,Petrol,manual,1,maruti,maruti swift
2011,195000.0,80000.0,Petrol,manual,1,hyundai,hyundai i10
2008,250000.0,82000.0,Diesel,manual,1,maruti,maruti swift
2008,120000.0,70000.0,Petrol,manual,1,maruti,maruti zen
2009,180000.0,70000.0,Petrol,manual,1,maruti,maruti a-star
2016,430000.0,20000.0,Diesel,manual,1,mahindra,mahindra kuv
2012,75000.0,35000.0,Petrol,manual,1,tata,tata nano
2017,750000.0,80000.0,Diesel,manual,1,mahindra,mahindra xylo
2011,60000.0,40000.0,Petrol,manual,1,tata,tata nano
2011,390000.0,150000.0,Diesel,manual,1,mahindra,mahindra bolero
2016,630000.0,50000.0,Diesel,manual,1,mahindra,mahindra tuv
2018,1085000.0,15000.0,Diesel,manual,1,tata,tata safari
2012,190000.0,60000.0,Petrol,manual,1,hyundai,hyundai i10
2018,550000.0,25000.0,Petrol,automatic,1,maruti,maruti baleno
2012,200000.0,90000.0,Petrol,manual,1,maruti,maruti alto
2011,165000.0,60000.0,Petrol,manual,1,chevrolet,chevrolet spark
2013,260000.0,65000.0,Diesel,manual,1,ford,ford figo
2011,151000.0,40000.0,Petrol,manual,1,maruti,maruti alto
2018,780000.0,50000.0,Diesel,manual,1,maruti,maruti vitara
2012,175000.0,80000.0,Diesel,manual,1,tata,tata indica
2010,170000.0,107500.0,Diesel,manual,1,tata,tata indica
2013,210000.0,135000.0,Diesel,manual,1,tata,tata indica
2007,90000.0,43826.0,Petrol,manual,1,maruti,maruti alto
2016,535000.0,55838.0,Petrol,manual,1,hyundai,hyundai i20
2007,195000.0,112880.0,Diesel,manual,1,maruti,maruti swift
2011,140000.0,90000.0,Diesel,manual,1,tata,tata indica
2012,350000.0,40000.0,Petrol,manual,1,nissan,nissan sunny
2013,425000.0,66000.0,Petrol,manual,1,hyundai,hyundai verna
2017,300000.0,30300.0,Petrol,manual,1,renault,renault kwid
2013,340000.0,85000.0,Diesel,manual,1,volkswagen,volkswagen vento
2009,250000.0,80659.0,Petrol,manual,1,maruti,maruti swift
2008,170000.0,81324.0,Petrol,manual,1,chevrolet,chevrolet aveo
2013,315000.0,127884.0,Diesel,manual,1,honda,honda amaze
2015,200000.0,50000.0,Petrol,manual,1,chevrolet,chevrolet beat
2016,300000.0,25000.0,Petrol,manual,1,chevrolet,chevrolet beat
2015,300000.0,66755.0,Diesel,manual,1,honda,honda amaze
2013,380000.0,123084.0,Petrol,manual,1,honda,honda city
2009,250000.0,806599.0,Petrol,manual,1,maruti,maruti swift
2013,310000.0,95851.0,Diesel,manual,1,honda,honda amaze
2010,260000.0,50000.0,Petrol,manual,1,maruti,maruti wagon
2008,150000.0,50000.0,Petrol,manual,1,maruti,maruti omni
2006,85000.0,60000.0,Petrol,manual,1,maruti,maruti esteem
2015,280000.0,15000.0,Petrol,manual,1,maruti,maruti alto
2016,850000.0,40000.0,Diesel,manual,1,mahindra,mahindra xylo
2017,375000.0,20000.0,Petrol,manual,1,datsun,datsun go
2006,125000.0,120000.0,Diesel,manual,1,hyundai,hyundai elantra
2012,250000.0,110000.0,Diesel,manual,1,chevrolet,chevrolet beat
2014,715000.0,234000.0,Diesel,manual,1,toyota,toyota corolla
2011,220000.0,70000.0,Diesel,manual,1,hyundai,hyundai i20
2010,110000.0,110000.0,Diesel,manual,1,tata,tata indica
2007,150000.0,84000.0,Petrol,manual,1,hyundai,hyundai verna
2012,300000.0,170000.0,Diesel,manual,1,nissan,nissan sunny
2017,220000.0,40000.0,Petrol,manual,1,datsun,datsun redigo
2006,75000.0,96000.0,Petrol,manual,1,maruti,maruti wagon
2009,100000.0,20000.0,Diesel,manual,1,tata,tata indigo
2016,380000.0,15000.0,Petrol,manual,1,ford,ford figo
2007,100000.0,50000.0,Petrol,manual,1,hyundai,hyundai santro
2010,480000.0,80000.0,Petrol,manual,1,volkswagen,volkswagen passat
2012,300000.0,124000.0,Diesel,manual,1,toyota,toyota etios
2013,190000.0,70000.0,Diesel,manual,1,chevrolet,chevrolet beat
2012,190000.0,130000.0,Diesel,manual,1,ford,ford figo
2017,650000.0,19014.0,Petrol,manual,1,ford,ford ecosport
2009,300000.0,23262.0,Petrol,manual,1,toyota,toyota corolla
2016,700000.0,29600.0,Diesel,manual,1,ford,ford freestyle
2015,310000.0,35925.0,Petrol,manual,1,hyundai,hyundai i10
2018,500000.0,12000.0,Petrol,manual,1,maruti,maruti ignis
2013,415000.0,40771.0,Petrol,manual,1,toyota,toyota etios
2015,395000.0,30500.0,Petrol,automatic,1,maruti,maruti celerio
2014,430000.0,42000.0,Petrol,manual,1,toyota,toyota etios
2007,215000.0,55800.0,Petrol,manual,1,toyota,toyota corolla
2014,550000.0,66569.0,Diesel,manual,1,renault,renault duster
2014,415000.0,81358.0,Diesel,manual,1,volkswagen,volkswagen polo
2015,450000.0,82695.0,Diesel,manual,1,volkswagen,volkswagen polo
2014,285000.0,68293.0,Diesel,manual,1,ford,ford figo
2016,580000.0,32000.0,Petrol,automatic,1,honda,honda jazz
2014,300000.0,190621.0,Diesel,manual,1,maruti,maruti swift
2018,1200000.0,60000.0,Diesel,manual,1,hyundai,hyundai verna
2006,78000.0,64700.0,Petrol,manual,1,maruti,maruti 800
2016,400000.0,88470.0,Diesel,manual,1,tata,tata zest
2016,850000.0,75000.0,Diesel,manual,1,hyundai,hyundai verna
2013,450000.0,120000.0,Diesel,manual,1,volkswagen,volkswagen vento
2017,780000.0,70000.0,Diesel,manual,1,toyota,toyota etios
2013,285000.0,120000.0,Diesel,manual,1,mahindra,mahindra quanto
2015,525000.0,98000.0,Diesel,manual,1,volkswagen,volkswagen vento
2014,550000.0,90000.0,Diesel,manual,1,maruti,maruti ciaz
2018,580000.0,70000.0,Diesel,manual,1,volkswagen,volkswagen ameo
2013,75000.0,25000.0,Petrol,manual,1,tata,tata nano
2009,185000.0,60000.0,Diesel,manual,1,tata,tata manza
2007,110000.0,90000.0,Petrol,manual,1,maruti,maruti omni
2004,180000.0,200000.0,Petrol,manual,1,honda,honda city
2010,350000.0,110000.0,Diesel,manual,1,volkswagen,volkswagen polo
2005,60000.0,126000.0,Petrol,manual,1,chevrolet,chevrolet optra
2018,695000.0,70000.0,Diesel,manual,1,mahindra,mahindra tuv
2007,135000.0,74183.0,Petrol,manual,1,maruti,maruti zen
2015,640000.0,70000.0,Diesel,manual,1,mahindra,mahindra bolero
2014,160000.0,90000.0,Petrol,manual,1,maruti,maruti alto
2004,80000.0,46000.0,Petrol,manual,1,tata,tata indica
2013,340000.0,110000.0,Diesel,manual,1,maruti,maruti swift
2012,110000.0,80000.0,Diesel,manual,1,maruti,maruti ritz
2013,250000.0,90000.0,Diesel,manual,1,tata,tata sumo
2017,1300000.0,70000.0,Diesel,manual,1,toyota,toyota innova
2009,450000.0,192000.0,Diesel,manual,1,toyota,toyota innova
2013,240000.0,70000.0,Petrol,manual,1,maruti,maruti wagon
2015,275000.0,60000.0,Petrol,manual,1,maruti,maruti wagon
2012,320000.0,120000.0,Diesel,manual,1,tata,tata sumo
2008,75000.0,120000.0,Petrol,manual,1,maruti,maruti alto
2007,85000.0,50000.0,Petrol,manual,1,tata,tata indica
2007,85000.0,80000.0,Petrol,manual,1,maruti,maruti wagon
2008,350000.0,80000.0,Diesel,manual,1,mahindra,mahindra scorpio
2009,355000.0,100000.0,Diesel,automatic,1,skoda,skoda superb
2006,95000.0,83411.0,Petrol,manual,1,ford,ford fiesta
2011,300000.0,120000.0,Diesel,manual,1,volkswagen,volkswagen vento
2006,81000.0,83411.0,Petrol,manual,1,ford,ford fiesta
2015,1000000.0,80000.0,Diesel,automatic,1,skoda,skoda superb
2019,925000.0,50000.0,Diesel,manual,1,maruti,maruti ertiga
2015,450000.0,40000.0,Diesel,manual,1,mahindra,mahindra bolero
2014,600000.0,13270.0,Diesel,manual,1,mahindra,mahindra scorpio
2006,85000.0,100000.0,Petrol,automatic,1,hyundai,hyundai santro
2016,700000.0,50000.0,Diesel,manual,1,mahindra,mahindra thar
2017,486000.0,26500.0,Petrol,manual,1,hyundai,hyundai grand
2013,400000.0,90000.0,Diesel,manual,1,maruti,maruti swift
2008,120000.0,100000.0,Petrol,manual,1,ford,ford fiesta
2018,275000.0,35000.0,Petrol,manual,1,maruti,maruti alto
2016,580000.0,57000.0,Diesel,manual,1,hyundai,hyundai i20
2015,375000.0,70000.0,Petrol,manual,1,maruti,maruti swift
2015,229999.0,100000.0,Petrol,manual,1,maruti,maruti wagon
2010,110000.0,88000.0,Petrol,manual,1,maruti,maruti alto
2017,600000.0,60000.0,Diesel,manual,1,maruti,maruti swift
2009,120000.0,76000.0,Petrol,manual,1,maruti,maruti a-star
2010,200000.0,100000.0,Diesel,manual,1,ford,ford figo
2012,450000.0,110000.0,Diesel,manual,1,hyundai,hyundai verna
2012,550000.0,80000.0,Diesel,manual,1,hyundai,hyundai verna
2012,220000.0,80000.0,Petrol,manual,1,maruti,maruti alto
2001,40000.0,30000.0,Petrol,manual,1,maruti,maruti 800
2017,300000.0,20000.0,Petrol,automatic,1,renault,renault kwid
2018,630000.0,40000.0,Diesel,manual,1,mahindra,mahindra bolero
2017,610000.0,40000.0,Diesel,manual,1,maruti,maruti swift
2019,660000.0,7000.0,Petrol,manual,1,hyundai,hyundai xcent
2012,220000.0,80000.0,Lpg,manual,1,maruti,maruti wagon
2011,138000.0,90000.0,Diesel,manual,1,nissan,nissan micra
2013,210000.0,13770.0,Diesel,manual,1,nissan,nissan micra
2005,125000.0,34000.0,Petrol,manual,1,maruti,maruti zen
2008,125000.0,102000.0,Petrol,manual,1,maruti,maruti alto
2014,725000.0,110000.0,Diesel,manual,1,honda,honda city
2011,170000.0,90000.0,Petrol,manual,1,maruti,maruti alto
2015,1200000.0,70000.0,Diesel,manual,1,toyota,toyota innova
2003,70000.0,90000.0,Petrol,manual,1,maruti,maruti wagon
2007,100000.0,70000.0,Petrol,manual,1,maruti,maruti alto
2006,300000.0,80000.0,Petrol,manual,1,honda,honda civic
2013,450000.0,100000.0,Diesel,manual,1,maruti,maruti swift
2015,530000.0,100000.0,Diesel,manual,1,maruti,maruti swift
2007,100000.0,143000.0,Petrol,manual,1,maruti,maruti zen
2010,350000.0,115000.0,Petrol,manual,1,honda,honda city
2011,165000.0,100000.0,Diesel,manual,1,tata,tata manza
2019,475000.0,120000.0,Diesel,manual,1,maruti,maruti swift
2013,350000.0,42000.0,Diesel,manual,1,mahindra,mahindra xylo
2016,229999.0,38000.0,Petrol,manual,1,renault,renault kwid
2018,800000.0,35000.0,Diesel,manual,1,honda,honda wr-v
2014,475000.0,120000.0,Diesel,manual,1,maruti,maruti swift
2014,425000.0,136906.0,Diesel,manual,1,nissan,nissan terrano
2015,660000.0,97000.0,Diesel,manual,1,maruti,maruti ciaz
2019,610000.0,10000.0,Petrol,automatic,1,honda,honda amaze
2013,240000.0,50000.0,Petrol,manual,1,honda,honda brio
2005,70000.0,60000.0,Petrol,manual,1,maruti,maruti esteem
2011,550000.0,120000.0,Diesel,manual,1,toyota,toyota corolla
2010,350000.0,90000.0,Diesel,manual,1,mahindra,mahindra bolero
2013,200000.0,120000.0,Petrol,manual,1,hyundai,hyundai eon
2019,720000.0,3000.0,Petrol,automatic,1,hyundai,hyundai elite
2014,350000.0,133000.0,Diesel,manual,1,maruti,maruti ritz
2016,400000.0,25000.0,Petrol,manual,1,maruti,maruti wagon
2017,570000.0,35000.0,Petrol,manual,1,hyundai,hyundai i20
2015,130000.0,70000.0,Petrol,manual,1,maruti,maruti omni
2016,210000.0,52000.0,Petrol,manual,1,maruti,maruti alto
2018,800000.0,52000.0,Diesel,manual,1,hyundai,hyundai creta
2017,700000.0,39000.0,Diesel,manual,1,honda,honda jazz
2011,200000.0,28689.0,Diesel,manual,1,tata,tata indica
2014,495000.0,90000.0,Diesel,manual,1,tata,tata aria
2014,325000.0,80322.0,Diesel,manual,1,ford,ford fiesta
2019,650000.0,8000.0,Petrol,manual,1,ford,ford freestyle
2000,155000.0,50000.0,Diesel,manual,1,mahindra,mahindra jeep
2007,75000.0,90000.0,Petrol,manual,1,maruti,maruti 800
2015,350000.0,61658.0,Diesel,manual,1,hyundai,hyundai grand
2010,90000.0,50000.0,Petrol,manual,1,maruti,maruti zen
2016,600000.0,80000.0,Diesel,manual,1,maruti,maruti ertiga
2010,400000.0,185000.0,Diesel,manual,1,mahindra,mahindra scorpio
2014,370000.0,57000.0,Diesel,manual,1,maruti,maruti swift
2000,50000.0,60000.0,Petrol,manual,1,maruti,maruti 800
2004,125000.0,120000.0,Petrol,manual,1,honda,honda city
2019,650000.0,20000.0,Petrol,automatic,1,hyundai,hyundai grand
2017,800000.0,30600.0,Petrol,automatic,1,maruti,maruti ertiga
2020,802000.0,5000.0,Petrol,manual,1,volkswagen,volkswagen polo
2016,430000.0,35000.0,Diesel,manual,1,hyundai,hyundai xcent
2017,650000.0,23000.0,Petrol,manual,1,hyundai,hyundai verna
2004,170000.0,120000.0,Diesel,manual,1,mahindra,mahindra scorpio
2011,450000.0,235000.0,Diesel,automatic,1,skoda,skoda superb
2013,250000.0,87000.0,Petrol,manual,1,maruti,maruti alto
2014,550000.0,72000.0,Petrol,manual,1,ford,ford ecosport
2007,140000.0,100000.0,Petrol,manual,1,maruti,maruti zen
2012,155000.0,12000.0,Petrol,manual,1,chevrolet,chevrolet beat
2010,120000.0,67000.0,Petrol,manual,1,hyundai,hyundai accent
2012,287000.0,70000.0,Diesel,manual,1,toyota,toyota innova
2016,675000.0,60000.0,Diesel,manual,1,maruti,maruti baleno
2011,235000.0,74500.0,Petrol,manual,1,hyundai,hyundai i10
2011,300000.0,118700.0,Diesel,manual,1,hyundai,hyundai i20
2015,434999.0,40000.0,Petrol,automatic,1,nissan,nissan micra
2004,225000.0,223660.0,Diesel,automatic,1,mahindra,mahindra scorpio
2006,160000.0,140000.0,Petrol,manual,1,toyota,toyota corolla
2020,600000.0,5000.0,Petrol,manual,1,hyundai,hyundai grand
2016,470000.0,100000.0,Diesel,manual,1,chevrolet,chevrolet tavera
2011,300000.0,100000.0,Petrol,manual,1,maruti,maruti swift
2020,640000.0,4000.0,Petrol,automatic,1,hyundai,hyundai grand
2006,50000.0,120000.0,Diesel,manual,1,tata,tata indica
2015,600000.0,35000.0,Petrol,manual,1,hyundai,hyundai verna
2014,290000.0,29000.0,Lpg,manual,1,hyundai,hyundai i10
2015,600000.0,30000.0,Petrol,manual,1,hyundai,hyundai verna
2012,190000.0,120000.0,Diesel,manual,1,tata,tata manza
2008,160000.0,110000.0,Petrol,manual,1,hyundai,hyundai i10
2017,325000.0,15000.0,Petrol,manual,1,maruti,maruti alto
2006,200000.0,73756.0,Diesel,manual,1,mahindra,mahindra bolero
2011,125000.0,60000.0,Petrol,manual,1,chevrolet,chevrolet spark
2008,155000.0,60000.0,Petrol,manual,1,hyundai,hyundai i10
2015,550000.0,90000.0,Diesel,manual,1,hyundai,hyundai i20
2009,130000.0,70000.0,Petrol,manual,1,maruti,maruti wagon
2002,80000.0,70000.0,Petrol,manual,1,maruti,maruti 800
2015,500000.0,80000.0,Diesel,manual,1,toyota,toyota etios
2019,250000.0,27000.0,Petrol,manual,1,renault,renault kwid
2012,580000.0,70000.0,Diesel,manual,1,mahindra,mahindra xuv500
2002,60000.0,50000.0,Petrol,manual,1,daewoo,daewoo matiz
2012,300000.0,185000.0,Diesel,manual,1,toyota,toyota etios
2014,200000.0,90000.0,Diesel,manual,1,ford,ford figo
2017,1200000.0,16400.0,Diesel,manual,1,tata,tata hexa
2015,350000.0,80000.0,Diesel,manual,1,toyota,toyota etios
2012,600000.0,80000.0,Diesel,manual,1,mahindra,mahindra xuv500
2019,650000.0,4000.0,Petrol,manual,1,honda,honda jazz
2008,120000.0,40000.0,Petrol,manual,1,maruti,maruti a-star
2010,180000.0,120000.0,Diesel,manual,1,tata,tata new
2018,950000.0,41395.0,Petrol,automatic,1,hyundai,hyundai verna
2012,250999.0,35000.0,Diesel,manual,1,tata,tata manza
2009,1250000.0,47000.0,Diesel,automatic,1,audi,audi a8
2013,165000.0,50000.0,Petrol,manual,1,chevrolet,chevrolet beat
2015,700000.0,48000.0,Petrol,manual,1,hyundai,hyundai elantra
2015,750000.0,53000.0,Diesel,manual,1,mahindra,mahindra xuv500
2018,290000.0,15000.0,Petrol,automatic,1,datsun,datsun redi-go
2014,45000.0,7000.0,Petrol,manual,1,tata,tata nano
2013,675000.0,88000.0,Diesel,automatic,1,skoda,skoda superb
2015,530000.0,55000.0,Diesel,manual,1,nissan,nissan terrano
2014,1485000.0,48000.0,Diesel,automatic,1,bmw,bmw x1
2014,325000.0,71014.0,Diesel,manual,1,chevrolet,chevrolet enjoy
2015,400000.0,60000.0,Diesel,manual,1,honda,honda amaze
2017,380000.0,71000.0,Diesel,manual,1,mahindra,mahindra kuv
2016,750000.0,45000.0,Petrol,automatic,1,honda,honda city
2017,390000.0,45000.0,Petrol,manual,1,honda,honda brio
2015,370000.0,60000.0,Diesel,manual,1,renault,renault scala
2013,210000.0,80000.0,Diesel,manual,1,chevrolet,chevrolet beat
2007,175000.0,181000.0,Diesel,manual,1,skoda,skoda laura
2012,575000.0,89550.0,Diesel,manual,1,hyundai,hyundai verna
2010,320000.0,90000.0,Diesel,manual,1,mahindra,mahindra xylo
2010,280000.0,149500.0,Diesel,manual,1,maruti,maruti swift
2013,500000.0,190000.0,Diesel,manual,1,renault,renault duster
2013,380000.0,83000.0,Diesel,manual,1,ford,ford fiesta
2005,120000.0,20000.0,Petrol,manual,1,maruti,maruti 800
2018,395000.0,20000.0,Petrol,manual,1,maruti,maruti eeco
2010,360000.0,160000.0,Diesel,manual,1,skoda,skoda laura
2015,451000.0,100000.0,Diesel,manual,1,nissan,nissan terrano
2010,175000.0,45000.0,Petrol,manual,1,chevrolet,chevrolet spark
2009,170000.0,44800.0,Petrol,manual,1,chevrolet,chevrolet spark
2006,100000.0,40000.0,Petrol,manual,1,hyundai,hyundai santro
2014,150000.0,120000.0,Petrol,manual,1,maruti,maruti omni
2011,149000.0,10000.0,Diesel,manual,1,tata,tata indica
2011,160000.0,80000.0,Diesel,manual,1,tata,tata indica
2014,800000.0,156000.0,Diesel,manual,1,mahindra,mahindra xuv500
2010,819999.0,120000.0,Diesel,manual,1,toyota,toyota innova
2007,163000.0,100000.0,Petrol,manual,1,maruti,maruti baleno
2001,350000.0,100000.0,Diesel,manual,1,mercedes-benz,mercedes-benz e-class
2006,75000.0,100000.0,Petrol,manual,1,tata,tata indica
2012,180000.0,60000.0,Petrol,manual,1,maruti,maruti alto
2017,675000.0,30000.0,Diesel,manual,1,ford,ford figo
2013,400000.0,170000.0,Diesel,manual,1,maruti,maruti swift
2013,434999.0,100000.0,Diesel,manual,1,volkswagen,volkswagen polo
2006,100000.0,110000.0,Petrol,manual,1,tata,tata indigo
2015,419000.0,170000.0,Diesel,manual,1,maruti,maruti swift
2009,200000.0,100000.0,Petrol,manual,1,tata,tata indica
2014,400000.0,35000.0,Diesel,manual,1,renault,renault scala
2018,790000.0,40000.0,Diesel,manual,1,ford,ford ecosport
2015,500000.0,90000.0,Diesel,manual,1,renault,renault duster
2012,275000.0,120000.0,Diesel,manual,1,skoda,skoda rapid
2012,450000.0,120000.0,Diesel,manual,1,hyundai,hyundai i20
2016,360000.0,33000.0,Petrol,manual,1,maruti,maruti wagon
2010,210000.0,25000.0,Petrol,manual,1,maruti,maruti alto
2014,220000.0,66000.0,Petrol,manual,1,maruti,maruti alto
2009,250000.0,48000.0,Petrol,manual,1,chevrolet,chevrolet aveo
2016,990000.0,146000.0,Diesel,manual,1,toyota,toyota innova
2013,220000.0,100000.0,Diesel,manual,1,mahindra,mahindra quanto
2014,530000.0,50000.0,Petrol,manual,1,honda,honda city
2016,575000.0,50000.0,Diesel,manual,1,maruti,maruti baleno
2012,400000.0,99000.0,Diesel,manual,1,mahindra,mahindra xylo
2016,680000.0,50000.0,Diesel,manual,1,honda,honda mobilio
2014,1000000.0,80000.0,Diesel,automatic,1,hyundai,hyundai santa
2016,260000.0,45000.0,Petrol,manual,1,maruti,maruti alto
2010,150000.0,50000.0,Petrol,manual,1,tata,tata manza
2008,180000.0,70000.0,Petrol,manual,1,maruti,maruti alto
2014,346000.0,37516.0,Diesel,manual,1,force,force one
2015,450000.0,20000.0,Diesel,manual,1,mahindra,mahindra xylo
2019,500000.0,5000.0,Petrol,manual,1,hyundai,hyundai grand
2019,700000.0,8000.0,Diesel,manual,1,hyundai,hyundai grand
2019,280000.0,25880.0,Petrol,manual,1,maruti,maruti alto
2019,475000.0,10000.0,Petrol,automatic,1,hyundai,hyundai santro
2009,300000.0,50000.0,Diesel,manual,1,maruti,maruti swift
2014,200999.0,40000.0,Petrol,manual,1,maruti,maruti alto
2009,200000.0,100000.0,Diesel,manual,1,skoda,skoda laura
2009,210000.0,80000.0,Petrol,manual,1,chevrolet,chevrolet aveo
2012,160000.0,110000.0,Diesel,manual,1,tata,tata indigo
2009,175000.0,136000.0,Diesel,manual,1,hyundai,hyundai verna
2012,320000.0,80000.0,Diesel,manual,1,tata,tata new
2009,110000.0,50000.0,Petrol,manual,1,maruti,maruti alto
2008,300000.0,30000.0,Petrol,manual,1,maruti,maruti wagon
2012,700000.0,10000.0,Petrol,manual,1,honda,honda city
2009,135000.0,90000.0,Diesel,manual,1,tata,tata indica
2015,500000.0,110000.0,Diesel,manual,1,mahindra,mahindra bolero
2012,550000.0,120000.0,Diesel,manual,1,mahindra,mahindra scorpio
2014,1050000.0,90000.0,Diesel,manual,1,toyota,toyota innova
2016,500000.0,20000.0,Petrol,manual,1,honda,honda city
2011,180000.0,90000.0,Diesel,manual,1,maruti,maruti ritz
2010,170000.0,50000.0,Petrol,manual,1,hyundai,hyundai santro
2019,484999.0,9000.0,Petrol,manual,1,honda,honda brio
2011,150000.0,70000.0,Petrol,manual,1,maruti,maruti a-star
2018,380000.0,25000.0,Petrol,manual,1,maruti,maruti alto
2019,480000.0,10000.0,Petrol,manual,1,hyundai,hyundai santro
2011,290000.0,60000.0,Diesel,manual,1,volkswagen,volkswagen polo
2013,350000.0,70000.0,Petrol,manual,1,fiat,fiat linea
2014,110000.0,25000.0,Petrol,manual,1,maruti,maruti alto
2003,70000.0,80000.0,Petrol,manual,1,hyundai,hyundai santro
2011,300000.0,70000.0,Petrol,automatic,1,volkswagen,volkswagen vento
2017,180000.0,60000.0,Petrol,manual,1,maruti,maruti alto
2020,300000.0,20000.0,Petrol,manual,1,renault,renault kwid
2017,509000.0,60000.0,Petrol,manual,1,maruti,maruti baleno
2016,650000.0,80000.0,Diesel,manual,1,maruti,maruti sx4
2015,450000.0,70000.0,Diesel,manual,1,maruti,maruti swift
2007,210000.0,100000.0,Diesel,manual,1,mahindra,mahindra scorpio
2013,360000.0,80000.0,Diesel,manual,1,hyundai,hyundai i20
2011,495000.0,120000.0,Diesel,manual,1,toyota,toyota innova
2006,105000.0,100000.0,Petrol,manual,1,maruti,maruti alto
2010,270000.0,60000.0,Petrol,manual,1,hyundai,hyundai i20
2010,130000.0,110000.0,Petrol,manual,1,ford,ford figo
2014,700000.0,90000.0,Diesel,manual,1,honda,honda city
2012,400000.0,40000.0,Diesel,manual,1,chevrolet,chevrolet cruze
2013,325000.0,94000.0,Diesel,manual,1,honda,honda amaze
2008,69000.0,100000.0,Petrol,manual,1,maruti,maruti alto
2018,1380000.0,25000.0,Diesel,manual,1,mahindra,mahindra scorpio
2007,90000.0,90000.0,Petrol,manual,1,maruti,maruti zen
2016,1000000.0,40000.0,Diesel,manual,1,mahindra,mahindra xuv500
2010,145000.0,90000.0,Cng,manual,1,hyundai,hyundai accent
2011,256000.0,70000.0,Diesel,manual,1,maruti,maruti swift
2005,70000.0,120000.0,Diesel,manual,1,tata,tata indica
2000,50000.0,88500.0,Petrol,manual,1,maruti,maruti wagon
2016,240000.0,70000.0,Petrol,manual,1,renault,renault kwid
2010,97000.0,128000.0,Petrol,manual,1,tata,tata indica
2012,130000.0,120000.0,Diesel,manual,1,tata,tata indigo
2009,199000.0,52536.0,Petrol,manual,1,maruti,maruti swift
2006,125000.0,70000.0,Petrol,automatic,1,honda,honda civic
2015,420000.0,60000.0,Diesel,manual,1,hyundai,hyundai xcent
2016,525000.0,110000.0,Diesel,manual,1,mahindra,mahindra nuvosport
2008,125000.0,85000.0,Petrol,manual,1,hyundai,hyundai santro
2010,325000.0,135000.0,Diesel,manual,1,hyundai,hyundai verna
2012,330000.0,86000.0,Diesel,manual,1,volkswagen,volkswagen vento
2010,110000.0,50000.0,Petrol,manual,1,maruti,maruti wagon
2005,85000.0,118400.0,Petrol,manual,1,maruti,maruti swift
2007,229999.0,70000.0,Petrol,manual,1,honda,honda civic
2012,250000.0,60000.0,Petrol,manual,1,hyundai,hyundai i10
2015,650000.0,68000.0,Diesel,manual,1,ford,ford ecosport
2017,650000.0,6480.0,Petrol,manual,1,toyota,toyota etios
2017,750000.0,32077.0,Diesel,manual,1,maruti,maruti vitara
2018,850000.0,19107.0,Petrol,manual,1,toyota,toyota yaris
2017,315000.0,18469.0,Petrol,manual,1,hyundai,hyundai eon
2015,415000.0,28217.0,Petrol,manual,1,maruti,maruti swift
2016,640000.0,72787.0,Diesel,manual,1,maruti,maruti ciaz
2017,780000.0,31063.0,Petrol,manual,1,maruti,maruti ciaz
2015,850000.0,58692.0,Diesel,manual,1,hyundai,hyundai creta
2015,900000.0,54784.0,Diesel,manual,1,hyundai,hyundai creta
2016,1150000.0,64156.0,Petrol,manual,1,toyota,toyota corolla
2007,75000.0,54000.0,Petrol,manual,1,maruti,maruti esteem
2012,215000.0,97000.0,Diesel,manual,1,volkswagen,volkswagen vento
2009,130000.0,120000.0,Petrol,automatic,1,maruti,maruti sx4
2019,400000.0,16000.0,Petrol,automatic,1,hyundai,hyundai santro
2019,550000.0,60000.0,Petrol,automatic,1,maruti,maruti swift
2016,245000.0,52000.0,Petrol,manual,1,chevrolet,chevrolet beat
2010,320000.0,110000.0,Diesel,manual,1,maruti,maruti swift
2016,730000.0,60000.0,Diesel,automatic,1,mahindra,mahindra tuv
2005,120000.0,100000.0,Petrol,manual,1,ford,ford fusion
2017,950000.0,35000.0,Petrol,manual,1,honda,honda city
2017,350000.0,48000.0,Petrol,manual,1,maruti,maruti wagon
2005,100000.0,20000.0,Petrol,manual,1,maruti,maruti esteem
2017,350000.0,30000.0,Petrol,manual,1,maruti,maruti wagon
2013,370000.0,60000.0,Petrol,manual,1,hyundai,hyundai verna
2009,130000.0,120000.0,Diesel,manual,1,tata,tata sumo
2016,250000.0,30000.0,Petrol,manual,1,chevrolet,chevrolet sail
2012,270000.0,80000.0,Diesel,manual,1,tata,tata new
2013,160000.0,80000.0,Petrol,manual,1,hyundai,hyundai eon
2016,229999.0,80000.0,Petrol,manual,1,hyundai,hyundai eon
2017,750000.0,29000.0,Diesel,manual,1,mahindra,mahindra bolero
2011,195000.0,120000.0,Diesel,manual,1,chevrolet,chevrolet optra
2016,270000.0,22000.0,Petrol,manual,1,datsun,datsun redigo
2012,300000.0,50000.0,Petrol,manual,1,skoda,skoda fabia
2012,200000.0,50000.0,Diesel,manual,1,chevrolet,chevrolet beat
2007,120000.0,81366.0,Petrol,manual,1,maruti,maruti zen
2006,95000.0,110000.0,Petrol,manual,1,maruti,maruti esteem
2006,229999.0,300000.0,Diesel,manual,1,toyota,toyota innova
2012,300000.0,90000.0,Diesel,manual,1,renault,renault fluence
2016,200000.0,53000.0,Petrol,manual,1,renault,renault kwid
2017,250000.0,30000.0,Petrol,manual,1,maruti,maruti alto
2012,368000.0,90000.0,Petrol,manual,1,maruti,maruti swift
2014,650000.0,244000.0,Diesel,manual,1,toyota,toyota innova
1997,150000.0,120000.0,Diesel,manual,1,mahindra,mahindra jeep
2012,180000.0,60000.0,Lpg,manual,1,maruti,maruti wagon
2017,525000.0,15000.0,Petrol,manual,1,hyundai,hyundai grand
2005,350000.0,150000.0,Diesel,manual,1,ford,ford endeavour
2018,850000.0,30000.0,Diesel,manual,1,mahindra,mahindra tuv
2011,350000.0,312000.0,Diesel,manual,1,volkswagen,volkswagen jetta
2005,160000.0,67000.0,Petrol,manual,1,maruti,maruti swift
2017,500000.0,40000.0,Diesel,manual,1,maruti,maruti swift
2008,130000.0,100000.0,Petrol,manual,1,hyundai,hyundai santro
2015,350000.0,100000.0,Diesel,manual,1,tata,tata zest
2005,70000.0,80000.0,Petrol,manual,1,maruti,maruti wagon
2014,750000.0,145000.0,Diesel,manual,1,toyota,toyota innova
2013,450000.0,53000.0,Diesel,manual,1,honda,honda amaze
2015,430000.0,73000.0,Diesel,manual,1,maruti,maruti swift
2011,260000.0,90000.0,Diesel,manual,1,maruti,maruti sx4
2013,370000.0,80000.0,Diesel,manual,1,maruti,maruti swift
2011,229999.0,100000.0,Cng,manual,1,chevrolet,chevrolet aveo
2011,140000.0,90000.0,Diesel,manual,1,ford,ford figo
2013,700000.0,200000.0,Diesel,manual,1,toyota,toyota innova
2020,545000.0,7300.0,Petrol,manual,1,hyundai,hyundai elite
2017,200000.0,30000.0,Petrol,manual,1,datsun,datsun redigo
2015,500000.0,120000.0,Diesel,manual,1,tata,tata safari
2008,70000.0,90000.0,Petrol,manual,1,maruti,maruti alto
2013,580000.0,25000.0,Diesel,manual,1,mahindra,mahindra thar
2012,160000.0,70000.0,Cng,manual,1,maruti,maruti eeco
2010,160000.0,36000.0,Petrol,manual,1,maruti,maruti alto
2016,760000.0,49000.0,Diesel,manual,1,maruti,maruti ertiga
2015,300000.0,22000.0,Petrol,manual,1,hyundai,hyundai eon
1998,50000.0,35000.0,Lpg,manual,1,maruti,maruti omni
2019,800000.0,24000.0,Diesel,manual,1,mahindra,mahindra bolero
2018,680000.0,20000.0,Diesel,manual,1,maruti,maruti swift
2009,85000.0,50000.0,Lpg,manual,1,maruti,maruti 800
2016,1300000.0,70000.0,Diesel,manual,1,toyota,toyota innova
2016,500000.0,60000.0,Petrol,manual,1,maruti,maruti swift
2008,145000.0,60000.0,Petrol,manual,1,hyundai,hyundai accent
2013,300000.0,60000.0,Diesel,manual,1,mahindra,mahindra quanto
2015,400000.0,70000.0,Petrol,manual,1,maruti,maruti swift
2007,130000.0,135000.0,Petrol,manual,1,hyundai,hyundai santro
2001,45000.0,72539.0,Petrol,manual,1,maruti,maruti 800
2017,641000.0,25000.0,Petrol,manual,1,maruti,maruti baleno
2015,650000.0,50000.0,Diesel,manual,1,maruti,maruti swift
2015,495000.0,52328.0,Diesel,manual,1,ford,ford figo
2013,324000.0,30000.0,Petrol,manual,1,hyundai,hyundai santro
2018,200000.0,35000.0,Petrol,manual,1,maruti,maruti alto
2015,320000.0,60000.0,Diesel,manual,1,maruti,maruti swift
2015,300000.0,20500.0,Petrol,manual,1,hyundai,hyundai eon
2013,180000.0,200000.0,Diesel,manual,1,tata,tata indica
2008,500000.0,154000.0,Diesel,manual,1,toyota,toyota innova
2011,305000.0,120000.0,Petrol,manual,1,toyota,toyota etios
2009,125000.0,50000.0,Petrol,manual,1,maruti,maruti 800
2015,800000.0,135000.0,Diesel,manual,1,maruti,maruti swift
2009,420000.0,100000.0,Diesel,manual,1,mahindra,mahindra scorpio
2017,875000.0,40000.0,Diesel,manual,1,maruti,maruti vitara
2014,580000.0,70000.0,Diesel,manual,1,maruti,maruti swift
2011,350000.0,133000.0,Diesel,manual,1,maruti,maruti swift
2004,120000.0,110000.0,Petrol,manual,1,hyundai,hyundai accent
2013,150000.0,180000.0,Diesel,manual,1,tata,tata indica
2013,650000.0,120000.0,Diesel,manual,1,renault,renault duster
2010,225000.0,80000.0,Petrol,manual,1,maruti,maruti alto
2014,400000.0,15000.0,Petrol,automatic,1,honda,honda amaze
2005,250000.0,70000.0,Petrol,manual,1,hyundai,hyundai getz
2008,120000.0,41723.0,Petrol,manual,1,hyundai,hyundai santro
2010,250000.0,70000.0,Petrol,manual,1,maruti,maruti sx4
2012,175000.0,20000.0,Petrol,manual,1,maruti,maruti alto
2018,590000.0,26350.0,Diesel,manual,1,maruti,maruti ignis
2015,225000.0,68745.0,Diesel,manual,1,tata,tata indigo
2016,900000.0,47000.0,Diesel,manual,1,mahindra,mahindra xuv500
2017,375000.0,27289.0,Petrol,automatic,1,maruti,maruti alto
2016,320000.0,24662.0,Petrol,manual,1,hyundai,hyundai eon
2013,525000.0,37000.0,Diesel,manual,1,maruti,maruti swift
2014,650000.0,28245.0,Diesel,manual,1,nissan,nissan evalia
2017,575000.0,27005.0,Diesel,manual,1,hyundai,hyundai grand
2014,355000.0,39227.0,Petrol,manual,1,hyundai,hyundai i10
2016,470000.0,31367.0,Diesel,manual,1,mahindra,mahindra kuv
2008,221000.0,35008.0,Petrol,manual,1,maruti,maruti wagon
2009,195000.0,27005.0,Petrol,manual,1,hyundai,hyundai santro
2004,90000.0,100005.0,Petrol,manual,1,hyundai,hyundai santro
2013,580000.0,45264.0,Diesel,manual,1,hyundai,hyundai verna
2014,325000.0,39093.0,Petrol,manual,1,maruti,maruti eeco
2013,495000.0,45241.0,Petrol,manual,1,honda,honda city
2014,290000.0,12000.0,Petrol,manual,1,hyundai,hyundai eon
2011,211000.0,43128.0,Diesel,manual,1,tata,tata indica
2004,70000.0,50000.0,Petrol,manual,1,maruti,maruti alto
2010,225000.0,60000.0,Petrol,manual,1,hyundai,hyundai i10
2014,420000.0,70000.0,Diesel,manual,1,mahindra,mahindra scorpio
2015,280000.0,22255.0,Petrol,manual,1,chevrolet,chevrolet sail
2013,400000.0,59213.0,Petrol,manual,1,hyundai,hyundai i20
2015,850000.0,55000.0,Diesel,manual,1,mahindra,mahindra xuv500
2011,550000.0,80000.0,Diesel,manual,1,ford,ford fiesta
2018,1000000.0,40000.0,Diesel,manual,1,renault,renault captur
2014,350000.0,170000.0,Diesel,manual,1,mahindra,mahindra xylo
2011,350000.0,170000.0,Diesel,manual,1,tata,tata new
2007,170000.0,70000.0,Petrol,manual,1,honda,honda civic
2006,45000.0,120000.0,Diesel,manual,1,tata,tata indica
2013,430000.0,70000.0,Diesel,manual,1,renault,renault duster
2015,830000.0,70000.0,Diesel,manual,1,mahindra,mahindra scorpio
2009,409999.0,110000.0,Diesel,manual,1,mahindra,mahindra scorpio
2012,190000.0,80000.0,Diesel,manual,1,maruti,maruti swift
2007,200000.0,80000.0,Petrol,manual,1,honda,honda accord
2006,120000.0,110000.0,Petrol,manual,1,hyundai,hyundai accent
2019,850000.0,50000.0,Diesel,manual,1,mahindra,mahindra bolero
2011,95000.0,115000.0,Diesel,manual,1,tata,tata indigo
2013,213000.0,80000.0,Petrol,manual,1,maruti,maruti wagon
2018,660000.0,25000.0,Diesel,manual,1,volkswagen,volkswagen ameo
2017,415000.0,48965.0,Petrol,manual,1,nissan,nissan micra
2019,1100000.0,5166.0,Petrol,manual,1,ford,ford ecosport
2012,650000.0,76290.0,Diesel,manual,1,mahindra,mahindra xuv500
2016,969999.0,70000.0,Diesel,automatic,1,mahindra,mahindra xuv500
2016,1250000.0,35000.0,Diesel,manual,1,mahindra,mahindra xuv500
2017,715000.0,25000.0,Diesel,automatic,1,maruti,maruti swift
2016,565000.0,47000.0,Diesel,manual,1,maruti,maruti swift
2013,615000.0,45766.0,Diesel,manual,1,mahindra,mahindra thar
2007,199000.0,78771.0,Diesel,manual,1,tata,tata new
2010,325000.0,79357.0,Diesel,manual,1,maruti,maruti swift
2012,409999.0,28000.0,Diesel,manual,1,ford,ford figo
2012,500000.0,72000.0,Diesel,automatic,1,hyundai,hyundai verna
2011,225000.0,76736.0,Diesel,manual,1,ford,ford figo
2007,135000.0,70000.0,Petrol,manual,1,maruti,maruti alto
2012,750000.0,80000.0,Diesel,automatic,1,renault,renault koleos
2009,155000.0,60000.0,Lpg,manual,1,maruti,maruti wagon
2012,335000.0,77000.0,Diesel,manual,1,volkswagen,volkswagen polo
2005,114999.0,92645.0,Diesel,manual,1,ford,ford ikon
2007,699000.0,101849.0,Diesel,manual,1,mercedes-benz,mercedes-benz new
2004,110000.0,120000.0,Diesel,manual,1,mahindra,mahindra bolero
2012,300000.0,80000.0,Petrol,manual,1,hyundai,hyundai i20
2014,700000.0,70000.0,Diesel,manual,1,mahindra,mahindra scorpio
2017,700000.0,120000.0,Diesel,manual,1,maruti,maruti ertiga
2013,210000.0,42000.0,Petrol,manual,1,maruti,maruti alto
2012,600000.0,120000.0,Diesel,manual,1,maruti,maruti ertiga
2012,180000.0,155836.0,Diesel,manual,1,tata,tata manza
2011,220000.0,59000.0,Petrol,manual,1,maruti,maruti wagon
2009,70000.0,60000.0,Petrol,manual,1,chevrolet,chevrolet spark
2018,950000.0,70000.0,Diesel,manual,1,hyundai,hyundai creta
2014,800000.0,20000.0,Diesel,manual,1,ford,ford fiesta
2012,700000.0,120000.0,Diesel,manual,1,mahindra,mahindra xuv500
2016,265000.0,40000.0,Petrol,manual,1,renault,renault kwid
2011,175000.0,90000.0,Diesel,manual,1,volkswagen,volkswagen polo
2012,260000.0,89000.0,Diesel,manual,1,mahindra,mahindra quanto
2013,950000.0,80000.0,Diesel,manual,1,toyota,toyota innova
2009,250000.0,200000.0,Diesel,manual,1,maruti,maruti swift
2015,630000.0,50000.0,Diesel,manual,1,mahindra,mahindra scorpio
2012,35000.0,35000.0,Petrol,manual,1,tata,tata nano
2014,330000.0,200000.0,Diesel,manual,1,chevrolet,chevrolet enjoy
2009,150000.0,120000.0,Petrol,manual,1,maruti,maruti alto
2008,105000.0,90000.0,Diesel,manual,1,tata,tata indigo
2013,185000.0,65000.0,Diesel,manual,1,tata,tata indica
2014,260000.0,50000.0,Diesel,manual,1,fiat,fiat grande
2012,450000.0,33000.0,Diesel,manual,1,maruti,maruti swift
2016,500000.0,38000.0,Petrol,manual,1,maruti,maruti swift
2012,260000.0,40000.0,Petrol,manual,1,maruti,maruti alto
2012,265000.0,55000.0,Diesel,manual,1,volkswagen,volkswagen polo
2017,800000.0,26000.0,Diesel,manual,1,mahindra,mahindra thar
2016,869999.0,80000.0,Diesel,manual,1,tata,tata safari
2018,690000.0,40000.0,Petrol,manual,1,maruti,maruti baleno
2011,825000.0,120000.0,Diesel,manual,1,mitsubishi,mitsubishi pajero
2006,160000.0,63230.0,Petrol,manual,1,maruti,maruti alto
2006,300000.0,120000.0,Diesel,manual,1,mahindra,mahindra scorpio
2005,100000.0,100000.0,Petrol,manual,1,maruti,maruti wagon
2015,530000.0,77000.0,Diesel,manual,1,hyundai,hyundai i20
2016,360000.0,30000.0,Petrol,manual,1,maruti,maruti swift
2015,220000.0,40000.0,Petrol,manual,1,maruti,maruti swift
2017,178000.0,35000.0,Petrol,manual,1,maruti,maruti alto
2018,515000.0,5000.0,Diesel,manual,1,mahindra,mahindra thar
2014,300000.0,35000.0,Petrol,manual,1,maruti,maruti ritz
2012,150000.0,80000.0,Diesel,manual,1,tata,tata indica
2017,750000.0,15000.0,Petrol,manual,1,tata,tata nexon
2012,950000.0,80000.0,Diesel,manual,1,toyota,toyota innova
2006,90000.0,40000.0,Petrol,manual,1,maruti,maruti 800
2008,65000.0,110000.0,Petrol,manual,1,tata,tata indica
2012,312000.0,90000.0,Diesel,manual,1,hyundai,hyundai verna
2018,700000.0,25000.0,Diesel,manual,1,maruti,maruti vitara
2005,150000.0,47000.0,Petrol,manual,1,hyundai,hyundai santro
2013,450000.0,60000.0,Diesel,manual,1,renault,renault fluence
2010,229999.0,120000.0,Diesel,manual,1,hyundai,hyundai verna
2008,111000.0,120000.0,Diesel,manual,1,maruti,maruti swift
2012,250000.0,140000.0,Diesel,manual,1,maruti,maruti swift
2017,600000.0,35122.0,Diesel,manual,1,ford,ford figo
2015,455000.0,92621.0,Diesel,manual,1,maruti,maruti swift
2015,225000.0,92198.0,Petrol,manual,1,datsun,datsun go
2019,650000.0,5000.0,Diesel,manual,1,maruti,maruti swift
2013,200000.0,50000.0,Petrol,manual,1,chevrolet,chevrolet beat
2016,875000.0,74000.0,Diesel,automatic,1,hyundai,hyundai creta
2017,750000.0,40000.0,Diesel,automatic,1,skoda,skoda rapid
2019,725000.0,22000.0,Diesel,automatic,1,maruti,maruti swift
2007,100000.0,100000.0,Petrol,manual,1,maruti,maruti alto
2019,1100000.0,40000.0,Diesel,manual,1,tata,tata hexa
2016,280000.0,23000.0,Petrol,manual,1,renault,renault kwid
2009,150000.0,30000.0,Diesel,manual,1,tata,tata indica
2010,200000.0,50000.0,Petrol,manual,1,tata,tata manza
2010,148000.0,100000.0,Diesel,manual,1,maruti,maruti ritz
2011,254999.0,70000.0,Petrol,manual,1,maruti,maruti swift
2013,360000.0,60000.0,Petrol,manual,1,maruti,maruti swift
2006,95000.0,90000.0,Petrol,manual,1,maruti,maruti alto
2007,185000.0,230000.0,Diesel,manual,1,mahindra,mahindra bolero
2012,185000.0,40000.0,Diesel,manual,1,tata,tata indica
2019,300000.0,15000.0,Petrol,manual,1,renault,renault kwid
2018,800000.0,40000.0,Petrol,manual,1,hyundai,hyundai verna
2000,60000.0,50000.0,Petrol,manual,1,maruti,maruti zen
2010,80000.0,50000.0,Petrol,manual,1,fiat,fiat punto
2018,500000.0,8000.0,Petrol,manual,1,hyundai,hyundai xcent
2013,250000.0,35000.0,Petrol,manual,1,hyundai,hyundai eon
2010,250000.0,80000.0,Diesel,manual,1,tata,tata new
2005,125000.0,50000.0,Petrol,manual,1,maruti,maruti wagon
2002,100000.0,80000.0,Petrol,manual,1,maruti,maruti alto
2010,480000.0,90000.0,Diesel,manual,1,mahindra,mahindra scorpio
2018,320000.0,30000.0,Petrol,manual,1,mahindra,mahindra kuv
2010,130000.0,70000.0,Petrol,manual,1,maruti,maruti a-star
2006,57000.0,80000.0,Diesel,manual,1,tata,tata indica
2005,75000.0,60000.0,Petrol,manual,1,hyundai,hyundai santro
2003,60000.0,35000.0,Petrol,manual,1,maruti,maruti 800
2008,125000.0,70000.0,Petrol,manual,1,maruti,maruti alto
2004,105000.0,100000.0,Petrol,manual,1,honda,honda city
2008,125000.0,152000.0,Lpg,manual,1,maruti,maruti wagon
1998,69000.0,70000.0,Petrol,manual,1,maruti,maruti zen
2012,130000.0,90000.0,Diesel,manual,1,tata,tata indigo
2019,630000.0,40000.0,Petrol,manual,1,maruti,maruti baleno
2016,330000.0,50000.0,Petrol,manual,1,honda,honda amaze
2014,340000.0,15000.0,Petrol,manual,1,maruti,maruti wagon
2006,60000.0,120000.0,Petrol,manual,1,hyundai,hyundai santro
2014,550000.0,78322.0,Diesel,manual,1,tata,tata safari
2014,480000.0,110000.0,Diesel,manual,1,maruti,maruti ertiga
2013,315000.0,80000.0,Diesel,manual,1,hyundai,hyundai verna
2012,165000.0,120000.0,Diesel,manual,1,ford,ford fiesta
2016,170000.0,125000.0,Petrol,manual,1,chevrolet,chevrolet beat
2018,550000.0,8000.0,Petrol,manual,1,maruti,maruti baleno
2018,465000.0,13000.0,Petrol,manual,1,volkswagen,volkswagen ameo
2012,120000.0,80000.0,Diesel,manual,1,tata,tata indica
2008,220000.0,54309.0,Petrol,manual,1,hyundai,hyundai verna
2011,180000.0,70000.0,Diesel,manual,1,ford,ford figo
2006,150000.0,34600.0,Petrol,manual,1,chevrolet,chevrolet aveo
2016,520000.0,25000.0,Petrol,manual,1,tata,tata zest
2013,430000.0,80000.0,Diesel,manual,1,tata,tata safari
2009,300000.0,55000.0,Diesel,manual,1,mahindra,mahindra bolero
2020,1000000.0,5000.0,Diesel,manual,1,hyundai,hyundai venue
2017,725000.0,30000.0,Diesel,manual,1,honda,honda wr-v
2011,500000.0,31000.0,Diesel,manual,1,hyundai,hyundai verna
2011,250000.0,50000.0,Petrol,manual,1,maruti,maruti wagon
2018,700000.0,38217.0,Diesel,manual,1,maruti,maruti swift
2011,185000.0,50000.0,Petrol,manual,1,ford,ford figo
2011,200000.0,120000.0,Diesel,manual,1,maruti,maruti ritz
2004,315000.0,110000.0,Diesel,manual,1,mahindra,mahindra bolero
2016,370000.0,60000.0,Petrol,manual,1,mahindra,mahindra kuv
2011,250000.0,50000.0,Petrol,manual,1,hyundai,hyundai i10
2019,500000.0,15000.0,Petrol,manual,1,maruti,maruti ignis
2008,400000.0,35000.0,Petrol,manual,1,toyota,toyota corolla
2014,200000.0,100000.0,Diesel,manual,1,tata,tata manza
2016,284000.0,40000.0,Diesel,manual,1,maruti,maruti swift
2007,80000.0,60000.0,Petrol,manual,1,maruti,maruti wagon
2014,170000.0,77000.0,Petrol,manual,1,chevrolet,chevrolet beat
2011,150000.0,60000.0,Petrol,manual,1,hyundai,hyundai accent
2010,110000.0,77073.0,Petrol,manual,1,tata,tata manza
2016,400000.0,70000.0,Diesel,manual,1,ford,ford figo
2013,275000.0,90000.0,Lpg,manual,1,hyundai,hyundai i10
2013,800000.0,186000.0,Diesel,manual,1,toyota,toyota innova
2014,550000.0,90000.0,Diesel,manual,1,mahindra,mahindra scorpio
2007,125000.0,100000.0,Petrol,manual,1,maruti,maruti alto
2010,135000.0,80000.0,Petrol,manual,1,chevrolet,chevrolet beat
2012,349000.0,150000.0,Diesel,manual,1,mahindra,mahindra scorpio
2014,458000.0,80000.0,Diesel,manual,1,maruti,maruti swift
2018,300000.0,35000.0,Petrol,manual,1,maruti,maruti alto
2008,95000.0,70000.0,Petrol,manual,1,maruti,maruti alto
2018,850000.0,50000.0,Diesel,manual,1,maruti,maruti s-cross
2019,750000.0,25000.0,Diesel,manual,1,ford,ford freestyle
2013,190000.0,120000.0,Diesel,manual,1,ford,ford figo
2009,150000.0,70000.0,Petrol,manual,1,maruti,maruti wagon
2009,114999.0,106000.0,Petrol,manual,1,hyundai,hyundai accent
2010,320000.0,120000.0,Petrol,manual,1,toyota,toyota innova
2019,300000.0,120000.0,Cng,manual,1,maruti,maruti alto
2016,275000.0,160000.0,Petrol,manual,1,maruti,maruti ritz
2010,140000.0,120000.0,Petrol,manual,1,chevrolet,chevrolet aveo
2020,830000.0,10000.0,Petrol,manual,1,tata,tata altroz
2013,380000.0,50000.0,Petrol,manual,1,volkswagen,volkswagen polo
2010,150000.0,90000.0,Petrol,manual,1,hyundai,hyundai i10
2008,50000.0,70000.0,Petrol,manual,1,chevrolet,chevrolet spark
2008,155000.0,100000.0,Diesel,manual,1,mahindra,mahindra bolero
2010,300000.0,80000.0,Petrol,manual,1,skoda,skoda superb
2018,300000.0,16584.0,Petrol,manual,1,maruti,maruti alto
2016,385000.0,38000.0,Diesel,manual,1,tata,tata tiago
2010,221000.0,51000.0,Petrol,manual,1,maruti,maruti wagon
2016,381000.0,38000.0,Diesel,manual,1,tata,tata tiago
2015,250999.0,35000.0,Petrol,manual,1,maruti,maruti alto
2002,60000.0,120000.0,Petrol,manual,1,hyundai,hyundai santro
2016,380000.0,38000.0,Diesel,manual,1,tata,tata tiago
2008,180000.0,144000.0,Diesel,manual,1,skoda,skoda laura
2017,751000.0,64000.0,Diesel,manual,1,maruti,maruti ciaz
2015,1250000.0,60000.0,Diesel,automatic,1,mahindra,mahindra xuv500
2014,229999.0,65000.0,Petrol,manual,1,hyundai,hyundai eon
2019,1250000.0,24000.0,Diesel,manual,1,tata,tata safari
2014,782000.0,58000.0,Diesel,manual,1,mahindra,mahindra scorpio
2014,780000.0,58000.0,Diesel,manual,1,mahindra,mahindra scorpio
2016,245000.0,68000.0,Petrol,manual,1,maruti,maruti alto
2011,321000.0,81257.0,Diesel,manual,1,hyundai,hyundai i20
2017,509999.0,44000.0,Diesel,manual,1,hyundai,hyundai grand
2015,110000.0,45000.0,Petrol,manual,1,tata,tata nano
2013,400000.0,75000.0,Diesel,manual,1,volkswagen,volkswagen polo
2013,370000.0,90000.0,Petrol,manual,1,maruti,maruti swift
2007,175000.0,80000.0,Diesel,manual,1,hyundai,hyundai verna
1998,1000000.0,35000.0,Petrol,automatic,1,mercedes-benz,mercedes-benz e-class
2013,92800.0,25000.0,Petrol,manual,1,maruti,maruti alto
2014,291000.0,90000.0,Diesel,manual,1,tata,tata xenon
2013,335000.0,110000.0,Diesel,manual,1,hyundai,hyundai verna
2013,170000.0,35000.0,Petrol,manual,1,maruti,maruti omni
2019,295000.0,10000.0,Petrol,manual,1,maruti,maruti alto
2019,375000.0,10000.0,Petrol,manual,1,renault,renault kwid
2012,215000.0,70000.0,Petrol,manual,1,hyundai,hyundai eon
2009,150000.0,110000.0,Diesel,manual,1,ford,ford fiesta
2003,60000.0,5000.0,Petrol,manual,1,maruti,maruti alto
2012,280000.0,110000.0,Diesel,manual,1,tata,tata new
2016,450000.0,50000.0,Diesel,manual,1,toyota,toyota etios
2018,1150000.0,58000.0,Diesel,manual,1,mahindra,mahindra xuv500
2018,650000.0,15000.0,Diesel,manual,1,maruti,maruti baleno
2015,300000.0,60000.0,Petrol,manual,1,tata,tata zest
2015,73000.0,57000.0,Petrol,manual,1,tata,tata nano
2015,400000.0,87000.0,Diesel,manual,1,maruti,maruti swift
2017,300000.0,70000.0,Petrol,manual,1,renault,renault kwid
2012,300000.0,30000.0,Petrol,automatic,1,maruti,maruti wagon
2012,450000.0,80000.0,Diesel,manual,1,maruti,maruti swift
2009,200000.0,100000.0,Petrol,manual,1,hyundai,hyundai santro
2019,580000.0,40000.0,Petrol,manual,1,maruti,maruti swift
2017,550000.0,3917.0,Petrol,manual,1,hyundai,hyundai grand
2007,190000.0,160000.0,Diesel,manual,1,mahindra,mahindra scorpio
2017,450000.0,35000.0,Diesel,manual,1,tata,tata tiago
2014,220000.0,70000.0,Petrol,manual,1,chevrolet,chevrolet spark
2012,310000.0,69069.0,Petrol,manual,1,maruti,maruti sx4
2019,650000.0,13500.0,Petrol,manual,1,hyundai,hyundai elite
2014,300000.0,59059.0,Petrol,manual,1,maruti,maruti wagon
2013,200000.0,70000.0,Petrol,manual,1,hyundai,hyundai accent
2012,285000.0,39039.0,Petrol,manual,1,honda,honda brio
2014,335000.0,33033.0,Petrol,manual,1,honda,honda brio
2011,370000.0,55168.0,Petrol,manual,1,hyundai,hyundai verna
2013,375000.0,41041.0,Petrol,manual,1,hyundai,hyundai i20
2009,235000.0,67067.0,Petrol,manual,1,hyundai,hyundai i10
2013,345000.0,66066.0,Petrol,automatic,1,hyundai,hyundai i10
2013,365000.0,82082.0,Diesel,manual,1,mahindra,mahindra quanto
2014,400000.0,48000.0,Petrol,manual,1,hyundai,hyundai grand
2012,465000.0,70070.0,Diesel,automatic,1,hyundai,hyundai verna
2017,300000.0,10000.0,Petrol,manual,1,renault,renault kwid
2018,655000.0,25000.0,Petrol,manual,1,maruti,maruti swift
2016,350000.0,30000.0,Cng,manual,1,maruti,maruti wagon
2015,500000.0,50000.0,Petrol,automatic,1,hyundai,hyundai i10
2015,465000.0,63063.0,Petrol,automatic,1,hyundai,hyundai grand
2008,263000.0,70000.0,Diesel,manual,1,maruti,maruti swift
2012,250000.0,90000.0,Petrol,manual,1,maruti,maruti omni
1999,60000.0,90000.0,Petrol,manual,1,hyundai,hyundai accent
2005,70000.0,90000.0,Petrol,manual,1,hyundai,hyundai getz
2017,650000.0,140000.0,Diesel,manual,1,honda,honda wr-v
2014,370000.0,80000.0,Diesel,manual,1,hyundai,hyundai i20
2016,509999.0,40000.0,Diesel,manual,1,maruti,maruti swift
2011,280000.0,33000.0,Petrol,manual,1,maruti,maruti zen
2010,180000.0,40000.0,Petrol,manual,1,maruti,maruti a-star
2017,650000.0,6000.0,Petrol,manual,1,ford,ford ecosport
2010,200000.0,78000.0,Diesel,manual,1,hyundai,hyundai verna
2011,210000.0,72000.0,Diesel,manual,1,hyundai,hyundai verna
2011,75000.0,9528.0,Petrol,manual,1,tata,tata nano
2011,450000.0,135200.0,Diesel,manual,1,toyota,toyota innova
2011,220000.0,58000.0,Petrol,manual,1,hyundai,hyundai i20
2013,325000.0,78000.0,Diesel,manual,1,hyundai,hyundai i20
2018,450000.0,45000.0,Petrol,manual,1,tata,tata zest
2017,825000.0,35000.0,Diesel,manual,1,ford,ford ecosport
2007,125000.0,76000.0,Petrol,manual,1,hyundai,hyundai accent
2015,434999.0,100000.0,Diesel,manual,1,mahindra,mahindra xylo
2011,484999.0,99000.0,Diesel,manual,1,mahindra,mahindra scorpio
2009,175000.0,80000.0,Diesel,manual,1,maruti,maruti ritz
2006,220000.0,120000.0,Petrol,manual,1,honda,honda civic
2017,215000.0,34000.0,Petrol,manual,1,maruti,maruti omni
2014,625000.0,68000.0,Diesel,manual,1,mahindra,mahindra xuv500
2018,615000.0,15000.0,Diesel,manual,1,ford,ford ecosport
2012,130000.0,58000.0,Diesel,manual,1,chevrolet,chevrolet beat
2013,175000.0,50300.0,Diesel,manual,1,tata,tata indigo
2011,150000.0,70000.0,Diesel,manual,1,tata,tata indigo
2011,195000.0,60000.0,Diesel,manual,1,tata,tata indica
2020,550000.0,90000.0,Diesel,manual,1,maruti,maruti ertiga
2010,400000.0,80000.0,Petrol,manual,1,skoda,skoda superb
2019,1350000.0,15000.0,Diesel,manual,1,nissan,nissan kicks
2015,217000.0,45000.0,Petrol,manual,1,maruti,maruti swift
2011,290000.0,130000.0,Diesel,manual,1,maruti,maruti swift
2018,700000.0,80000.0,Diesel,manual,1,mahindra,mahindra bolero
2014,175000.0,40000.0,Petrol,manual,1,maruti,maruti alto
2017,575000.0,80000.0,Diesel,manual,1,volkswagen,volkswagen ameo
2016,380000.0,100000.0,Diesel,manual,1,maruti,maruti ritz
2013,350000.0,151624.0,Diesel,manual,1,mahindra,mahindra xylo
2012,450000.0,160000.0,Diesel,manual,1,renault,renault duster
2005,130000.0,110000.0,Cng,manual,1,hyundai,hyundai santro
2015,320000.0,74820.0,Diesel,manual,1,maruti,maruti swift
2014,550000.0,82000.0,Diesel,manual,1,mahindra,mahindra xuv500
2015,370000.0,50000.0,Petrol,manual,1,maruti,maruti wagon
2010,114999.0,70000.0,Petrol,manual,1,chevrolet,chevrolet beat
2006,170000.0,170000.0,Diesel,manual,1,hyundai,hyundai tucson
2008,80000.0,150000.0,Diesel,manual,1,tata,tata indigo
2019,950000.0,17000.0,Diesel,manual,1,ford,ford ecosport
2014,425000.0,150000.0,Diesel,manual,1,maruti,maruti swift
2015,500000.0,80000.0,Diesel,manual,1,hyundai,hyundai i20
2005,70000.0,170000.0,Petrol,manual,1,hyundai,hyundai santro
2013,349000.0,120000.0,Diesel,manual,1,honda,honda amaze
2012,330000.0,90000.0,Petrol,manual,1,hyundai,hyundai i20
2010,120000.0,90000.0,Petrol,manual,1,hyundai,hyundai santro
2013,430000.0,100000.0,Diesel,manual,1,hyundai,hyundai verna
2014,390000.0,90000.0,Diesel,manual,1,maruti,maruti swift
2012,225000.0,129000.0,Diesel,manual,1,nissan,nissan micra
2010,350000.0,186000.0,Diesel,automatic,1,mahindra,mahindra scorpio
2009,100000.0,66778.0,Diesel,manual,1,tata,tata sumo
2014,190000.0,50000.0,Petrol,manual,1,hyundai,hyundai eon
2014,315000.0,110000.0,Diesel,manual,1,hyundai,hyundai i20
2015,300000.0,60000.0,Diesel,manual,1,hyundai,hyundai grand
2016,280000.0,40000.0,Petrol,manual,1,renault,renault kwid
2018,539000.0,10000.0,Petrol,manual,1,tata,tata tiago
2017,420000.0,50000.0,Petrol,manual,1,maruti,maruti celerio
2001,85000.0,70000.0,Petrol,manual,1,maruti,maruti omni
2004,142000.0,73000.0,Petrol,manual,1,opelcorsa,opelcorsa 1.6gls
2014,180000.0,76000.0,Petrol,manual,1,hyundai,hyundai eon
2014,400000.0,120000.0,Diesel,manual,1,chevrolet,chevrolet tavera
2009,360000.0,170000.0,Diesel,automatic,1,mahindra,mahindra scorpio
2003,85000.0,110000.0,Petrol,manual,1,hyundai,hyundai santro
2016,350000.0,63400.0,Petrol,manual,1,honda,honda brio
2015,380000.0,25000.0,Petrol,manual,1,datsun,datsun go
2009,140000.0,80000.0,Petrol,manual,1,hyundai,hyundai i10
2012,200000.0,90000.0,Petrol,manual,1,maruti,maruti wagon
2011,150000.0,157000.0,Petrol,manual,1,hyundai,hyundai santro
2007,300000.0,100000.0,Diesel,manual,1,mahindra,mahindra bolero
2017,280000.0,50000.0,Petrol,manual,1,renault,renault kwid
2011,200000.0,40000.0,Petrol,manual,1,maruti,maruti alto
2009,110000.0,38500.0,Petrol,manual,1,chevrolet,chevrolet aveo
2008,140000.0,103921.0,Petrol,manual,1,hyundai,hyundai i10
2018,1150000.0,14825.0,Petrol,manual,1,honda,honda city
2016,910000.0,43377.0,Diesel,manual,1,honda,honda br-v
2010,160000.0,102307.0,Diesel,manual,1,ford,ford figo
2004,105000.0,79000.0,Petrol,manual,1,maruti,maruti zen
2004,70000.0,90000.0,Petrol,manual,1,maruti,maruti wagon
2012,160000.0,110000.0,Diesel,manual,1,chevrolet,chevrolet beat
2013,225000.0,80000.0,Diesel,manual,1,chevrolet,chevrolet sail
2002,145000.0,100000.0,Petrol,manual,1,honda,honda city
2018,930000.0,20000.0,Diesel,manual,1,ford,ford ecosport
2008,110000.0,154000.0,Diesel,manual,1,hyundai,hyundai getz
2017,650000.0,40000.0,Diesel,manual,1,renault,renault lodgy
2019,550000.0,51000.0,Petrol,manual,1,maruti,maruti swift
2008,85000.0,120000.0,Petrol,manual,1,maruti,maruti alto
2016,509999.0,35000.0,Petrol,manual,1,toyota,toyota etios
2017,650000.0,70000.0,Diesel,manual,1,maruti,maruti baleno
2011,140000.0,60000.0,Petrol,manual,1,chevrolet,chevrolet spark
2011,150000.0,70000.0,Petrol,manual,1,maruti,maruti alto
2018,450000.0,10000.0,Petrol,manual,1,datsun,datsun go
2006,170000.0,245244.0,Diesel,manual,1,hyundai,hyundai accent
2017,400000.0,60000.0,Petrol,manual,1,renault,renault kwid
2016,300000.0,30000.0,Petrol,manual,1,tata,tata tiago
2012,250000.0,8000.0,Petrol,manual,1,maruti,maruti alto
2019,500000.0,10000.0,Petrol,manual,1,tata,tata tigor
2002,85000.0,100000.0,Diesel,manual,1,hyundai,hyundai accent
2012,300000.0,110000.0,Diesel,manual,1,nissan,nissan sunny
2015,740000.0,45000.0,Diesel,automatic,1,mahindra,mahindra xuv500
2005,70000.0,68500.0,Petrol,manual,1,hyundai,hyundai santro
2019,484999.0,5007.0,Petrol,automatic,1,hyundai,hyundai santro
2013,164000.0,30000.0,Petrol,manual,1,nissan,nissan micra
2008,140000.0,70000.0,Petrol,automatic,1,honda,honda city
2011,999000.0,49600.0,Diesel,automatic,1,mercedes-benz,mercedes-benz e-class
2005,56000.0,23000.0,Petrol,manual,1,maruti,maruti alto
2006,1050000.0,30000.0,Diesel,automatic,1,bmw,bmw 7
2010,190000.0,38000.0,Petrol,manual,1,hyundai,hyundai verna
2011,235000.0,43100.0,Petrol,manual,1,hyundai,hyundai i10
2017,350000.0,10171.0,Petrol,manual,1,datsun,datsun go
2015,465000.0,41123.0,Diesel,manual,1,renault,renault duster
2014,450000.0,40000.0,Diesel,manual,1,honda,honda city
2015,790000.0,52517.0,Diesel,manual,1,volkswagen,volkswagen jetta
2019,900000.0,20000.0,Diesel,manual,1,mahindra,mahindra marazzo
2014,450000.0,99117.0,Diesel,manual,1,ford,ford ecosport
2009,135000.0,90000.0,Petrol,manual,1,chevrolet,chevrolet spark
2019,425000.0,3700.0,Petrol,manual,1,maruti,maruti celerio
2010,100000.0,80000.0,Diesel,manual,1,tata,tata indica
2015,650000.0,100000.0,Diesel,manual,1,ford,ford ecosport
2011,90000.0,54000.0,Diesel,manual,1,tata,tata indica
2017,250000.0,19000.0,Petrol,manual,1,hyundai,hyundai eon
2014,300000.0,120000.0,Diesel,manual,1,maruti,maruti swift
2014,275000.0,30000.0,Petrol,manual,1,maruti,maruti wagon
2017,600000.0,43500.0,Petrol,manual,1,honda,honda brv
2016,270000.0,60000.0,Petrol,manual,1,renault,renault kwid
2016,350000.0,20000.0,Petrol,manual,1,renault,renault kwid
1998,65000.0,60000.0,Petrol,manual,1,maruti,maruti omni
2015,650000.0,58000.0,Diesel,manual,1,maruti,maruti swift
2014,350000.0,40000.0,Petrol,manual,1,maruti,maruti wagon
2005,75000.0,70000.0,Petrol,manual,1,maruti,maruti wagon
2012,440000.0,70000.0,Diesel,manual,1,hyundai,hyundai i20
2013,270000.0,60000.0,Petrol,manual,1,hyundai,hyundai santro
2014,1150000.0,135000.0,Diesel,manual,1,toyota,toyota innova
2015,238000.0,70000.0,Petrol,manual,1,maruti,maruti omni
2013,1100000.0,40000.0,Petrol,automatic,1,mercedes-benz,mercedes-benz b
2015,1200000.0,75000.0,Diesel,manual,1,mahindra,mahindra xuv500
2010,260000.0,150000.0,Diesel,manual,1,skoda,skoda fabia
2012,350000.0,140000.0,Diesel,manual,1,toyota,toyota etios
2015,480000.0,70000.0,Diesel,manual,1,toyota,toyota etios
2012,345000.0,137250.0,Diesel,manual,1,toyota,toyota etios
2013,500000.0,110000.0,Diesel,manual,1,mahindra,mahindra scorpio
2017,595000.0,27000.0,Petrol,manual,1,hyundai,hyundai grand
2019,1295000.0,9000.0,Diesel,manual,1,hyundai,hyundai verna
2019,1350000.0,5400.0,Diesel,manual,1,volkswagen,volkswagen vento
2018,515000.0,16000.0,Petrol,manual,1,hyundai,hyundai santro
2019,894999.0,13000.0,Diesel,manual,1,ford,ford figo
2012,325000.0,47000.0,Diesel,manual,1,renault,renault pulse
2018,925000.0,22000.0,Petrol,manual,1,maruti,maruti ciaz
2017,844999.0,30000.0,Petrol,manual,1,nissan,nissan terrano
2018,925000.0,20000.0,Petrol,manual,1,maruti,maruti ciaz
2013,300000.0,60000.0,Diesel,manual,1,tata,tata manza
2008,650000.0,75000.0,Petrol,manual,1,toyota,toyota camry
2010,175000.0,64000.0,Petrol,manual,1,maruti,maruti alto
2015,325000.0,80000.0,Diesel,manual,1,maruti,maruti sx4
2017,600000.0,90000.0,Diesel,manual,1,renault,renault duster
2018,700000.0,30000.0,Petrol,manual,1,maruti,maruti swift
2003,95000.0,120000.0,Petrol,automatic,1,toyota,toyota corolla
2019,490000.0,20000.0,Petrol,manual,1,maruti,maruti celerio
2013,380000.0,100000.0,Diesel,manual,1,tata,tata safari
2018,550000.0,31000.0,Petrol,manual,1,hyundai,hyundai grand
2013,225000.0,47000.0,Petrol,manual,1,maruti,maruti alto
2018,570000.0,11200.0,Petrol,manual,1,tata,tata nexon
2018,305000.0,35000.0,Petrol,manual,1,maruti,maruti alto
2010,240000.0,50000.0,Lpg,manual,1,maruti,maruti wagon
2015,700000.0,55000.0,Diesel,manual,1,maruti,maruti ertiga
2018,288000.0,20000.0,Petrol,manual,1,maruti,maruti omni
2017,800000.0,75000.0,Diesel,manual,1,mahindra,mahindra bolero
2017,430000.0,93000.0,Petrol,manual,1,maruti,maruti celerio
2009,195000.0,57000.0,Diesel,manual,1,chevrolet,chevrolet beat
2014,325000.0,30000.0,Petrol,manual,1,maruti,maruti eeco
2013,450000.0,73000.0,Diesel,manual,1,renault,renault duster
2016,630000.0,65000.0,Diesel,manual,1,maruti,maruti swift
2009,250000.0,62000.0,Petrol,manual,1,maruti,maruti swift
2007,135000.0,85000.0,Petrol,manual,1,hyundai,hyundai santro
2010,110000.0,73000.0,Petrol,manual,1,chevrolet,chevrolet spark
2012,350000.0,55000.0,Diesel,manual,1,maruti,maruti swift
2016,240000.0,5800.0,Petrol,manual,1,maruti,maruti omni
2009,350000.0,350000.0,Diesel,manual,1,toyota,toyota innova
2018,600000.0,30000.0,Petrol,manual,1,maruti,maruti swift
2018,750000.0,20000.0,Diesel,manual,1,maruti,maruti swift
2018,270000.0,20000.0,Petrol,manual,1,hyundai,hyundai eon
2007,90000.0,100000.0,Petrol,manual,1,maruti,maruti alto
2013,350000.0,65000.0,Petrol,manual,1,maruti,maruti wagon
2013,285000.0,90000.0,Diesel,manual,1,ford,ford figo
2011,665000.0,267000.0,Diesel,manual,1,toyota,toyota innova
2005,175000.0,250000.0,Diesel,manual,1,mahindra,mahindra scorpio
2011,350000.0,140000.0,Diesel,manual,1,mahindra,mahindra xylo
2018,1225000.0,22000.0,Petrol,automatic,1,honda,honda city
2010,285000.0,60000.0,Petrol,manual,1,honda,honda jazz
2018,1000000.0,28635.0,Petrol,manual,1,honda,honda city
2018,780000.0,32114.0,Diesel,manual,1,honda,honda amaze
2014,300000.0,82000.0,Petrol,manual,1,maruti,maruti celerio
2006,160000.0,95149.0,Petrol,manual,1,maruti,maruti swift
2018,625000.0,68458.0,Petrol,manual,1,honda,honda amaze
2010,265000.0,42000.0,Petrol,manual,1,maruti,maruti ritz
2014,515000.0,90000.0,Diesel,manual,1,honda,honda city
2016,650000.0,100000.0,Diesel,manual,1,hyundai,hyundai i20
2017,650000.0,80000.0,Diesel,manual,1,mahindra,mahindra tuv
2010,150000.0,105546.0,Petrol,manual,1,hyundai,hyundai getz
2018,500000.0,10000.0,Petrol,manual,1,toyota,toyota etios
2012,1000000.0,80000.0,Diesel,manual,1,toyota,toyota innova
2013,340000.0,35000.0,Petrol,manual,1,hyundai,hyundai i20
2013,1010000.0,120000.0,Diesel,manual,1,toyota,toyota innova
2011,350000.0,120000.0,Diesel,manual,1,toyota,toyota etios
2016,595000.0,70000.0,Diesel,manual,1,maruti,maruti swift
2014,700000.0,130000.0,Diesel,manual,1,mahindra,mahindra scorpio
2019,265000.0,40000.0,Petrol,manual,1,renault,renault kwid
2015,320000.0,60000.0,Petrol,manual,1,maruti,maruti alto
2011,310000.0,110000.0,Petrol,manual,1,honda,honda city
2014,700000.0,130000.0,Diesel,manual,1,honda,honda city
2009,130000.0,80000.0,Petrol,manual,1,maruti,maruti alto
2009,150000.0,120000.0,Diesel,manual,1,maruti,maruti swift
2015,300000.0,104000.0,Diesel,manual,1,honda,honda amaze
2011,150000.0,100000.0,Petrol,manual,1,maruti,maruti swift
2003,120000.0,132343.0,Petrol,manual,1,honda,honda city
2016,950000.0,90000.0,Diesel,manual,1,hyundai,hyundai creta
2007,100000.0,60000.0,Petrol,manual,1,maruti,maruti wagon
2015,450000.0,76000.0,Diesel,manual,1,honda,honda jazz
2004,30000.0,60000.0,Petrol,manual,1,maruti,maruti 800
2009,200000.0,30000.0,Petrol,manual,1,mahindra,mahindra renault
2010,250000.0,96000.0,Diesel,manual,1,tata,tata indigo
2015,280000.0,26134.0,Petrol,manual,1,maruti,maruti alto
2011,260000.0,52895.0,Diesel,manual,1,maruti,maruti ritz
2013,550000.0,42324.0,Diesel,manual,1,hyundai,hyundai verna
2016,1044999.0,65000.0,Diesel,manual,1,mahindra,mahindra xuv500
2012,550000.0,60236.0,Diesel,manual,1,mahindra,mahindra scorpio
2014,210000.0,70000.0,Petrol,manual,1,maruti,maruti wagon
2009,290000.0,100000.0,Diesel,manual,1,mahindra,mahindra xylo
2008,250999.0,110000.0,Diesel,manual,1,fiat,fiat 500
2019,600000.0,10300.0,Petrol,manual,1,renault,renault triber
2014,270000.0,120000.0,Diesel,manual,1,fiat,fiat grande
2012,550000.0,142000.0,Diesel,manual,1,tata,tata new
2017,800000.0,25000.0,Diesel,manual,1,mahindra,mahindra tuv
2020,500000.0,5000.0,Petrol,manual,1,tata,tata altroz
2016,396000.0,28643.0,Petrol,manual,1,hyundai,hyundai grand
2014,600000.0,50000.0,Diesel,manual,1,honda,honda city
2019,575000.0,30000.0,Petrol,manual,1,maruti,maruti wagon
2020,520000.0,5000.0,Petrol,manual,1,hyundai,hyundai santro
2018,1400000.0,30000.0,Diesel,automatic,1,mahindra,mahindra xuv500
2018,600000.0,7600.0,Petrol,automatic,1,maruti,maruti baleno
2013,195000.0,47253.0,Diesel,manual,1,chevrolet,chevrolet beat
2015,281000.0,4432.0,Petrol,automatic,1,maruti,maruti alto
2010,75000.0,110000.0,Petrol,manual,1,tata,tata indica
2014,400000.0,25000.0,Petrol,manual,1,hyundai,hyundai grand
2009,93000.0,70000.0,Diesel,manual,1,tata,tata indica
2016,560000.0,68523.0,Petrol,manual,1,hyundai,hyundai i20
2019,400000.0,5000.0,Petrol,manual,1,hyundai,hyundai eon
2018,459999.0,40000.0,Petrol,manual,1,tata,tata tigor
2017,450000.0,43000.0,Diesel,manual,1,hyundai,hyundai xcent
2010,88000.0,80251.0,Cng,manual,1,maruti,maruti alto
2010,250000.0,34500.0,Petrol,manual,1,hyundai,hyundai i20
2000,22000.0,42743.0,Petrol,manual,1,ford,ford ikon
2013,130000.0,93900.0,Diesel,manual,1,chevrolet,chevrolet beat
2004,79000.0,80000.0,Petrol,manual,1,maruti,maruti zen
2012,120000.0,110000.0,Diesel,manual,1,chevrolet,chevrolet beat
2012,300000.0,25000.0,Diesel,manual,1,chevrolet,chevrolet optra
2009,145000.0,25000.0,Petrol,manual,1,maruti,maruti a-star
2013,240000.0,10000.0,Petrol,manual,1,chevrolet,chevrolet spark
2018,700000.0,30000.0,Diesel,manual,1,honda,honda wr-v
2010,145000.0,110000.0,Petrol,manual,1,hyundai,hyundai accent
2014,535000.0,80000.0,Diesel,manual,1,maruti,maruti ertiga
2016,420000.0,21000.0,Petrol,manual,1,mahindra,mahindra kuv
2016,350000.0,20000.0,Petrol,manual,1,maruti,maruti alto
2015,550000.0,32000.0,Diesel,manual,1,maruti,maruti swift
2007,750000.0,180000.0,Diesel,manual,1,mitsubishi,mitsubishi montero
2012,198000.0,70000.0,Diesel,manual,1,tata,tata indica
2013,420000.0,50000.0,Diesel,manual,1,hyundai,hyundai i20
2004,195000.0,120000.0,Diesel,manual,1,ford,ford endeavour
2012,150000.0,55766.0,Petrol,manual,1,hyundai,hyundai eon
2011,275000.0,40000.0,Petrol,manual,1,nissan,nissan micra
2001,65000.0,60000.0,Petrol,manual,1,maruti,maruti 800
2008,200000.0,50000.0,Petrol,manual,1,maruti,maruti swift
2010,250000.0,110000.0,Diesel,manual,1,maruti,maruti swift
2013,182000.0,100000.0,Diesel,manual,1,tata,tata indigo
2001,85000.0,86000.0,Petrol,manual,1,maruti,maruti zen
2013,400000.0,50000.0,Diesel,manual,1,maruti,maruti swift
2017,650000.0,20000.0,Diesel,manual,1,maruti,maruti baleno
2010,400000.0,50000.0,Petrol,manual,1,hyundai,hyundai i10
2012,295000.0,80000.0,Diesel,manual,1,tata,tata manza
2006,60000.0,135000.0,Lpg,manual,1,maruti,maruti omni
2003,110000.0,120000.0,Diesel,manual,1,maruti,maruti zen
2015,550000.0,113600.0,Diesel,manual,1,fiat,fiat linea
2008,190000.0,70000.0,Petrol,manual,1,hyundai,hyundai santro
2018,861999.0,20000.0,Diesel,manual,1,ford,ford aspire
2018,782000.0,14000.0,Petrol,manual,1,ford,ford aspire
2018,836000.0,26000.0,Diesel,manual,1,ford,ford freestyle
2016,696000.0,138925.0,Petrol,manual,1,honda,honda city
2016,596000.0,121764.0,Diesel,manual,1,honda,honda jazz
2016,612000.0,105429.0,Petrol,manual,1,honda,honda jazz
2015,114999.0,35000.0,Petrol,manual,1,maruti,maruti alto
2017,340000.0,60000.0,Diesel,manual,1,tata,tata bolt
2020,550000.0,5000.0,Petrol,manual,1,maruti,maruti swift
2008,114999.0,70000.0,Petrol,manual,1,chevrolet,chevrolet aveo
2000,105000.0,80000.0,Petrol,manual,1,maruti,maruti wagon
2019,890000.0,20000.0,Diesel,manual,1,maruti,maruti vitara
2019,715000.0,8000.0,Petrol,manual,1,tata,tata nexon
2014,525000.0,54000.0,Petrol,manual,1,hyundai,hyundai i20
2014,475000.0,23122.0,Petrol,manual,1,hyundai,hyundai i20
2012,349000.0,44500.0,Diesel,manual,1,chevrolet,chevrolet cruze
2017,825000.0,13599.0,Petrol,automatic,1,volkswagen,volkswagen polo
2014,550000.0,100000.0,Diesel,manual,1,mahindra,mahindra scorpio
2006,95000.0,110000.0,Petrol,manual,1,maruti,maruti swift
2014,725000.0,90000.0,Diesel,manual,1,toyota,toyota innova
2019,670000.0,17000.0,Petrol,manual,1,tata,tata tigor
2008,65000.0,140000.0,Petrol,manual,1,maruti,maruti alto
2015,500000.0,50000.0,Diesel,manual,1,mahindra,mahindra xylo
2017,600000.0,53000.0,Petrol,manual,1,mahindra,mahindra kuv
2017,350000.0,70000.0,Petrol,manual,1,maruti,maruti wagon
2012,200000.0,70000.0,Diesel,manual,1,chevrolet,chevrolet beat
2012,150000.0,80000.0,Petrol,manual,1,hyundai,hyundai eon
2003,75000.0,110000.0,Diesel,manual,1,maruti,maruti zen
2013,350000.0,90000.0,Diesel,manual,1,honda,honda amaze
2011,890000.0,86000.0,Diesel,automatic,1,bmw,bmw x1
2014,500000.0,120000.0,Diesel,manual,1,mahindra,mahindra scorpio
2019,600000.0,5200.0,Petrol,manual,1,hyundai,hyundai elite
2010,99000.0,60000.0,Petrol,manual,1,chevrolet,chevrolet beat
2011,235000.0,46000.0,Petrol,manual,1,hyundai,hyundai i10
2006,75000.0,40000.0,Petrol,manual,1,tata,tata indigo
2014,600000.0,90000.0,Diesel,manual,1,honda,honda city
2019,1000000.0,25000.0,Diesel,manual,1,hyundai,hyundai verna
2012,390000.0,90000.0,Diesel,manual,1,hyundai,hyundai verna
2015,600000.0,70000.0,Diesel,manual,1,volkswagen,volkswagen polo
2017,600000.0,70000.0,Petrol,manual,1,hyundai,hyundai i20
2019,730000.0,35000.0,Diesel,manual,1,hyundai,hyundai elite
2017,450000.0,12700.0,Petrol,automatic,1,hyundai,hyundai grand
2011,250000.0,80000.0,Diesel,manual,1,maruti,maruti ritz
2018,1400000.0,20000.0,Diesel,manual,1,mahindra,mahindra xuv500
2018,300000.0,20000.0,Petrol,manual,1,renault,renault kwid
2017,800000.0,19000.0,Petrol,manual,1,ford,ford ecosport
2009,125000.0,95000.0,Diesel,manual,1,fiat,fiat grande
2012,295000.0,90000.0,Diesel,manual,1,volkswagen,volkswagen polo
2013,650000.0,45839.0,Petrol,manual,1,ford,ford ecosport
2010,200000.0,74510.0,Petrol,manual,1,chevrolet,chevrolet aveo
2009,130000.0,87293.0,Petrol,manual,1,chevrolet,chevrolet aveo
2012,250000.0,156040.0,Diesel,manual,1,ford,ford figo
2004,400000.0,93415.0,Diesel,manual,1,ford,ford endeavour
2017,430000.0,101159.0,Petrol,manual,1,ford,ford aspire
2015,170000.0,80000.0,Petrol,manual,1,hyundai,hyundai eon
2019,450000.0,12000.0,Petrol,manual,1,tata,tata tiago
2013,350000.0,90000.0,Petrol,manual,1,maruti,maruti swift
2011,130000.0,68519.0,Petrol,manual,1,chevrolet,chevrolet spark
2012,180000.0,55130.0,Diesel,manual,1,chevrolet,chevrolet beat
2014,475000.0,65239.0,Petrol,manual,1,ford,ford ecosport
2015,470000.0,58182.0,Petrol,manual,1,volkswagen,volkswagen polo
2012,200000.0,91245.0,Diesel,manual,1,ford,ford fiesta
2013,650000.0,102989.0,Diesel,manual,1,mahindra,mahindra xuv500
2010,400000.0,50000.0,Petrol,manual,1,honda,honda city
2000,100000.0,120000.0,Petrol,manual,1,maruti,maruti zen
2014,409999.0,90000.0,Diesel,manual,1,maruti,maruti swift
2018,640000.0,25000.0,Diesel,manual,1,maruti,maruti swift
2007,160000.0,80000.0,Petrol,manual,1,maruti,maruti wagon
2018,750000.0,70000.0,Diesel,manual,1,maruti,maruti baleno
2002,150000.0,50000.0,Diesel,manual,1,mahindra,mahindra jeep
2008,80000.0,100000.0,Petrol,manual,1,maruti,maruti alto
2016,240000.0,90000.0,Diesel,manual,1,maruti,maruti celerio
2005,60000.0,60000.0,Petrol,manual,1,maruti,maruti esteem
2007,70000.0,120000.0,Petrol,manual,1,maruti,maruti alto
2008,285000.0,90000.0,Diesel,automatic,1,volkswagen,volkswagen jetta
2015,350000.0,60000.0,Diesel,manual,1,maruti,maruti swift
2015,699000.0,30000.0,Diesel,manual,1,hyundai,hyundai i20
2011,275000.0,108000.0,Diesel,manual,1,ford,ford figo
2012,350000.0,160000.0,Diesel,manual,1,hyundai,hyundai i20
2006,135000.0,90000.0,Petrol,manual,1,maruti,maruti alto
2010,325000.0,120000.0,Diesel,manual,1,mahindra,mahindra xylo
2012,650000.0,102000.0,Diesel,manual,1,mahindra,mahindra xuv500
2009,300000.0,178000.0,Diesel,manual,1,mahindra,mahindra bolero
2014,1200000.0,200000.0,Diesel,manual,1,toyota,toyota innova
2012,450000.0,60000.0,Petrol,manual,1,ford,ford fiesta
2019,425000.0,3000.0,Petrol,manual,1,tata,tata tiago
2006,150000.0,75118.0,Petrol,manual,1,maruti,maruti alto
2013,290000.0,140000.0,Diesel,manual,1,maruti,maruti ritz
2014,335000.0,60000.0,Petrol,manual,1,hyundai,hyundai xcent
2006,120000.0,79000.0,Petrol,manual,1,chevrolet,chevrolet optra
2005,20000.0,25000.0,Petrol,manual,1,ford,ford ikon
2012,220000.0,70000.0,Diesel,manual,1,tata,tata indigo
2005,61000.0,4637.0,Petrol,manual,1,ford,ford ikon
2016,620000.0,70000.0,Diesel,manual,1,maruti,maruti swift
2014,425000.0,100000.0,Diesel,manual,1,maruti,maruti swift
2009,85000.0,120000.0,Diesel,manual,1,tata,tata indica
2015,270000.0,40000.0,Diesel,manual,1,maruti,maruti swift
2009,180000.0,220000.0,Diesel,manual,1,maruti,maruti swift
2017,450000.0,30000.0,Petrol,manual,1,mahindra,mahindra kuv
2012,450000.0,42655.0,Diesel,manual,1,tata,tata new
2017,250000.0,43000.0,Petrol,manual,1,renault,renault kwid
2012,725000.0,70000.0,Diesel,manual,1,toyota,toyota innova
2010,250000.0,55000.0,Petrol,manual,1,hyundai,hyundai i20
2010,99000.0,80000.0,Diesel,manual,1,fiat,fiat punto
2017,350000.0,55000.0,Petrol,manual,1,renault,renault kwid
2018,511000.0,70000.0,Petrol,manual,1,hyundai,hyundai xcent
2012,300000.0,80000.0,Diesel,manual,1,maruti,maruti ritz
2010,1100000.0,110000.0,Petrol,automatic,1,audi,audi q5
2010,125000.0,60000.0,Petrol,manual,1,hyundai,hyundai i10
2018,500000.0,30000.0,Petrol,manual,1,tata,tata tiago
2013,385000.0,80000.0,Diesel,manual,1,renault,renault duster
2012,350000.0,90000.0,Petrol,manual,1,skoda,skoda rapid
2003,60000.0,50000.0,Petrol,manual,1,maruti,maruti 800
2012,300000.0,50000.0,Petrol,manual,1,hyundai,hyundai santro
2012,400000.0,70000.0,Diesel,manual,1,hyundai,hyundai i20
2014,550000.0,110000.0,Diesel,manual,1,ford,ford ecosport
2012,300000.0,80000.0,Petrol,manual,1,nissan,nissan sunny
2012,250000.0,156000.0,Diesel,manual,1,maruti,maruti swift
2012,800000.0,180000.0,Diesel,manual,1,toyota,toyota innova
2018,300000.0,25000.0,Petrol,manual,1,maruti,maruti eeco
2004,80000.0,120000.0,Petrol,manual,1,maruti,maruti alto
2020,1200000.0,11000.0,Diesel,manual,1,mahindra,mahindra scorpio
2017,355000.0,40000.0,Petrol,automatic,1,renault,renault kwid
2015,520000.0,50000.0,Diesel,manual,1,maruti,maruti swift
2012,500000.0,26000.0,Diesel,manual,1,hyundai,hyundai verna
2008,114999.0,30000.0,Petrol,manual,1,maruti,maruti alto
2018,800000.0,20000.0,Diesel,manual,1,mahindra,mahindra tuv
2008,105000.0,30000.0,Petrol,manual,1,maruti,maruti alto
2011,135000.0,78000.0,Petrol,manual,1,maruti,maruti alto
2011,170000.0,40000.0,Petrol,manual,1,maruti,maruti wagon
2014,550000.0,100000.0,Petrol,manual,1,hyundai,hyundai verna
2009,250000.0,70000.0,Petrol,manual,1,honda,honda city
2014,650000.0,30000.0,Diesel,manual,1,hyundai,hyundai elantra
2008,210000.0,77000.0,Petrol,automatic,1,honda,honda city
2011,260000.0,150000.0,Diesel,manual,1,volkswagen,volkswagen vento
2016,750000.0,69000.0,Diesel,manual,1,maruti,maruti swift
2016,1350000.0,120000.0,Diesel,automatic,1,toyota,toyota innova
2012,220000.0,120000.0,Diesel,manual,1,maruti,maruti ritz
2008,110000.0,110000.0,Petrol,manual,1,hyundai,hyundai getz
2017,1230000.0,70000.0,Diesel,automatic,1,mahindra,mahindra xuv500
2013,220000.0,110000.0,Diesel,manual,1,mahindra,mahindra quanto
2009,130000.0,50000.0,Diesel,manual,1,tata,tata indigo
2012,330000.0,44000.0,Petrol,manual,1,hyundai,hyundai i20
2010,254999.0,90000.0,Petrol,manual,1,honda,honda city
2014,600000.0,50000.0,Petrol,manual,1,hyundai,hyundai verna
2012,210000.0,50000.0,Petrol,manual,1,hyundai,hyundai i10
2014,300000.0,146000.0,Diesel,manual,1,chevrolet,chevrolet enjoy
2018,426000.0,15000.0,Petrol,automatic,1,tata,tata tiago
2015,265000.0,60000.0,Petrol,manual,1,maruti,maruti alto
2016,450000.0,35000.0,Petrol,manual,1,hyundai,hyundai xcent
2012,480000.0,80000.0,Diesel,manual,1,hyundai,hyundai verna
2010,40000.0,90000.0,Petrol,manual,1,tata,tata nano
2011,395000.0,70000.0,Petrol,manual,1,honda,honda city
2013,229999.0,62000.0,Petrol,manual,1,maruti,maruti wagon
2018,875000.0,10000.0,Petrol,automatic,1,ford,ford ecosport
2010,170000.0,80000.0,Cng,manual,1,maruti,maruti eeco
2015,500000.0,35000.0,Petrol,manual,1,hyundai,hyundai i20
2019,450000.0,40000.0,Petrol,manual,1,maruti,maruti ignis
2012,550000.0,120000.0,Diesel,manual,1,maruti,maruti ertiga
2013,200000.0,60000.0,Petrol,manual,1,tata,tata manza
2008,80000.0,90000.0,Petrol,manual,1,tata,tata indica
2010,300000.0,250000.0,Diesel,manual,1,tata,tata new
2019,675000.0,15000.0,Diesel,manual,1,ford,ford aspire
2001,70000.0,117000.0,Petrol,manual,1,maruti,maruti wagon
2004,100000.0,70000.0,Petrol,manual,1,maruti,maruti alto
2012,730000.0,110000.0,Diesel,manual,1,toyota,toyota innova
2016,525000.0,100000.0,Diesel,manual,1,nissan,nissan terrano
2016,525000.0,105000.0,Diesel,manual,1,nissan,nissan terrano
2009,550000.0,182000.0,Diesel,manual,1,toyota,toyota innova
2012,420000.0,95000.0,Diesel,manual,1,toyota,toyota corolla
2015,500000.0,70000.0,Petrol,manual,1,honda,honda amaze
2009,165000.0,76000.0,Petrol,manual,1,maruti,maruti wagon
2014,650000.0,70000.0,Diesel,manual,1,hyundai,hyundai verna
2013,195000.0,46000.0,Diesel,manual,1,chevrolet,chevrolet beat
1999,75000.0,70000.0,Petrol,manual,1,maruti,maruti zen
2006,90000.0,90000.0,Petrol,manual,1,maruti,maruti esteem
2016,515000.0,50000.0,Diesel,manual,1,hyundai,hyundai xcent
2017,700000.0,24585.0,Diesel,manual,1,honda,honda jazz
2001,62000.0,70000.0,Petrol,manual,1,maruti,maruti zen
2011,220000.0,110000.0,Diesel,manual,1,toyota,toyota etios
2019,520000.0,10000.0,Cng,manual,1,hyundai,hyundai santro
2010,170000.0,100000.0,Petrol,manual,1,fiat,fiat linea
2011,190000.0,110000.0,Diesel,manual,1,ford,ford figo
2011,150000.0,100000.0,Diesel,manual,1,ford,ford figo
2009,125000.0,65000.0,Petrol,manual,1,maruti,maruti zen
2015,290000.0,40000.0,Diesel,manual,1,honda,honda amaze
2019,490000.0,13900.0,Petrol,manual,1,maruti,maruti celerio
2017,434999.0,17563.0,Petrol,manual,1,tata,tata tigor
2016,380000.0,15000.0,Petrol,manual,1,tata,tata zest
2012,200000.0,82000.0,Diesel,manual,1,volkswagen,volkswagen polo
2016,495000.0,40000.0,Diesel,manual,1,ford,ford figo
2014,894999.0,173000.0,Diesel,manual,1,toyota,toyota innova
2014,600000.0,151000.0,Diesel,manual,1,mahindra,mahindra xuv500
2015,300000.0,50000.0,Petrol,manual,1,honda,honda brio
2017,430000.0,15000.0,Petrol,manual,1,honda,honda amaze
2017,370000.0,80000.0,Diesel,manual,1,honda,honda amaze
2019,750000.0,11000.0,Petrol,manual,1,maruti,maruti baleno
2016,300000.0,50000.0,Cng,manual,1,maruti,maruti alto
2012,700000.0,120000.0,Diesel,automatic,1,bmw,bmw x1
2007,100000.0,70000.0,Lpg,manual,1,maruti,maruti wagon
2015,300000.0,90000.0,Petrol,manual,1,hyundai,hyundai grand
2012,130000.0,185000.0,Diesel,manual,1,tata,tata indica
2016,650000.0,40000.0,Diesel,manual,1,hyundai,hyundai i20
2017,509999.0,25000.0,Diesel,manual,1,maruti,maruti swift
2013,1000000.0,117780.0,Diesel,manual,1,toyota,toyota innova
2010,280000.0,120000.0,Diesel,manual,1,hyundai,hyundai verna
2017,600000.0,120000.0,Diesel,manual,1,maruti,maruti swift
2013,210000.0,120000.0,Diesel,manual,1,skoda,skoda rapid
2014,1150000.0,110000.0,Diesel,automatic,1,audi,audi q3
2018,245000.0,30000.0,Petrol,manual,1,hyundai,hyundai eon
2016,375000.0,25000.0,Petrol,manual,1,hyundai,hyundai grand
2015,150000.0,55000.0,Diesel,manual,1,mahindra,mahindra scorpio
2018,1450000.0,20000.0,Diesel,manual,1,mahindra,mahindra xuv500
2014,500000.0,100000.0,Diesel,manual,1,maruti,maruti ertiga
2007,75000.0,40000.0,Petrol,manual,1,maruti,maruti alto
2006,225000.0,80000.0,Petrol,automatic,1,hyundai,hyundai sonata
2006,275000.0,80000.0,Petrol,automatic,1,hyundai,hyundai sonata
2018,620000.0,35000.0,Diesel,manual,1,mahindra,mahindra bolero
2010,600000.0,110000.0,Diesel,manual,1,nissan,nissan x-trail
2011,275000.0,160000.0,Diesel,manual,1,mahindra,mahindra xylo
2013,125000.0,125000.0,Diesel,manual,1,tata,tata indigo
2011,80000.0,62000.0,Petrol,manual,1,tata,tata indigo
2011,199000.0,120000.0,Diesel,manual,1,nissan,nissan micra
2016,440000.0,33000.0,Petrol,manual,1,nissan,nissan micra
2013,250000.0,80000.0,Diesel,manual,1,maruti,maruti swift
2017,700000.0,35000.0,Diesel,manual,1,hyundai,hyundai i20
2015,450000.0,50000.0,Diesel,manual,1,hyundai,hyundai grand
2019,240000.0,5000.0,Petrol,manual,1,maruti,maruti alto
2016,650000.0,81595.0,Diesel,manual,1,ford,ford ecosport
2005,71000.0,22000.0,Petrol,manual,1,hyundai,hyundai getz
2015,400000.0,40000.0,Petrol,manual,1,maruti,maruti swift
2008,130000.0,40000.0,Petrol,manual,1,maruti,maruti alto
2013,300000.0,70000.0,Diesel,manual,1,mahindra,mahindra scorpio
2019,1100000.0,4000.0,Diesel,manual,1,nissan,nissan kicks
2018,800000.0,13500.0,Petrol,manual,1,honda,honda amaze
2013,490000.0,40000.0,Diesel,manual,1,maruti,maruti ritz
2018,836000.0,9700.0,Petrol,manual,1,honda,honda jazz
2012,375000.0,62000.0,Petrol,manual,1,volkswagen,volkswagen polo
2016,1249000.0,24000.0,Diesel,manual,1,honda,honda br-v
2019,1240000.0,13000.0,Diesel,manual,1,honda,honda wr-v
2009,35000.0,50000.0,Petrol,manual,1,tata,tata nano
2017,1068000.0,36000.0,Petrol,manual,1,honda,honda br-v
2017,1189000.0,40000.0,Diesel,manual,1,honda,honda br-v
2018,700000.0,27000.0,Petrol,manual,1,hyundai,hyundai elite
2016,350000.0,40000.0,Petrol,manual,1,maruti,maruti alto
2009,254999.0,80000.0,Petrol,manual,1,hyundai,hyundai i10
2005,229999.0,221000.0,Diesel,manual,1,mahindra,mahindra scorpio
2016,750000.0,80000.0,Diesel,manual,1,hyundai,hyundai i20
2012,325000.0,119000.0,Diesel,manual,1,maruti,maruti ritz
2009,760000.0,190000.0,Diesel,manual,1,toyota,toyota innova
2017,509999.0,25000.0,Petrol,automatic,1,maruti,maruti celerio
2013,363000.0,28740.0,Petrol,manual,1,nissan,nissan micra
2010,229999.0,48500.0,Petrol,manual,1,maruti,maruti alto
2012,290000.0,110000.0,Petrol,manual,1,nissan,nissan sunny
2018,550000.0,30000.0,Petrol,manual,1,maruti,maruti swift
2011,125000.0,120000.0,Diesel,manual,1,tata,tata indica
2008,350000.0,140000.0,Diesel,manual,1,toyota,toyota innova
2011,390000.0,90000.0,Diesel,manual,1,hyundai,hyundai verna
2015,220000.0,45000.0,Petrol,manual,1,maruti,maruti celerio
2005,140000.0,80000.0,Petrol,manual,1,hyundai,hyundai santro
2018,370000.0,15000.0,Petrol,automatic,1,maruti,maruti wagon
2019,650000.0,20000.0,Diesel,manual,1,maruti,maruti swift
2017,280000.0,37000.0,Petrol,manual,1,maruti,maruti alto
2016,540000.0,80000.0,Diesel,manual,1,maruti,maruti swift
2002,50000.0,120000.0,Diesel,manual,1,ambassador,ambassador classic
2018,800000.0,20000.0,Petrol,manual,1,maruti,maruti ciaz
2016,515000.0,25000.0,Diesel,manual,1,ford,ford figo
2010,220000.0,96000.0,Petrol,manual,1,hyundai,hyundai i20
2013,165000.0,53000.0,Petrol,manual,1,chevrolet,chevrolet spark
2010,221000.0,65000.0,Diesel,manual,1,fiat,fiat linea
2015,245000.0,43000.0,Petrol,manual,1,chevrolet,chevrolet beat
2012,260000.0,42000.0,Petrol,manual,1,ford,ford figo
2011,550000.0,73000.0,Diesel,automatic,1,skoda,skoda superb
2015,434999.0,29000.0,Petrol,manual,1,hyundai,hyundai grand
2013,450000.0,95000.0,Diesel,manual,1,tata,tata safari
2014,290000.0,25000.0,Petrol,manual,1,chevrolet,chevrolet sail
2011,305000.0,53000.0,Petrol,manual,1,volkswagen,volkswagen vento
2011,265000.0,20000.0,Petrol,manual,1,ford,ford classic
2014,325000.0,57000.0,Petrol,manual,1,honda,honda brio
2014,550000.0,52000.0,Diesel,manual,1,chevrolet,chevrolet cruze
2008,105000.0,40000.0,Petrol,manual,1,maruti,maruti zen
2012,275000.0,47000.0,Petrol,manual,1,honda,honda brio
2012,434999.0,47000.0,Petrol,manual,1,honda,honda city
2016,690000.0,73000.0,Diesel,manual,1,hyundai,hyundai verna
2012,249000.0,42000.0,Petrol,manual,1,honda,honda brio
2012,204999.0,60000.0,Petrol,manual,1,hyundai,hyundai eon
2015,190000.0,120000.0,Petrol,manual,1,maruti,maruti wagon
2012,150000.0,50000.0,Petrol,manual,1,maruti,maruti alto
1999,70000.0,70000.0,Petrol,manual,1,maruti,maruti zen
2018,900000.0,25000.0,Diesel,manual,1,mahindra,mahindra bolero
2019,950000.0,11000.0,Petrol,automatic,1,maruti,maruti ertiga
2013,475000.0,80000.0,Petrol,manual,1,maruti,maruti swift
1998,55000.0,80000.0,Petrol,manual,1,maruti,maruti 800
2013,450000.0,75000.0,Diesel,manual,1,ford,ford fiesta
2009,1200000.0,45000.0,Diesel,automatic,1,bmw,bmw 5
2014,350000.0,60000.0,Diesel,manual,1,honda,honda city
2011,229999.0,160000.0,Diesel,manual,1,tata,tata indica
2015,821000.0,50000.0,Petrol,manual,1,hyundai,hyundai creta
2014,200000.0,80000.0,Petrol,manual,1,maruti,maruti alto
2017,1000000.0,60000.0,Diesel,manual,1,mahindra,mahindra scorpio
2016,220000.0,60000.0,Petrol,manual,1,maruti,maruti alto
2015,459999.0,148620.0,Diesel,manual,1,ford,ford figo
2012,310000.0,70000.0,Diesel,manual,1,maruti,maruti sx4
2018,815000.0,42000.0,Diesel,manual,1,hyundai,hyundai elite
2017,1200000.0,40000.0,Diesel,manual,1,hyundai,hyundai verna
2011,170000.0,150000.0,Diesel,manual,1,chevrolet,chevrolet optra
2017,1000000.0,30000.0,Diesel,manual,1,maruti,maruti s-cross
2010,155000.0,90000.0,Petrol,manual,1,hyundai,hyundai santro
2017,400000.0,120000.0,Diesel,manual,1,mahindra,mahindra tuv
2016,400000.0,80000.0,Diesel,manual,1,mahindra,mahindra quanto
2010,250000.0,80000.0,Diesel,manual,1,tata,tata indica
2008,150000.0,50000.0,Petrol,manual,1,tata,tata indigo
2002,80000.0,70000.0,Petrol,manual,1,hyundai,hyundai santro
2014,325000.0,70000.0,Diesel,automatic,1,volkswagen,volkswagen vento
2019,738000.0,8000.0,Petrol,automatic,1,hyundai,hyundai elite
2012,150000.0,110000.0,Diesel,manual,1,tata,tata indica
2007,440000.0,223000.0,Diesel,manual,1,toyota,toyota innova
2011,280000.0,110000.0,Diesel,manual,1,volkswagen,volkswagen vento
2006,100000.0,120000.0,Petrol,manual,1,hyundai,hyundai santro
2008,150000.0,100000.0,Petrol,manual,1,maruti,maruti swift
2014,380000.0,100000.0,Diesel,manual,1,maruti,maruti swift
2006,90000.0,60000.0,Petrol,manual,1,maruti,maruti alto
2008,300000.0,270000.0,Diesel,manual,1,mahindra,mahindra scorpio
2011,275000.0,60000.0,Diesel,manual,1,skoda,skoda fabia
2009,180000.0,41090.0,Petrol,manual,1,maruti,maruti zen
2012,225000.0,296823.0,Diesel,manual,1,maruti,maruti swift
2014,200000.0,40000.0,Petrol,manual,1,maruti,maruti alto
2011,500000.0,40000.0,Petrol,manual,1,toyota,toyota corolla
2010,300000.0,70000.0,Petrol,manual,1,ford,ford fiesta
2015,765000.0,80000.0,Diesel,manual,1,hyundai,hyundai verna
2017,650000.0,90000.0,Diesel,manual,1,maruti,maruti swift
2017,380000.0,19000.0,Petrol,manual,1,maruti,maruti wagon
2014,480000.0,110000.0,Diesel,manual,1,maruti,maruti swift
1996,200000.0,60000.0,Diesel,manual,1,mahindra,mahindra jeep
2010,145000.0,68000.0,Cng,manual,1,maruti,maruti zen
2011,280000.0,120000.0,Diesel,manual,1,maruti,maruti ritz
2014,254999.0,30000.0,Diesel,manual,1,maruti,maruti swift
2016,300000.0,90000.0,Petrol,manual,1,tata,tata bolt
2015,480000.0,140000.0,Diesel,manual,1,maruti,maruti swift
2017,850000.0,44500.0,Petrol,automatic,1,skoda,skoda rapid
2014,350000.0,52000.0,Diesel,manual,1,hyundai,hyundai i20
2016,650000.0,26000.0,Petrol,manual,1,hyundai,hyundai i20
2007,550000.0,80000.0,Petrol,manual,1,tata,tata new
2015,300000.0,35000.0,Petrol,manual,1,maruti,maruti celerio
2008,150000.0,60000.0,Petrol,manual,1,maruti,maruti swift
2014,300000.0,120000.0,Petrol,manual,1,hyundai,hyundai grand
2004,80000.0,58000.0,Petrol,manual,1,hyundai,hyundai santro
2011,180000.0,80000.0,Diesel,manual,1,tata,tata manza
2009,110000.0,100000.0,Diesel,manual,1,ford,ford fiesta
2015,425000.0,12000.0,Petrol,manual,1,hyundai,hyundai grand
2016,700000.0,35000.0,Diesel,manual,1,honda,honda amaze
2010,130000.0,50000.0,Petrol,manual,1,maruti,maruti zen
2017,650000.0,67000.0,Diesel,manual,1,maruti,maruti swift
2013,400000.0,100000.0,Petrol,manual,1,renault,renault duster
2017,800000.0,60000.0,Diesel,manual,1,mahindra,mahindra tuv
2017,675000.0,70000.0,Diesel,manual,1,mahindra,mahindra bolero
2017,210000.0,50000.0,Petrol,manual,1,maruti,maruti omni
2009,150000.0,120000.0,Diesel,manual,1,tata,tata new
2007,45000.0,100000.0,Cng,manual,1,maruti,maruti omni
2015,516000.0,90000.0,Petrol,manual,1,hyundai,hyundai i20
2014,450000.0,80000.0,Petrol,manual,1,hyundai,hyundai i20
2012,134000.0,90000.0,Petrol,manual,1,chevrolet,chevrolet spark
2014,509999.0,157000.0,Diesel,manual,1,toyota,toyota etios
2016,500000.0,20000.0,Petrol,manual,1,volkswagen,volkswagen polo
2008,130000.0,80000.0,Petrol,manual,1,maruti,maruti zen
2015,575000.0,60000.0,Diesel,manual,1,maruti,maruti swift
2015,550000.0,49000.0,Petrol,manual,1,hyundai,hyundai elite
2009,145000.0,89255.0,Diesel,manual,1,tata,tata indica
2020,347000.0,5000.0,Petrol,manual,1,maruti,maruti alto
2013,275000.0,110000.0,Diesel,manual,1,tata,tata indica
2010,630000.0,200000.0,Diesel,manual,1,toyota,toyota innova
2012,160000.0,90000.0,Diesel,manual,1,chevrolet,chevrolet beat
2010,150000.0,63000.0,Diesel,manual,1,fiat,fiat grande
2015,550000.0,23000.0,Petrol,manual,1,honda,honda mobilio
2013,349000.0,100000.0,Diesel,manual,1,mahindra,mahindra quanto
2004,229999.0,168000.0,Diesel,manual,1,mahindra,mahindra bolero
2008,110000.0,90000.0,Diesel,manual,1,tata,tata indica
2008,110000.0,70000.0,Petrol,manual,1,maruti,maruti wagon
2018,245000.0,5550.0,Petrol,manual,1,renault,renault kwid
2014,180000.0,100000.0,Petrol,manual,1,maruti,maruti alto
2014,290000.0,80000.0,Petrol,manual,1,maruti,maruti wagon
2010,150000.0,100000.0,Diesel,manual,1,tata,tata indigo
2004,55000.0,35000.0,Petrol,manual,1,maruti,maruti 800
2006,500000.0,75000.0,Diesel,manual,1,skoda,skoda laura
2013,290000.0,150000.0,Diesel,manual,1,mahindra,mahindra quanto
2009,72000.0,70000.0,Petrol,manual,1,maruti,maruti alto
2014,250000.0,115000.0,Diesel,manual,1,maruti,maruti ritz
2019,575000.0,25000.0,Petrol,automatic,1,maruti,maruti swift
2019,1300000.0,10000.0,Diesel,automatic,1,kia,kia seltos
2019,425000.0,15000.0,Petrol,manual,1,hyundai,hyundai santro
2019,470000.0,10000.0,Cng,manual,1,maruti,maruti eeco
2012,220000.0,80000.0,Petrol,manual,1,toyota,toyota etios
2016,400000.0,45217.0,Diesel,manual,1,ford,ford figo
2018,310000.0,20000.0,Petrol,manual,1,hyundai,hyundai eon
2017,750000.0,50000.0,Diesel,manual,1,maruti,maruti ciaz
2009,204999.0,120000.0,Diesel,manual,1,tata,tata new
2010,260000.0,50000.0,Petrol,manual,1,maruti,maruti swift
2012,180000.0,40000.0,Petrol,manual,1,maruti,maruti alto
2007,125000.0,110000.0,Diesel,manual,1,mahindra,mahindra renault
2014,420000.0,155000.0,Diesel,manual,1,maruti,maruti swift
2011,220000.0,70000.0,Petrol,manual,1,maruti,maruti alto
2010,200000.0,70000.0,Petrol,manual,1,maruti,maruti alto
2009,130000.0,100000.0,Diesel,manual,1,ford,ford ikon
2016,335000.0,41000.0,Petrol,manual,1,tata,tata tiago
2011,434999.0,97000.0,Petrol,automatic,1,honda,honda city
2014,500000.0,60000.0,Petrol,manual,1,honda,honda city
2017,290000.0,60000.0,Petrol,manual,1,maruti,maruti alto
2014,475000.0,48000.0,Petrol,automatic,1,ford,ford ecosport
2009,270000.0,190000.0,Diesel,manual,1,maruti,maruti swift
2019,600000.0,80000.0,Petrol,manual,1,hyundai,hyundai xcent
2013,300000.0,70000.0,Diesel,manual,1,hyundai,hyundai i20
2012,415000.0,80000.0,Diesel,manual,1,volkswagen,volkswagen jetta
2018,800000.0,30000.0,Diesel,automatic,1,maruti,maruti vitara
2016,420000.0,44440.0,Petrol,manual,1,hyundai,hyundai grand
2018,1250000.0,30000.0,Diesel,manual,1,hyundai,hyundai creta
2011,270000.0,120000.0,Diesel,manual,1,maruti,maruti swift
2015,390000.0,80000.0,Diesel,manual,1,hyundai,hyundai grand
2012,400000.0,110000.0,Diesel,manual,1,skoda,skoda laura
2007,100000.0,170000.0,Petrol,manual,1,ford,ford fiesta
2010,850000.0,46000.0,Diesel,automatic,1,audi,audi a6
2012,359000.0,120000.0,Diesel,automatic,1,chevrolet,chevrolet cruze
2015,470000.0,91365.0,Diesel,manual,1,maruti,maruti swift
2013,360000.0,90010.0,Diesel,manual,1,maruti,maruti swift
2013,250999.0,80000.0,Diesel,manual,1,maruti,maruti ertiga
2012,45000.0,35000.0,Petrol,manual,1,tata,tata nano
2006,75000.0,80000.0,Petrol,manual,1,maruti,maruti wagon
2013,495000.0,31800.0,Diesel,manual,1,maruti,maruti swift
2013,310000.0,59100.0,Cng,manual,1,maruti,maruti wagon
2016,540000.0,31200.0,Petrol,manual,1,honda,honda jazz
2016,665000.0,51000.0,Diesel,manual,1,maruti,maruti ciaz
2013,425000.0,22700.0,Diesel,manual,1,hyundai,hyundai i20
2011,1295000.0,58000.0,Diesel,automatic,1,audi,audi a4
2016,675000.0,50900.0,Diesel,manual,1,maruti,maruti ciaz
2018,980000.0,10000.0,Diesel,manual,1,maruti,maruti vitara
2014,320000.0,60000.0,Diesel,manual,1,chevrolet,chevrolet beat
2016,600000.0,72000.0,Diesel,manual,1,maruti,maruti baleno
2016,300000.0,96000.0,Petrol,manual,1,hyundai,hyundai xcent
2014,305000.0,66000.0,Diesel,manual,1,chevrolet,chevrolet beat
2009,106000.0,70000.0,Petrol,manual,1,maruti,maruti wagon
2006,90000.0,75000.0,Petrol,manual,1,hyundai,hyundai accent
2016,250000.0,30000.0,Petrol,manual,1,hyundai,hyundai eon
2018,707000.0,60000.0,Diesel,manual,1,mahindra,mahindra scorpio
2007,95000.0,120000.0,Petrol,manual,1,hyundai,hyundai getz
2020,495000.0,7000.0,Cng,manual,1,maruti,maruti eeco
2012,200000.0,35000.0,Diesel,manual,1,tata,tata indigo
2009,110000.0,110000.0,Petrol,manual,1,maruti,maruti a-star
2008,100000.0,130000.0,Petrol,manual,1,maruti,maruti alto
2016,150000.0,25000.0,Petrol,manual,1,maruti,maruti alto
2005,50000.0,80000.0,Petrol,manual,1,ford,ford ikon
2007,85000.0,70000.0,Petrol,manual,1,chevrolet,chevrolet aveo
2018,475000.0,23000.0,Petrol,manual,1,hyundai,hyundai grand
2014,425000.0,40000.0,Petrol,manual,1,volkswagen,volkswagen polo
2006,480000.0,110000.0,Petrol,automatic,1,bmw,bmw 5
2019,950000.0,10000.0,Diesel,manual,1,maruti,maruti s-cross
2015,535000.0,80000.0,Diesel,manual,1,maruti,maruti swift
2009,325000.0,25000.0,Diesel,manual,1,hyundai,hyundai verna
2013,270000.0,74000.0,Petrol,manual,1,maruti,maruti wagon
2015,300000.0,60000.0,Petrol,manual,1,maruti,maruti celerio
2011,325000.0,70000.0,Diesel,manual,1,volkswagen,volkswagen vento
2010,350000.0,100000.0,Diesel,manual,1,tata,tata new
2008,229999.0,146000.0,Diesel,manual,1,hyundai,hyundai verna
2012,325000.0,120000.0,Diesel,manual,1,maruti,maruti swift
2005,70000.0,70000.0,Petrol,manual,1,maruti,maruti wagon
2008,190000.0,120000.0,Diesel,manual,1,skoda,skoda laura
2011,345000.0,65500.0,Diesel,manual,1,chevrolet,chevrolet cruze
2016,1025000.0,70000.0,Diesel,manual,1,mahindra,mahindra scorpio
2012,120000.0,50000.0,Petrol,manual,1,maruti,maruti alto
2009,114999.0,90000.0,Petrol,manual,1,maruti,maruti alto
2009,300000.0,120000.0,Petrol,manual,1,honda,honda city
2016,340000.0,56000.0,Petrol,manual,1,maruti,maruti celerio
2005,90000.0,70000.0,Petrol,manual,1,maruti,maruti wagon
2006,150000.0,140300.0,Petrol,manual,1,maruti,maruti alto
2010,115999.0,70000.0,Petrol,manual,1,maruti,maruti alto
2016,375000.0,23000.0,Petrol,manual,1,maruti,maruti wagon
2007,275000.0,10211.0,Petrol,manual,1,maruti,maruti zen
2005,120000.0,120000.0,Diesel,manual,1,mahindra,mahindra scorpio
2015,350000.0,120000.0,Diesel,manual,1,maruti,maruti celerio
2017,409999.0,35000.0,Petrol,manual,1,maruti,maruti celerio
2012,500000.0,130000.0,Diesel,manual,1,hyundai,hyundai verna
2013,220000.0,90000.0,Diesel,manual,1,nissan,nissan sunny
2008,120000.0,80000.0,Petrol,manual,1,ford,ford fiesta
2007,70000.0,55000.0,Petrol,manual,1,hyundai,hyundai santro
2017,800000.0,15000.0,Petrol,manual,1,maruti,maruti swift
2014,450000.0,260000.0,Diesel,manual,1,maruti,maruti swift
2012,525000.0,145000.0,Diesel,manual,1,mahindra,mahindra scorpio
2016,300000.0,35000.0,Petrol,manual,1,datsun,datsun go
2008,195000.0,56000.0,Petrol,manual,1,hyundai,hyundai i10
2007,130000.0,98000.0,Diesel,manual,1,ford,ford fiesta
2011,300000.0,135000.0,Diesel,manual,1,toyota,toyota etios
2002,120000.0,60000.0,Petrol,manual,1,maruti,maruti alto
2010,450000.0,120000.0,Diesel,manual,1,toyota,toyota innova
2010,160000.0,102000.0,Diesel,manual,1,tata,tata indigo
2018,800000.0,35000.0,Diesel,manual,1,mahindra,mahindra bolero
2013,100000.0,80000.0,Petrol,manual,1,maruti,maruti 800
2015,265000.0,32933.0,Petrol,manual,1,maruti,maruti alto
2008,175000.0,54551.0,Petrol,manual,1,maruti,maruti wagon
2014,250999.0,57112.0,Petrol,manual,1,maruti,maruti omni
2015,471000.0,41025.0,Petrol,automatic,1,hyundai,hyundai xcent
2012,225000.0,53122.0,Petrol,manual,1,hyundai,hyundai eon
2013,245000.0,64111.0,Cng,manual,1,maruti,maruti alto
2011,221000.0,78892.0,Petrol,manual,1,maruti,maruti ritz
2011,271000.0,74113.0,Petrol,manual,1,hyundai,hyundai i20
2012,290000.0,80000.0,Petrol,manual,1,maruti,maruti wagon
2017,525000.0,39000.0,Petrol,manual,1,maruti,maruti swift
2012,377000.0,84775.0,Petrol,manual,1,volkswagen,volkswagen vento
2012,95000.0,20778.0,Petrol,manual,1,tata,tata nano
2015,763000.0,64441.0,Diesel,manual,1,maruti,maruti ertiga
2015,450000.0,43192.0,Petrol,manual,1,honda,honda amaze
2014,140000.0,44416.0,Petrol,manual,1,tata,tata nano
2016,701000.0,79991.0,Diesel,manual,1,maruti,maruti ciaz
2011,277000.0,62601.0,Diesel,manual,1,nissan,nissan micra
2018,520000.0,50000.0,Petrol,automatic,1,maruti,maruti baleno
2017,550000.0,100000.0,Diesel,manual,1,ford,ford figo
2011,260000.0,97000.0,Diesel,manual,1,volkswagen,volkswagen vento
2015,420000.0,100000.0,Diesel,manual,1,renault,renault pulse
2002,35000.0,100000.0,Petrol,manual,1,opelcorsa,opelcorsa 1.4
2018,1150000.0,20000.0,Diesel,manual,1,mahindra,mahindra xuv500
2017,680000.0,46000.0,Petrol,manual,1,maruti,maruti ciaz
2012,425000.0,40000.0,Diesel,manual,1,maruti,maruti swift
2014,450000.0,70000.0,Diesel,manual,1,maruti,maruti swift
2008,590000.0,89600.0,Diesel,manual,1,toyota,toyota innova
2017,936999.0,60800.0,Petrol,manual,1,volkswagen,volkswagen jetta
2015,420000.0,104000.0,Diesel,manual,1,honda,honda mobilio
2014,450000.0,80000.0,Diesel,manual,1,volkswagen,volkswagen polo
2004,40000.0,69111.0,Petrol,manual,1,maruti,maruti 800
2014,520000.0,70000.0,Diesel,manual,1,toyota,toyota innova
2007,80000.0,120000.0,Petrol,manual,1,maruti,maruti 800
2014,55000.0,40000.0,Petrol,manual,1,tata,tata nano
2001,80000.0,100000.0,Diesel,manual,1,mahindra,mahindra bolero
2019,210000.0,20000.0,Petrol,manual,1,maruti,maruti alto
2017,260000.0,50000.0,Diesel,manual,1,tata,tata tiago
2016,250000.0,70000.0,Diesel,manual,1,tata,tata zest
2010,450000.0,150000.0,Diesel,manual,1,toyota,toyota innova
2005,310000.0,120000.0,Diesel,manual,1,toyota,toyota innova
2014,350000.0,90000.0,Petrol,manual,1,ford,ford figo
2011,320000.0,100000.0,Diesel,manual,1,maruti,maruti sx4
2016,475000.0,90000.0,Diesel,manual,1,honda,honda amaze
2011,220000.0,140000.0,Diesel,manual,1,tata,tata manza
2008,70000.0,60000.0,Petrol,manual,1,tata,tata indica
2015,281000.0,40000.0,Diesel,manual,1,chevrolet,chevrolet sail
2013,211000.0,80000.0,Diesel,manual,1,tata,tata indigo
2018,550000.0,11000.0,Petrol,manual,1,hyundai,hyundai elite
2014,350000.0,110000.0,Diesel,manual,1,chevrolet,chevrolet enjoy
2017,420000.0,19890.0,Petrol,automatic,1,maruti,maruti wagon
2015,270000.0,20969.0,Petrol,manual,1,renault,renault kwid
2016,399000.0,20194.0,Petrol,manual,1,maruti,maruti celerio
2016,440000.0,34982.0,Petrol,manual,1,ford,ford figo
2012,250000.0,44588.0,Petrol,manual,1,hyundai,hyundai eon
2016,650000.0,57904.0,Diesel,manual,1,ford,ford ecosport
2015,270000.0,59258.0,Petrol,manual,1,maruti,maruti alto
2016,390000.0,60826.0,Petrol,manual,1,ford,ford figo
2014,225000.0,35000.0,Petrol,manual,1,maruti,maruti 800
2015,900000.0,110000.0,Diesel,manual,1,mahindra,mahindra xuv500
2019,800000.0,10000.0,Petrol,manual,1,tata,tata nexon
2013,320000.0,50000.0,Diesel,manual,1,honda,honda amaze
2016,300000.0,25000.0,Petrol,manual,1,maruti,maruti alto
2018,740000.0,25000.0,Petrol,manual,1,hyundai,hyundai i20
2014,280000.0,40000.0,Petrol,manual,1,datsun,datsun go
2018,675000.0,50000.0,Diesel,automatic,1,maruti,maruti swift
2011,300000.0,20000.0,Petrol,manual,1,hyundai,hyundai i10
2011,400000.0,76000.0,Diesel,manual,1,chevrolet,chevrolet captiva
2010,420000.0,100000.0,Diesel,manual,1,mahindra,mahindra scorpio
2008,300000.0,120000.0,Diesel,manual,1,tata,tata new
2010,170000.0,70000.0,Petrol,manual,1,maruti,maruti wagon
2014,210000.0,70000.0,Petrol,manual,1,hyundai,hyundai eon
2015,600000.0,60000.0,Diesel,manual,1,maruti,maruti ertiga
2014,260000.0,38000.0,Petrol,manual,1,maruti,maruti wagon
2015,82000.0,19000.0,Petrol,manual,1,tata,tata nano
2016,690000.0,75000.0,Diesel,manual,1,mahindra,mahindra tuv
2015,300000.0,70000.0,Diesel,manual,1,hyundai,hyundai grand
2017,1250000.0,30000.0,Diesel,manual,1,honda,honda brv
2017,799000.0,31707.0,Diesel,manual,1,hyundai,hyundai verna
2010,1000000.0,180000.0,Diesel,manual,1,toyota,toyota fortuner
2014,190000.0,90000.0,Petrol,manual,1,maruti,maruti alto
2014,250000.0,30000.0,Diesel,manual,1,mahindra,mahindra verito
2009,200000.0,60000.0,Petrol,manual,1,hyundai,hyundai verna
2005,300000.0,90000.0,Diesel,manual,1,mahindra,mahindra bolero
2015,250000.0,120000.0,Petrol,manual,1,tata,tata zest
2008,90000.0,70000.0,Petrol,manual,1,maruti,maruti 800
2016,700000.0,160000.0,Diesel,manual,1,renault,renault duster
2017,290000.0,110000.0,Petrol,manual,1,maruti,maruti wagon
2014,1050000.0,97000.0,Diesel,manual,1,toyota,toyota innova
2008,70000.0,100000.0,Diesel,manual,1,tata,tata indigo
2016,520000.0,41000.0,Diesel,manual,1,maruti,maruti swift
2012,150000.0,90000.0,Diesel,manual,1,tata,tata indigo
2008,120000.0,90000.0,Petrol,manual,1,hyundai,hyundai i10
2010,150000.0,70000.0,Diesel,manual,1,tata,tata xenon
2011,400000.0,60000.0,Petrol,manual,1,volkswagen,volkswagen vento
2015,310000.0,30000.0,Petrol,manual,1,maruti,maruti alto
2015,550000.0,30000.0,Petrol,manual,1,maruti,maruti baleno
2016,550000.0,60000.0,Diesel,manual,1,hyundai,hyundai i20
2013,320000.0,73000.0,Diesel,manual,1,hyundai,hyundai grand
1992,50000.0,100000.0,Petrol,manual,1,maruti,maruti 800
2017,700000.0,50000.0,Diesel,manual,1,maruti,maruti vitara
2012,700000.0,110000.0,Diesel,manual,1,maruti,maruti ertiga
2017,655000.0,84000.0,Diesel,manual,1,hyundai,hyundai i20
2011,200000.0,110000.0,Lpg,manual,1,chevrolet,chevrolet beat
2012,375000.0,150000.0,Diesel,manual,1,renault,renault duster
2012,470000.0,109052.0,Diesel,manual,1,hyundai,hyundai verna
2015,550000.0,90658.0,Diesel,manual,1,maruti,maruti ciaz
2014,500000.0,110000.0,Diesel,manual,1,honda,honda amaze
2015,210000.0,25000.0,Petrol,manual,1,datsun,datsun go
2013,1451000.0,81000.0,Diesel,automatic,1,mercedes-benz,mercedes-benz e-class
2009,245000.0,75000.0,Diesel,automatic,1,hyundai,hyundai verna
2017,700000.0,25552.0,Petrol,manual,1,honda,honda wr-v
2018,300000.0,20000.0,Petrol,manual,1,hyundai,hyundai eon
2017,350000.0,80000.0,Diesel,manual,1,hyundai,hyundai xcent
2017,635000.0,25000.0,Petrol,automatic,1,hyundai,hyundai elite
2012,325000.0,40700.0,Petrol,manual,1,honda,honda city
2017,1150000.0,65500.0,Diesel,automatic,1,mahindra,mahindra xuv500
2008,110000.0,42000.0,Petrol,manual,1,tata,tata indigo
2018,890000.0,8000.0,Petrol,manual,1,honda,honda city
2007,73000.0,80000.0,Petrol,manual,1,maruti,maruti swift
2016,750000.0,6000.0,Petrol,manual,1,maruti,maruti ciaz
2018,690000.0,11174.0,Petrol,manual,1,maruti,maruti baleno
2008,130000.0,120000.0,Petrol,manual,1,tata,tata indigo
2007,85000.0,85000.0,Petrol,manual,1,hyundai,hyundai santro
2013,325000.0,105000.0,Diesel,manual,1,nissan,nissan sunny
1998,85000.0,120000.0,Petrol,manual,1,honda,honda city
2018,860000.0,30000.0,Diesel,manual,1,hyundai,hyundai verna
2017,690000.0,41000.0,Diesel,manual,1,maruti,maruti s-cross
2013,650000.0,54000.0,Diesel,manual,1,hyundai,hyundai elantra
2014,375000.0,40000.0,Diesel,manual,1,chevrolet,chevrolet sail
2013,525000.0,71000.0,Diesel,manual,1,hyundai,hyundai verna
2016,330000.0,72500.0,Petrol,manual,1,maruti,maruti eeco
2013,280000.0,76600.0,Petrol,manual,1,maruti,maruti eeco
2014,470000.0,40000.0,Petrol,manual,1,maruti,maruti swift
2011,350000.0,110000.0,Diesel,manual,1,volkswagen,volkswagen polo
2012,480000.0,63000.0,Petrol,manual,1,honda,honda city
2016,620000.0,60000.0,Diesel,manual,1,hyundai,hyundai verna
2014,250000.0,58000.0,Petrol,manual,1,datsun,datsun go
2010,78692.0,80000.0,Petrol,manual,1,chevrolet,chevrolet spark
2012,350000.0,80000.0,Diesel,manual,1,hyundai,hyundai i20
2013,250000.0,70000.0,Petrol,manual,1,maruti,maruti wagon
2011,260000.0,97700.0,Petrol,manual,1,hyundai,hyundai i20
2016,640000.0,36000.0,Diesel,manual,1,honda,honda mobilio
2008,220000.0,90000.0,Diesel,manual,1,tata,tata new
2015,465000.0,130000.0,Diesel,manual,1,volkswagen,volkswagen vento
2010,229999.0,120000.0,Diesel,manual,1,maruti,maruti swift
2018,425000.0,15000.0,Petrol,manual,1,maruti,maruti wagon
2008,95000.0,120000.0,Petrol,manual,1,tata,tata indica
2012,170000.0,170000.0,Lpg,manual,1,hyundai,hyundai eon
2016,229999.0,37500.0,Petrol,manual,1,datsun,datsun redigo
1999,45000.0,50000.0,Petrol,manual,1,maruti,maruti 800
2007,479000.0,145000.0,Petrol,manual,1,maruti,maruti grand
2016,340000.0,30000.0,Petrol,manual,1,hyundai,hyundai eon
2016,620000.0,35000.0,Petrol,manual,1,maruti,maruti swift
2012,270000.0,60000.0,Diesel,manual,1,tata,tata manza
2018,400000.0,35000.0,Diesel,manual,1,tata,tata tiago
2015,260000.0,40000.0,Petrol,manual,1,maruti,maruti wagon
2003,48000.0,50000.0,Petrol,manual,1,hyundai,hyundai santro
2015,100000.0,23800.0,Petrol,manual,1,tata,tata nano
2015,490000.0,70000.0,Diesel,manual,1,nissan,nissan terrano
2010,120000.0,90000.0,Lpg,manual,1,maruti,maruti wagon
2008,125000.0,102000.0,Petrol,manual,1,hyundai,hyundai i10
2019,190000.0,5000.0,Petrol,manual,1,maruti,maruti alto
2011,500000.0,20000.0,Petrol,manual,1,fiat,fiat linea
2008,320000.0,90000.0,Petrol,manual,1,honda,honda civic
2007,250000.0,47000.0,Petrol,automatic,1,honda,honda civic
2010,105000.0,90000.0,Diesel,manual,1,ford,ford figo
2018,550000.0,20000.0,Petrol,manual,1,hyundai,hyundai i20
2020,210000.0,40000.0,Petrol,manual,1,maruti,maruti alto
2012,210000.0,15000.0,Petrol,manual,1,maruti,maruti alto
2009,150000.0,40000.0,Petrol,manual,1,maruti,maruti alto
2008,125000.0,60000.0,Petrol,manual,1,hyundai,hyundai i10
2016,380000.0,20000.0,Petrol,manual,1,maruti,maruti celerio
2019,600000.0,5000.0,Petrol,manual,1,maruti,maruti baleno
2016,490000.0,27000.0,Petrol,manual,1,maruti,maruti swift
2018,545000.0,38000.0,Diesel,manual,1,maruti,maruti swift
2015,250000.0,25000.0,Petrol,manual,1,maruti,maruti wagon
2007,100000.0,100000.0,Petrol,manual,1,maruti,maruti wagon
2014,250000.0,100000.0,Diesel,manual,1,ford,ford figo
2007,100000.0,110000.0,Petrol,manual,1,maruti,maruti wagon
2016,350000.0,60000.0,Diesel,manual,1,ford,ford figo
2012,370000.0,70000.0,Diesel,manual,1,renault,renault duster
2004,121000.0,110000.0,Petrol,manual,1,maruti,maruti zen
2017,570000.0,44077.0,Petrol,automatic,1,ford,ford figo
2017,785000.0,24000.0,Diesel,manual,1,maruti,maruti ertiga
2018,850000.0,30000.0,Diesel,manual,1,maruti,maruti ciaz
2016,375000.0,30000.0,Petrol,manual,1,maruti,maruti wagon
2017,619000.0,40000.0,Petrol,manual,1,maruti,maruti baleno
2011,335000.0,90000.0,Diesel,manual,1,chevrolet,chevrolet cruze
2006,500000.0,50000.0,Diesel,manual,1,toyota,toyota innova
2003,60000.0,100000.0,Petrol,manual,1,maruti,maruti wagon
2015,210000.0,210000.0,Diesel,manual,1,mahindra,mahindra ingenio
2013,270000.0,70000.0,Diesel,manual,1,tata,tata indigo
2010,225000.0,100000.0,Petrol,manual,1,maruti,maruti wagon
2011,150000.0,160000.0,Petrol,manual,1,maruti,maruti sx4
2013,173000.0,70000.0,Diesel,manual,1,chevrolet,chevrolet beat
2017,710000.0,110000.0,Diesel,automatic,1,volkswagen,volkswagen vento
2017,550000.0,20000.0,Petrol,manual,1,maruti,maruti baleno
2008,58000.0,70000.0,Petrol,manual,1,maruti,maruti 800
2012,1200000.0,60000.0,Petrol,automatic,1,audi,audi a4
2013,500000.0,150000.0,Diesel,manual,1,mahindra,mahindra scorpio
2009,120000.0,83000.0,Petrol,manual,1,maruti,maruti swift
2012,300000.0,250000.0,Diesel,manual,1,toyota,toyota innova
2018,300000.0,30000.0,Petrol,manual,1,hyundai,hyundai eon
2015,295000.0,21000.0,Petrol,manual,1,datsun,datsun go
2018,587000.0,80000.0,Cng,manual,1,maruti,maruti ertiga
2012,430000.0,50000.0,Petrol,manual,1,ambassador,ambassador grand
2007,123000.0,50000.0,Petrol,manual,1,hyundai,hyundai verna
2012,450000.0,48500.0,Diesel,automatic,1,skoda,skoda laura
2007,130000.0,60000.0,Petrol,manual,1,maruti,maruti wagon
2010,110000.0,90000.0,Diesel,manual,1,tata,tata indica
2010,200000.0,240000.0,Diesel,manual,1,mahindra,mahindra xylo
2015,320000.0,70000.0,Petrol,manual,1,hyundai,hyundai grand
2014,300000.0,50000.0,Petrol,manual,1,maruti,maruti wagon
2016,350000.0,110000.0,Petrol,manual,1,volkswagen,volkswagen crosspolo
2018,800000.0,50000.0,Petrol,manual,1,maruti,maruti ertiga
2016,270000.0,175000.0,Diesel,manual,1,hyundai,hyundai xcent
2017,540000.0,60000.0,Petrol,manual,1,hyundai,hyundai i20
2011,160000.0,60000.0,Cng,manual,1,maruti,maruti wagon
2013,340000.0,100000.0,Diesel,manual,1,maruti,maruti sx4
2017,350000.0,40000.0,Petrol,manual,1,maruti,maruti eeco
2011,300000.0,100000.0,Diesel,manual,1,volkswagen,volkswagen vento
2013,330000.0,63000.0,Diesel,manual,1,maruti,maruti ritz
2016,325000.0,80000.0,Cng,manual,1,maruti,maruti wagon
2013,250000.0,55000.0,Diesel,manual,1,maruti,maruti swift
2015,240000.0,60000.0,Petrol,manual,1,chevrolet,chevrolet beat
2020,545000.0,5000.0,Petrol,manual,1,hyundai,hyundai grand
2015,300000.0,48000.0,Petrol,manual,1,hyundai,hyundai i10
2017,240000.0,50000.0,Petrol,manual,1,renault,renault kwid
2018,360000.0,15000.0,Petrol,manual,1,renault,renault kwid
2012,250000.0,70000.0,Diesel,manual,1,hyundai,hyundai i20
2019,475000.0,105000.0,Diesel,automatic,1,skoda,skoda laura
2016,600000.0,50000.0,Diesel,manual,1,hyundai,hyundai i20
2010,150000.0,80000.0,Diesel,manual,1,tata,tata indigo
2017,700000.0,50000.0,Diesel,manual,1,ford,ford ecosport
2016,1290000.0,5000.0,Diesel,manual,1,mahindra,mahindra xuv500
2018,500000.0,10000.0,Petrol,automatic,1,maruti,maruti celerio
2012,193000.0,45000.0,Petrol,manual,1,hyundai,hyundai santro
2015,800000.0,10000.0,Petrol,manual,1,honda,honda city
2008,150000.0,50000.0,Petrol,manual,1,maruti,maruti wagon
2002,80000.0,40000.0,Petrol,manual,1,maruti,maruti 800
2010,130000.0,100000.0,Diesel,manual,1,ford,ford figo
2012,280000.0,80000.0,Diesel,manual,1,ford,ford figo
2011,229999.0,110000.0,Diesel,manual,1,mahindra,mahindra xylo
2008,80000.0,120000.0,Petrol,manual,1,maruti,maruti zen
2010,70000.0,10000.0,Petrol,manual,1,tata,tata nano
2013,240000.0,60000.0,Diesel,manual,1,maruti,maruti ritz
2010,380000.0,72000.0,Diesel,manual,1,mahindra,mahindra xylo
2006,80000.0,110000.0,Petrol,manual,1,hyundai,hyundai santro
2013,265000.0,50000.0,Petrol,manual,1,hyundai,hyundai i10
2018,320000.0,25000.0,Petrol,manual,1,hyundai,hyundai eon
2014,500000.0,120000.0,Diesel,manual,1,nissan,nissan terrano
2016,1300000.0,55000.0,Diesel,manual,1,hyundai,hyundai creta
2014,600000.0,80000.0,Diesel,manual,1,mahindra,mahindra xuv500
2018,420000.0,80000.0,Petrol,manual,1,tata,tata tiago
2009,140000.0,120000.0,Petrol,manual,1,maruti,maruti zen
2010,300000.0,100000.0,Diesel,manual,1,skoda,skoda laura
2006,100000.0,60000.0,Petrol,manual,1,hyundai,hyundai santro
2017,350000.0,25000.0,Petrol,manual,1,maruti,maruti alto
2018,850000.0,19000.0,Petrol,manual,1,ford,ford ecosport
2008,140000.0,54000.0,Petrol,manual,1,maruti,maruti alto
2015,550000.0,17100.0,Petrol,manual,1,ford,ford aspire
2017,525000.0,19000.0,Petrol,automatic,1,hyundai,hyundai grand
2015,470000.0,146000.0,Diesel,manual,1,ford,ford ecosport
2013,900000.0,98000.0,Diesel,automatic,1,ford,ford endeavour
2011,500000.0,224642.0,Diesel,manual,1,ford,ford endeavour
1998,80000.0,120000.0,Petrol,manual,1,maruti,maruti zen
2011,175000.0,175000.0,Diesel,manual,1,mahindra,mahindra verito
2017,1350000.0,15000.0,Diesel,automatic,1,mahindra,mahindra xuv500
2017,800000.0,50000.0,Diesel,manual,1,renault,renault duster
2017,250000.0,15000.0,Petrol,manual,1,datsun,datsun redigo
2018,700000.0,25000.0,Petrol,automatic,1,maruti,maruti ignis
2019,800000.0,25000.0,Diesel,manual,1,tata,tata nexon
2013,660000.0,69000.0,Diesel,manual,1,mahindra,mahindra xuv500
2015,465000.0,60000.0,Diesel,manual,1,maruti,maruti swift
2006,180000.0,222435.0,Diesel,manual,1,mahindra,mahindra scorpio
2017,600000.0,66000.0,Diesel,manual,1,maruti,maruti swift
2010,150000.0,110000.0,Petrol,manual,1,ford,ford fiesta
2014,450000.0,78000.0,Diesel,manual,1,hyundai,hyundai verna
2019,721000.0,10000.0,Petrol,manual,1,hyundai,hyundai elite
2018,300000.0,35000.0,Petrol,manual,1,maruti,maruti swift
2019,1000000.0,10000.0,Diesel,manual,1,mahindra,mahindra scorpio
2016,300000.0,40000.0,Petrol,manual,1,renault,renault kwid
2013,450000.0,120000.0,Diesel,manual,1,mahindra,mahindra scorpio
1997,79000.0,70000.0,Petrol,automatic,1,maruti,maruti esteem
2017,545000.0,40000.0,Diesel,manual,1,ford,ford figo
2018,844999.0,20000.0,Diesel,manual,1,honda,honda amaze
2016,700000.0,93000.0,Diesel,manual,1,skoda,skoda rapid
2016,650000.0,159000.0,Diesel,manual,1,toyota,toyota etios
2014,525000.0,75000.0,Diesel,manual,1,ford,ford ecosport
2006,110000.0,101100.0,Diesel,manual,1,ford,ford fiesta
2011,180000.0,66000.0,Diesel,manual,1,tata,tata indica
2012,280000.0,30000.0,Petrol,manual,1,hyundai,hyundai i10
2019,400000.0,10000.0,Petrol,manual,1,renault,renault kwid
2012,625000.0,126000.0,Diesel,manual,1,mahindra,mahindra xuv500
2015,535000.0,70000.0,Diesel,manual,1,volkswagen,volkswagen vento
2017,459999.0,50000.0,Diesel,manual,1,maruti,maruti swift
2010,300000.0,100000.0,Diesel,manual,1,mahindra,mahindra bolero
2007,280000.0,60000.0,Petrol,automatic,1,honda,honda civic
2014,500000.0,70000.0,Petrol,manual,1,honda,honda mobilio
2011,180000.0,134444.0,Petrol,automatic,1,hyundai,hyundai i10
2009,78000.0,120000.0,Petrol,manual,1,maruti,maruti alto
2011,160000.0,120000.0,Diesel,manual,1,nissan,nissan micra
2014,600000.0,238000.0,Diesel,manual,1,mahindra,mahindra scorpio
2008,110000.0,100000.0,Petrol,manual,1,maruti,maruti wagon
2011,450000.0,110000.0,Diesel,manual,1,mahindra,mahindra bolero
2019,1350000.0,35000.0,Diesel,manual,1,mahindra,mahindra scorpio
2003,120000.0,165000.0,Petrol,manual,1,honda,honda city
2018,1040000.0,42000.0,Diesel,manual,1,honda,honda br-v
2014,390000.0,70000.0,Diesel,manual,1,hyundai,hyundai grand
2011,65000.0,60000.0,Petrol,manual,1,tata,tata nano
2013,320000.0,115000.0,Diesel,manual,1,volkswagen,volkswagen polo
2017,720000.0,70000.0,Diesel,manual,1,volkswagen,volkswagen ameo
2007,220000.0,80000.0,Petrol,manual,1,maruti,maruti swift
2011,225000.0,65000.0,Petrol,manual,1,maruti,maruti wagon
2010,200000.0,150000.0,Diesel,manual,1,tata,tata manza
2015,434999.0,75000.0,Diesel,manual,1,toyota,toyota etios
2012,300000.0,63700.0,Diesel,manual,1,ford,ford figo
2018,700000.0,74800.0,Diesel,manual,1,honda,honda amaze
2009,500000.0,105000.0,Diesel,manual,1,ford,ford endeavour
2016,500000.0,40000.0,Diesel,manual,1,renault,renault duster
2016,400000.0,90000.0,Diesel,manual,1,maruti,maruti ritz
2015,825000.0,75000.0,Diesel,manual,1,toyota,toyota corolla
2018,720000.0,15000.0,Diesel,manual,1,maruti,maruti swift
2009,110000.0,30000.0,Petrol,manual,1,maruti,maruti 800
2014,600000.0,100000.0,Diesel,manual,1,mahindra,mahindra scorpio
2009,275000.0,155000.0,Diesel,automatic,1,mahindra,mahindra scorpio
2017,740000.0,60000.0,Diesel,manual,1,hyundai,hyundai i20
2017,800000.0,90000.0,Diesel,manual,1,maruti,maruti baleno
2019,1100000.0,100000.0,Diesel,manual,1,hyundai,hyundai verna
2012,750000.0,100000.0,Diesel,automatic,1,bmw,bmw x1
2009,210000.0,75000.0,Diesel,manual,1,tata,tata spacio
2009,270000.0,120000.0,Diesel,manual,1,maruti,maruti swift
2016,630000.0,90000.0,Diesel,manual,1,toyota,toyota etios
2015,375000.0,55000.0,Petrol,manual,1,hyundai,hyundai xcent
2010,300000.0,70000.0,Diesel,manual,1,mahindra,mahindra xylo
2016,580000.0,95000.0,Diesel,manual,1,mahindra,mahindra bolero
2016,750000.0,50000.0,Diesel,manual,1,maruti,maruti ciaz
2014,250000.0,60516.0,Petrol,manual,1,maruti,maruti omni
2012,434999.0,235000.0,Diesel,manual,1,hyundai,hyundai verna
2007,900000.0,76731.0,Diesel,automatic,1,mercedes-benz,mercedes-benz e-class
2016,685000.0,64000.0,Diesel,manual,1,maruti,maruti swift
2014,540000.0,65000.0,Diesel,manual,1,maruti,maruti swift
2018,1165000.0,13000.0,Petrol,automatic,1,honda,honda city
2014,610000.0,77000.0,Diesel,manual,1,ford,ford ecosport
2011,254999.0,24000.0,Petrol,manual,1,hyundai,hyundai eon
2014,280000.0,63840.0,Petrol,manual,1,nissan,nissan micra
2017,370000.0,25000.0,Petrol,manual,1,tata,tata tiago
2011,459999.0,76400.0,Diesel,manual,1,tata,tata new
1998,42000.0,70000.0,Petrol,manual,1,maruti,maruti zen
2011,190000.0,80000.0,Diesel,manual,1,fiat,fiat linea
2010,165000.0,100000.0,Petrol,manual,1,fiat,fiat punto
2017,710000.0,40000.0,Diesel,manual,1,ford,ford ecosport
2018,1200000.0,15000.0,Petrol,manual,1,hyundai,hyundai creta
2011,229999.0,70000.0,Petrol,manual,1,maruti,maruti zen
2018,310000.0,15000.0,Petrol,manual,1,renault,renault kwid
2015,320000.0,40000.0,Petrol,manual,1,maruti,maruti wagon
2006,100000.0,54000.0,Petrol,manual,1,maruti,maruti 800
2009,160000.0,90000.0,Diesel,manual,1,hyundai,hyundai verna
2007,60000.0,52000.0,Petrol,manual,1,maruti,maruti 800
2012,100000.0,200000.0,Diesel,manual,1,tata,tata indigo
2016,350000.0,35000.0,Diesel,manual,1,chevrolet,chevrolet beat
2017,700000.0,60000.0,Diesel,manual,1,renault,renault duster
2017,300000.0,31489.0,Petrol,manual,1,maruti,maruti alto
2018,830000.0,40000.0,Diesel,manual,1,hyundai,hyundai i20
2010,229999.0,70000.0,Petrol,manual,1,hyundai,hyundai verna
2013,400000.0,100000.0,Diesel,manual,1,hyundai,hyundai i20
2005,300000.0,70000.0,Petrol,manual,1,maruti,maruti gypsy
2013,300000.0,50000.0,Diesel,manual,1,ford,ford figo
2009,80000.0,180000.0,Diesel,manual,1,ford,ford fiesta
2008,80000.0,50000.0,Petrol,manual,1,maruti,maruti 800
2007,100000.0,90000.0,Petrol,manual,1,maruti,maruti esteem
2012,300000.0,110000.0,Diesel,manual,1,tata,tata indica
2018,700000.0,26000.0,Petrol,automatic,1,maruti,maruti baleno
2016,975000.0,65000.0,Diesel,manual,1,maruti,maruti vitara
2009,500000.0,130000.0,Diesel,manual,1,chevrolet,chevrolet captiva
2013,550000.0,75000.0,Diesel,manual,1,renault,renault duster
2014,550000.0,110000.0,Diesel,manual,1,nissan,nissan terrano
2014,240000.0,50000.0,Petrol,manual,1,maruti,maruti alto
1997,50000.0,80000.0,Petrol,manual,1,maruti,maruti 800
2009,120000.0,80000.0,Petrol,manual,1,tata,tata indica
2013,900000.0,60000.0,Petrol,manual,1,maruti,maruti alto
2009,250000.0,90000.0,Petrol,manual,1,honda,honda city
2017,280000.0,36000.0,Petrol,manual,1,renault,renault kwid
2010,85000.0,87000.0,Diesel,manual,1,tata,tata indica
2011,90000.0,80000.0,Diesel,manual,1,tata,tata indica
2015,500000.0,50000.0,Diesel,manual,1,chevrolet,chevrolet enjoy
2013,200000.0,60000.0,Petrol,manual,1,maruti,maruti 800
2015,250000.0,50000.0,Petrol,manual,1,renault,renault kwid
2014,185000.0,40000.0,Diesel,manual,1,maruti,maruti swift
2008,100000.0,60000.0,Petrol,manual,1,hyundai,hyundai i10
2015,610000.0,55000.0,Diesel,manual,1,toyota,toyota etios
2012,290000.0,80000.0,Diesel,manual,1,mahindra,mahindra quanto
2012,300000.0,295000.0,Diesel,manual,1,mahindra,mahindra xylo
2015,225000.0,80000.0,Petrol,manual,1,hyundai,hyundai eon
2017,320000.0,50000.0,Petrol,manual,1,maruti,maruti alto
2012,135000.0,158000.0,Diesel,manual,1,tata,tata indigo
2006,400000.0,400000.0,Diesel,manual,1,toyota,toyota innova
2016,600000.0,19495.0,Petrol,manual,1,nissan,nissan sunny
2013,570000.0,62668.0,Diesel,manual,1,renault,renault duster
2013,850000.0,85710.0,Diesel,manual,1,mahindra,mahindra xuv500
2011,250000.0,55130.0,Diesel,manual,1,ford,ford figo
2014,580000.0,63356.0,Diesel,manual,1,ford,ford ecosport
2010,180000.0,15000.0,Petrol,manual,1,chevrolet,chevrolet spark
2017,300000.0,50000.0,Petrol,manual,1,tata,tata tiago
2012,269000.0,70000.0,Petrol,manual,1,toyota,toyota etios
2018,231999.0,20000.0,Petrol,manual,1,maruti,maruti alto
2011,150000.0,60000.0,Petrol,manual,1,chevrolet,chevrolet beat
2017,495000.0,5000.0,Petrol,manual,1,hyundai,hyundai grand
2014,700000.0,15000.0,Petrol,manual,1,maruti,maruti ciaz
2018,400000.0,4400.0,Petrol,manual,1,datsun,datsun go
2019,599000.0,15000.0,Diesel,manual,1,mahindra,mahindra xylo
2013,421000.0,45000.0,Diesel,manual,1,renault,renault duster
2014,295000.0,38500.0,Petrol,manual,1,hyundai,hyundai i10
2011,220000.0,25000.0,Petrol,manual,1,hyundai,hyundai i10
2013,250000.0,35000.0,Diesel,manual,1,ford,ford classic
2009,1100000.0,110000.0,Diesel,manual,1,toyota,toyota fortuner
2012,300000.0,40000.0,Petrol,manual,1,hyundai,hyundai verna
2007,80000.0,110000.0,Petrol,manual,1,chevrolet,chevrolet aveo
2013,215000.0,20000.0,Diesel,manual,1,chevrolet,chevrolet beat
2012,245000.0,14987.0,Petrol,manual,1,hyundai,hyundai eon
2016,650000.0,25061.0,Diesel,manual,1,ford,ford ecosport
2017,760000.0,42494.0,Diesel,manual,1,ford,ford ecosport
2014,395000.0,44875.0,Diesel,manual,1,honda,honda amaze
2014,280000.0,89741.0,Diesel,manual,1,ford,ford figo
2016,495000.0,65000.0,Diesel,manual,1,honda,honda jazz
2016,525000.0,35000.0,Diesel,manual,1,honda,honda jazz
2009,420000.0,347089.0,Diesel,manual,1,toyota,toyota innova
2010,210000.0,34500.0,Diesel,manual,1,tata,tata new
2018,650000.0,30000.0,Petrol,manual,1,hyundai,hyundai i20
2019,525000.0,16000.0,Diesel,manual,1,ford,ford freestyle
2010,195000.0,80000.0,Cng,manual,1,maruti,maruti wagon
2016,650000.0,60000.0,Diesel,manual,1,maruti,maruti ertiga
2015,540000.0,110000.0,Diesel,manual,1,mahindra,mahindra tuv
2014,180000.0,61000.0,Petrol,manual,1,maruti,maruti alto
2018,980000.0,50000.0,Diesel,manual,1,maruti,maruti ertiga
2014,250000.0,90000.0,Diesel,manual,1,fiat,fiat grande
2018,550000.0,35000.0,Petrol,automatic,1,hyundai,hyundai grand
2015,509999.0,43000.0,Petrol,manual,1,volkswagen,volkswagen vento
2016,275000.0,25000.0,Petrol,manual,1,hyundai,hyundai eon
2013,550000.0,222252.0,Diesel,manual,1,mahindra,mahindra xuv500
2009,145000.0,50000.0,Petrol,manual,1,maruti,maruti wagon
2013,250000.0,80000.0,Diesel,manual,1,fiat,fiat grande
2012,520000.0,35000.0,Diesel,manual,1,hyundai,hyundai verna
2007,95000.0,85000.0,Petrol,manual,1,maruti,maruti alto
2011,725000.0,110000.0,Diesel,manual,1,toyota,toyota innova
2006,55000.0,70000.0,Petrol,manual,1,maruti,maruti 800
2014,600000.0,100000.0,Diesel,manual,1,honda,honda city
2013,330000.0,120000.0,Diesel,manual,1,volkswagen,volkswagen vento
2015,470000.0,89000.0,Diesel,manual,1,maruti,maruti swift
2013,365000.0,120000.0,Diesel,manual,1,maruti,maruti swift
2013,250000.0,40000.0,Petrol,manual,1,hyundai,hyundai eon
2017,430000.0,17000.0,Petrol,manual,1,maruti,maruti wagon
2013,400000.0,125000.0,Diesel,manual,1,maruti,maruti swift
2015,615000.0,110000.0,Petrol,manual,1,maruti,maruti swift
2011,150000.0,120000.0,Diesel,manual,1,ford,ford figo
2014,240000.0,90000.0,Diesel,manual,1,ford,ford figo
2014,800000.0,90000.0,Diesel,manual,1,mahindra,mahindra scorpio
2015,240000.0,110000.0,Lpg,manual,1,hyundai,hyundai eon
2014,600000.0,87000.0,Diesel,manual,1,ford,ford ecosport
2014,800000.0,15000.0,Diesel,manual,1,mahindra,mahindra scorpio
2012,350000.0,38000.0,Petrol,manual,1,ford,ford fiesta
2011,300000.0,64000.0,Petrol,manual,1,honda,honda city
2015,399000.0,55250.0,Diesel,manual,1,tata,tata sumo
2011,300000.0,110000.0,Diesel,manual,1,mahindra,mahindra bolero
2012,150000.0,70000.0,Petrol,automatic,1,maruti,maruti a-star
2010,320000.0,60000.0,Diesel,manual,1,chevrolet,chevrolet cruze
2018,1280000.0,17000.0,Diesel,manual,1,tata,tata hexa
2017,300000.0,13000.0,Petrol,manual,1,renault,renault kwid
2016,1000000.0,60000.0,Diesel,manual,1,nissan,nissan terrano
2012,1090000.0,120000.0,Diesel,manual,1,mitsubishi,mitsubishi pajero
2012,450000.0,97000.0,Diesel,manual,1,tata,tata new
2007,60000.0,130000.0,Petrol,manual,1,tata,tata indica
2013,500000.0,50000.0,Petrol,manual,1,maruti,maruti swift
2012,200000.0,120000.0,Diesel,manual,1,tata,tata indigo
2006,60000.0,100000.0,Petrol,manual,1,maruti,maruti alto
2012,185000.0,67000.0,Cng,manual,1,hyundai,hyundai accent
2015,155000.0,60000.0,Petrol,manual,1,maruti,maruti alto
2019,600000.0,5000.0,Petrol,manual,1,maruti,maruti swift
2016,300000.0,20000.0,Petrol,manual,1,renault,renault kwid
2018,850000.0,12500.0,Petrol,manual,1,hyundai,hyundai creta
2019,470000.0,4000.0,Cng,manual,1,maruti,maruti eeco
2019,600000.0,25000.0,Petrol,manual,1,ford,ford figo
2013,700000.0,70000.0,Diesel,manual,1,toyota,toyota innova
2007,70000.0,162000.0,Lpg,manual,1,maruti,maruti wagon
2010,1250000.0,205000.0,Diesel,manual,1,toyota,toyota fortuner
2008,650000.0,70000.0,Petrol,automatic,1,audi,audi a6
2018,450000.0,70000.0,Diesel,manual,1,hyundai,hyundai xcent
2014,750000.0,100000.0,Diesel,manual,1,mahindra,mahindra xuv500
2013,775000.0,70000.0,Diesel,manual,1,toyota,toyota innova
2011,800000.0,220000.0,Diesel,manual,1,hyundai,hyundai santa
2015,360000.0,80000.0,Petrol,manual,1,honda,honda amaze
2010,250000.0,120000.0,Diesel,manual,1,toyota,toyota corolla
2017,1490000.0,22038.0,Diesel,manual,1,jeep,jeep compass
2013,600000.0,80000.0,Diesel,manual,1,nissan,nissan terrano
2012,320000.0,140000.0,Diesel,manual,1,tata,tata new
2011,400000.0,120000.0,Diesel,manual,1,mahindra,mahindra thar
2015,302000.0,60000.0,Diesel,manual,1,maruti,maruti swift
2014,150000.0,60000.0,Petrol,manual,1,maruti,maruti swift
2012,200000.0,90000.0,Diesel,manual,1,tata,tata indica
2008,120000.0,175000.0,Diesel,manual,1,maruti,maruti swift
2019,1400000.0,10000.0,Diesel,manual,1,mahindra,mahindra xuv500
2017,620000.0,65000.0,Petrol,manual,1,hyundai,hyundai i20
2012,449000.0,90000.0,Diesel,manual,1,toyota,toyota innova
2012,250000.0,40000.0,Diesel,manual,1,chevrolet,chevrolet beat
2018,550000.0,63000.0,Petrol,manual,1,maruti,maruti baleno
2014,360000.0,70000.0,Diesel,manual,1,skoda,skoda rapid
2012,650000.0,60000.0,Petrol,automatic,1,skoda,skoda superb
2012,199000.0,92000.0,Diesel,manual,1,ford,ford fiesta
2014,285000.0,89126.0,Diesel,manual,1,mahindra,mahindra quanto
2009,260000.0,134000.0,Diesel,automatic,1,volkswagen,volkswagen jetta
2019,869999.0,15000.0,Petrol,automatic,1,maruti,maruti ciaz
2016,425000.0,42500.0,Diesel,manual,1,hyundai,hyundai grand
2012,490000.0,42000.0,Diesel,automatic,1,chevrolet,chevrolet cruze
2004,125000.0,110000.0,Petrol,manual,1,honda,honda city
2014,221000.0,131365.0,Diesel,manual,1,fiat,fiat linea
2016,724000.0,48980.0,Diesel,automatic,1,volkswagen,volkswagen vento
2014,440000.0,46000.0,Petrol,automatic,1,honda,honda amaze
2015,511000.0,58000.0,Diesel,manual,1,maruti,maruti baleno
2016,790000.0,22000.0,Diesel,manual,1,maruti,maruti s-cross
2017,640000.0,37000.0,Petrol,manual,1,hyundai,hyundai i20
2009,120000.0,70000.0,Petrol,manual,1,hyundai,hyundai santro
2012,126000.0,98900.0,Diesel,manual,1,chevrolet,chevrolet beat
2012,120000.0,125000.0,Diesel,manual,1,chevrolet,chevrolet beat
2017,650000.0,60000.0,Diesel,manual,1,mahindra,mahindra tuv
2014,450000.0,80000.0,Petrol,manual,1,hyundai,hyundai grand
2010,110000.0,80000.0,Cng,manual,1,maruti,maruti zen
2017,600000.0,40000.0,Diesel,manual,1,mahindra,mahindra bolero
2012,620000.0,80000.0,Diesel,manual,1,mahindra,mahindra xuv500
2014,600000.0,30000.0,Diesel,manual,1,ford,ford ecosport
2018,795000.0,35000.0,Diesel,manual,1,mahindra,mahindra bolero
2011,300000.0,180000.0,Diesel,manual,1,tata,tata winger
2015,495000.0,60000.0,Diesel,manual,1,renault,renault lodgy
2018,1350000.0,34000.0,Diesel,automatic,1,tata,tata hexa
2014,350000.0,145000.0,Diesel,manual,1,mahindra,mahindra xylo
2018,300000.0,25000.0,Petrol,automatic,1,datsun,datsun redigo
2018,500000.0,70000.0,Diesel,manual,1,nissan,nissan sunny
2014,345000.0,58000.0,Petrol,manual,1,honda,honda brio
2013,220000.0,100000.0,Diesel,manual,1,tata,tata indigo
1999,50000.0,100000.0,Petrol,manual,1,maruti,maruti 800
2017,585000.0,14000.0,Petrol,manual,1,honda,honda jazz
2018,625000.0,13800.0,Petrol,automatic,1,maruti,maruti swift
2017,1035000.0,23000.0,Petrol,automatic,1,hyundai,hyundai creta
2017,600000.0,99700.0,Diesel,manual,1,mahindra,mahindra xylo
2014,650000.0,49654.0,Diesel,manual,1,honda,honda city
2016,550000.0,45457.0,Petrol,manual,1,hyundai,hyundai grand
2017,1260000.0,39221.0,Diesel,manual,1,hyundai,hyundai creta
2016,660000.0,48220.0,Petrol,manual,1,hyundai,hyundai i20
2017,700000.0,11114.0,Petrol,manual,1,hyundai,hyundai i20
2008,235000.0,60208.0,Diesel,manual,1,hyundai,hyundai getz
2013,475000.0,80000.0,Diesel,manual,1,volkswagen,volkswagen vento
2008,795000.0,98600.0,Diesel,automatic,1,mercedes-benz,mercedes-benz e-class
2015,850000.0,58000.0,Petrol,automatic,1,honda,honda city
2017,585000.0,85441.0,Diesel,manual,1,mahindra,mahindra xylo
2015,380000.0,64541.0,Diesel,manual,1,mahindra,mahindra verito
2019,650000.0,35000.0,Diesel,manual,1,maruti,maruti swift
2017,434999.0,16267.0,Petrol,manual,1,nissan,nissan micra
2013,525000.0,71500.0,Diesel,manual,1,volkswagen,volkswagen vento
2008,160000.0,80000.0,Petrol,manual,1,chevrolet,chevrolet aveo
2007,160000.0,90000.0,Petrol,manual,1,maruti,maruti zen
2017,900000.0,14700.0,Petrol,manual,1,hyundai,hyundai creta
2000,61000.0,90000.0,Petrol,manual,1,maruti,maruti alto
2017,400000.0,50000.0,Petrol,manual,1,maruti,maruti wagon
2009,150000.0,100000.0,Petrol,manual,1,hyundai,hyundai santro
2019,950000.0,24000.0,Petrol,automatic,1,volkswagen,volkswagen polo
2007,110000.0,90000.0,Petrol,manual,1,hyundai,hyundai getz
2015,375000.0,30000.0,Petrol,manual,1,tata,tata bolt
2017,350000.0,80000.0,Petrol,manual,1,datsun,datsun go
2012,310000.0,92686.0,Diesel,manual,1,hyundai,hyundai i20
2010,90000.0,300000.0,Petrol,manual,1,tata,tata indica
2011,350000.0,90000.0,Petrol,manual,1,volkswagen,volkswagen vento
2003,100000.0,60000.0,Petrol,manual,1,hyundai,hyundai santro
2017,1300000.0,40000.0,Diesel,automatic,1,mahindra,mahindra xuv500
2014,280000.0,55000.0,Petrol,manual,1,hyundai,hyundai eon
2018,360000.0,6000.0,Petrol,manual,1,hyundai,hyundai eon
2011,150000.0,40000.0,Petrol,manual,1,maruti,maruti alto
2017,900000.0,15000.0,Petrol,automatic,1,skoda,skoda rapid
2005,120000.0,50000.0,Diesel,manual,1,ambassador,ambassador classic
2010,215000.0,90000.0,Petrol,manual,1,fiat,fiat linea
2013,550000.0,38500.0,Diesel,manual,1,renault,renault scala
2018,775000.0,35000.0,Petrol,manual,1,tata,tata nexon
2001,409999.0,49359.0,Petrol,manual,1,maruti,maruti gypsy
2005,65000.0,70000.0,Petrol,manual,1,maruti,maruti 800
2008,200000.0,90000.0,Petrol,manual,1,maruti,maruti wagon
2012,800000.0,108731.0,Diesel,manual,1,toyota,toyota innova
2010,400000.0,120000.0,Diesel,manual,1,toyota,toyota innova
2016,500000.0,60000.0,Diesel,manual,1,tata,tata sumo
2007,150000.0,90000.0,Diesel,manual,1,mahindra,mahindra renault
2014,500000.0,140000.0,Diesel,manual,1,toyota,toyota etios
2014,320000.0,80000.0,Petrol,manual,1,hyundai,hyundai eon
2013,300000.0,90000.0,Diesel,manual,1,nissan,nissan micra
2018,285000.0,14000.0,Petrol,manual,1,maruti,maruti alto
2012,360000.0,70000.0,Diesel,manual,1,tata,tata aria
2009,450000.0,55000.0,Petrol,manual,1,honda,honda accord
2011,175000.0,60000.0,Petrol,manual,1,maruti,maruti alto
2011,350000.0,74000.0,Diesel,manual,1,chevrolet,chevrolet cruze
2020,530000.0,45000.0,Diesel,manual,1,ford,ford figo
2017,1025000.0,38000.0,Diesel,manual,1,honda,honda city
2017,950000.0,24000.0,Diesel,manual,1,honda,honda br-v
2017,725000.0,29976.0,Petrol,manual,1,honda,honda wr-v
2017,919999.0,41000.0,Petrol,manual,1,honda,honda city
2018,700000.0,15000.0,Diesel,manual,1,honda,honda jazz
2017,725000.0,36000.0,Diesel,manual,1,honda,honda jazz
2017,840000.0,30646.0,Petrol,manual,1,honda,honda br-v
2015,365000.0,23600.0,Petrol,manual,1,maruti,maruti wagon
2014,665000.0,71318.0,Diesel,manual,1,honda,honda city
2003,50000.0,78098.0,Petrol,manual,1,maruti,maruti 800
2014,225000.0,30000.0,Petrol,manual,1,hyundai,hyundai eon
2012,229999.0,45000.0,Petrol,manual,1,hyundai,hyundai i10
2008,145000.0,67000.0,Petrol,manual,1,hyundai,hyundai santro
2017,750000.0,18054.0,Petrol,manual,1,ford,ford ecosport
2015,785000.0,40000.0,Diesel,manual,1,honda,honda city
2011,225000.0,30000.0,Petrol,manual,1,hyundai,hyundai i10
2017,300000.0,80000.0,Diesel,manual,1,hyundai,hyundai xcent
2016,680000.0,20000.0,Diesel,manual,1,hyundai,hyundai i20
2016,700000.0,40000.0,Diesel,manual,1,mahindra,mahindra tuv
2011,180000.0,120000.0,Diesel,manual,1,tata,tata indigo
2008,270000.0,120000.0,Diesel,manual,1,ford,ford fiesta
2010,370000.0,97000.0,Petrol,manual,1,maruti,maruti swift
2018,1100000.0,70000.0,Diesel,manual,1,mahindra,mahindra xylo
2004,120000.0,120000.0,Diesel,manual,1,hyundai,hyundai accent
2013,430000.0,88000.0,Diesel,manual,1,skoda,skoda rapid
2014,550000.0,38406.0,Diesel,manual,1,maruti,maruti swift
2014,320000.0,54350.0,Petrol,manual,1,hyundai,hyundai santro
2015,390000.0,32260.0,Petrol,manual,1,maruti,maruti wagon
2014,550000.0,58231.0,Diesel,manual,1,renault,renault duster
2012,370000.0,59858.0,Petrol,manual,1,maruti,maruti swift
2010,190000.0,73350.0,Petrol,manual,1,maruti,maruti alto
2013,509999.0,88473.0,Diesel,manual,1,renault,renault duster
2013,450000.0,96987.0,Petrol,manual,1,honda,honda city
2015,550000.0,61187.0,Diesel,manual,1,maruti,maruti swift
2009,400000.0,68350.0,Diesel,manual,1,mahindra,mahindra xylo
2015,585000.0,81150.0,Diesel,manual,1,ford,ford ecosport
2019,500000.0,30000.0,Petrol,manual,1,hyundai,hyundai grand
2015,800000.0,30000.0,Petrol,manual,1,maruti,maruti ciaz
2009,265000.0,120000.0,Diesel,manual,1,maruti,maruti swift
2012,175000.0,180000.0,Diesel,manual,1,ford,ford figo
2007,125000.0,50000.0,Petrol,manual,1,fiat,fiat palio
2010,165000.0,80000.0,Diesel,manual,1,tata,tata manza
2011,150000.0,280000.0,Diesel,manual,1,mahindra,mahindra verito
2015,1025000.0,90000.0,Diesel,manual,1,hyundai,hyundai creta
2014,1030000.0,250000.0,Diesel,manual,1,toyota,toyota innova
2012,380000.0,90000.0,Diesel,manual,1,chevrolet,chevrolet cruze
2000,85000.0,80000.0,Petrol,manual,1,maruti,maruti zen
2016,500000.0,35000.0,Diesel,manual,1,fiat,fiat punto
2018,350000.0,15000.0,Petrol,manual,1,hyundai,hyundai eon
2010,190000.0,52000.0,Petrol,manual,1,maruti,maruti alto
2009,940000.0,140000.0,Diesel,manual,1,volkswagen,volkswagen jetta
2013,475000.0,60000.0,Petrol,manual,1,maruti,maruti swift
2018,300000.0,17000.0,Petrol,manual,1,maruti,maruti alto
2016,250000.0,70000.0,Petrol,manual,1,chevrolet,chevrolet beat
2001,93000.0,97000.0,Petrol,manual,1,maruti,maruti zen
2012,290000.0,125000.0,Diesel,manual,1,ford,ford figo
2010,75000.0,300000.0,Petrol,manual,1,tata,tata indica
2015,1000000.0,120000.0,Diesel,manual,1,mahindra,mahindra xuv500
2015,550000.0,87000.0,Diesel,manual,1,hyundai,hyundai i20
2010,285000.0,75000.0,Diesel,manual,1,fiat,fiat punto
2012,229999.0,40000.0,Petrol,manual,1,maruti,maruti wagon
2014,580000.0,120000.0,Diesel,manual,1,ford,ford ecosport
2005,175000.0,100000.0,Petrol,manual,1,toyota,toyota corolla
2012,250000.0,110000.0,Diesel,manual,1,maruti,maruti ritz
2006,70000.0,105700.0,Petrol,manual,1,maruti,maruti zen
2017,430999.0,14000.0,Petrol,manual,1,maruti,maruti celerio
2010,80000.0,70000.0,Petrol,manual,1,chevrolet,chevrolet spark
2019,335000.0,28000.0,Petrol,manual,1,maruti,maruti alto
2017,350000.0,51000.0,Petrol,manual,1,maruti,maruti eeco
2018,315000.0,56000.0,Petrol,manual,1,maruti,maruti alto
2019,1100000.0,35000.0,Diesel,automatic,1,volkswagen,volkswagen vento
2005,80000.0,24000.0,Petrol,manual,1,maruti,maruti esteem
2014,285000.0,64000.0,Petrol,manual,1,maruti,maruti alto
2009,100000.0,120000.0,Diesel,manual,1,tata,tata indigo
2011,225000.0,37091.0,Petrol,manual,1,maruti,maruti alto
2018,320000.0,38900.0,Petrol,manual,1,maruti,maruti alto
2016,1249000.0,60000.0,Diesel,manual,1,hyundai,hyundai creta
2008,120000.0,110000.0,Petrol,manual,1,maruti,maruti wagon
2011,200000.0,100000.0,Diesel,manual,1,volkswagen,volkswagen vento
2016,1151000.0,85000.0,Diesel,manual,1,hyundai,hyundai creta
2012,120000.0,140000.0,Diesel,manual,1,tata,tata indica
2017,220000.0,20000.0,Petrol,manual,1,renault,renault kwid
2018,784000.0,40000.0,Diesel,manual,1,mahindra,mahindra tuv
2017,500000.0,50000.0,Petrol,manual,1,honda,honda jazz
2018,350000.0,20000.0,Petrol,manual,1,hyundai,hyundai eon
2018,1400000.0,50000.0,Diesel,automatic,1,mahindra,mahindra xuv500
2014,600000.0,100000.0,Diesel,manual,1,mahindra,mahindra thar
2019,525000.0,9400.0,Petrol,manual,1,hyundai,hyundai grand
2017,930000.0,12000.0,Diesel,manual,1,ford,ford ecosport
2017,440000.0,14100.0,Cng,manual,1,maruti,maruti eeco
2016,434999.0,21000.0,Petrol,manual,1,maruti,maruti celerio
2011,250000.0,28000.0,Petrol,manual,1,hyundai,hyundai i10
2017,940000.0,35000.0,Diesel,manual,1,maruti,maruti ertiga
2017,1050000.0,31000.0,Diesel,automatic,1,hyundai,hyundai verna
2016,825000.0,58000.0,Diesel,manual,1,maruti,maruti ertiga
2012,229999.0,25000.0,Petrol,manual,1,maruti,maruti wagon
2011,375000.0,72000.0,Petrol,manual,1,hyundai,hyundai i20
2013,640000.0,89000.0,Diesel,manual,1,maruti,maruti ertiga
2012,800000.0,160000.0,Diesel,manual,1,toyota,toyota innova
2012,130000.0,30000.0,Petrol,manual,1,ford,ford figo
2014,300000.0,37555.0,Petrol,manual,1,hyundai,hyundai i10
2018,440000.0,14000.0,Petrol,manual,1,maruti,maruti wagon
2014,595000.0,56600.0,Cng,manual,1,maruti,maruti ertiga
2013,450000.0,110000.0,Diesel,manual,1,mahindra,mahindra scorpio
2017,690000.0,50000.0,Diesel,manual,1,maruti,maruti vitara
2019,300000.0,5000.0,Petrol,manual,1,maruti,maruti alto
2014,170000.0,100000.0,Petrol,manual,1,chevrolet,chevrolet sail
2012,280000.0,120000.0,Diesel,manual,1,toyota,toyota etios
2009,220000.0,67580.0,Petrol,manual,1,maruti,maruti swift
2009,140000.0,100000.0,Petrol,manual,1,hyundai,hyundai santro
2004,45000.0,60000.0,Petrol,manual,1,maruti,maruti esteem
2014,200000.0,125000.0,Diesel,manual,1,ford,ford figo
2008,325000.0,120000.0,Diesel,manual,1,mahindra,mahindra scorpio
2010,300000.0,130000.0,Diesel,manual,1,hyundai,hyundai verna
2009,120000.0,250000.0,Petrol,manual,1,maruti,maruti 800
2015,280000.0,40000.0,Diesel,manual,1,mahindra,mahindra verito
2013,225000.0,78000.0,Diesel,manual,1,nissan,nissan sunny
2015,750000.0,48238.0,Petrol,automatic,1,ford,ford ecosport
2016,535000.0,38365.0,Petrol,manual,1,hyundai,hyundai i20
2016,1250000.0,23670.0,Diesel,manual,1,mahindra,mahindra xuv500
2017,650000.0,49834.0,Petrol,manual,1,maruti,maruti baleno
2013,295000.0,57353.0,Petrol,manual,1,honda,honda brio
2015,480000.0,68308.0,Diesel,manual,1,maruti,maruti swift
2015,575000.0,63240.0,Diesel,manual,1,honda,honda city
2015,295000.0,90000.0,Diesel,manual,1,mahindra,mahindra bolero
2011,330000.0,100000.0,Diesel,manual,1,mahindra,mahindra xylo
2009,150000.0,80000.0,Petrol,manual,1,maruti,maruti ritz
2016,927999.0,90000.0,Diesel,manual,1,hyundai,hyundai creta
2003,70000.0,60000.0,Petrol,manual,1,maruti,maruti zen
2015,399000.0,55000.0,Diesel,manual,1,hyundai,hyundai xcent
2015,350000.0,90000.0,Diesel,manual,1,maruti,maruti swift
2006,125000.0,50000.0,Diesel,manual,1,mahindra,mahindra scorpio
2008,150000.0,90000.0,Petrol,manual,1,hyundai,hyundai santro
2015,250000.0,25000.0,Petrol,manual,1,hyundai,hyundai eon
2014,675000.0,61000.0,Diesel,manual,1,hyundai,hyundai verna
2018,950000.0,30000.0,Diesel,manual,1,maruti,maruti s-cross
2018,409999.0,45000.0,Cng,manual,1,maruti,maruti eeco
2011,225000.0,60000.0,Diesel,manual,1,fiat,fiat linea
2008,350000.0,75000.0,Petrol,manual,1,honda,honda civic
2005,51111.0,140000.0,Petrol,manual,1,tata,tata indica
2013,290000.0,56000.0,Diesel,manual,1,chevrolet,chevrolet sail
2006,310000.0,62000.0,Electric,automatic,1,toyota,toyota camry
2007,212000.0,58000.0,Diesel,manual,1,hyundai,hyundai verna
2013,900000.0,49000.0,Diesel,automatic,1,skoda,skoda octavia
2011,221000.0,56000.0,Diesel,manual,1,chevrolet,chevrolet beat
2013,675000.0,73000.0,Diesel,manual,1,toyota,toyota innova
2014,421000.0,69000.0,Diesel,manual,1,honda,honda amaze
2008,350000.0,10000.0,Petrol,manual,1,maruti,maruti sx4
2010,140000.0,110000.0,Cng,manual,1,hyundai,hyundai accent
2002,90000.0,116000.0,Diesel,manual,1,skoda,skoda octavia
2018,830000.0,40000.0,Diesel,manual,1,honda,honda city
2009,180000.0,30000.0,Petrol,manual,1,maruti,maruti wagon
2009,210000.0,109000.0,Diesel,manual,1,maruti,maruti swift
2017,700000.0,90000.0,Diesel,manual,1,maruti,maruti sx4
2012,125000.0,120000.0,Diesel,manual,1,tata,tata indigo
2017,530000.0,64916.0,Petrol,manual,1,hyundai,hyundai verna
2018,800000.0,37161.0,Diesel,manual,1,ford,ford ecosport
2016,580000.0,15000.0,Petrol,manual,1,maruti,maruti baleno
2012,1400000.0,118000.0,Diesel,automatic,1,audi,audi q3
2018,300000.0,50852.0,Petrol,manual,1,renault,renault kwid
2016,300000.0,30000.0,Petrol,manual,1,renault,renault kwid
2015,700000.0,77000.0,Diesel,manual,1,maruti,maruti ciaz
2012,250000.0,70000.0,Petrol,manual,1,nissan,nissan sunny
2016,500000.0,120000.0,Diesel,manual,1,chevrolet,chevrolet tavera
2009,428000.0,40000.0,Petrol,automatic,1,honda,honda accord
2019,1400000.0,33000.0,Diesel,manual,1,tata,tata harrier
2013,219000.0,53500.0,Petrol,manual,1,hyundai,hyundai eon
2017,500000.0,40000.0,Diesel,manual,1,maruti,maruti ertiga
2010,409999.0,60000.0,Petrol,manual,1,honda,honda city
2018,570000.0,5000.0,Petrol,manual,1,tata,tata tigor
2007,160000.0,80000.0,Petrol,manual,1,maruti,maruti sx4
2017,749000.0,51500.0,Diesel,manual,1,maruti,maruti ciaz
2010,300000.0,120000.0,Diesel,manual,1,maruti,maruti swift
2014,550000.0,79800.0,Diesel,manual,1,ford,ford ecosport
2015,550000.0,97000.0,Diesel,manual,1,ford,ford ecosport
2019,1250000.0,6590.0,Diesel,manual,1,ford,ford ecosport
2017,700000.0,49957.0,Diesel,manual,1,ford,ford figo
2017,600000.0,43235.0,Diesel,manual,1,ford,ford figo
2018,925000.0,50699.0,Diesel,manual,1,ford,ford ecosport
2015,459999.0,140730.0,Diesel,manual,1,ford,ford figo
2015,565000.0,46000.0,Petrol,manual,1,hyundai,hyundai i20
2013,170000.0,80000.0,Petrol,manual,1,hyundai,hyundai eon
2001,150000.0,256000.0,Diesel,manual,1,toyota,toyota qualis
2008,295000.0,120000.0,Diesel,manual,1,mahindra,mahindra scorpio
2018,819999.0,40000.0,Diesel,manual,1,hyundai,hyundai i20
2019,819999.0,40000.0,Diesel,manual,1,hyundai,hyundai elite
2015,320000.0,40000.0,Petrol,manual,1,maruti,maruti ritz
2015,550000.0,135000.0,Diesel,manual,1,ford,ford ecosport
2015,550000.0,50000.0,Diesel,manual,1,mahindra,mahindra bolero
2017,590000.0,98000.0,Diesel,manual,1,volkswagen,volkswagen ameo
2017,950000.0,50000.0,Diesel,manual,1,honda,honda city
2017,1000000.0,30000.0,Diesel,manual,1,honda,honda city
2013,500000.0,120000.0,Diesel,manual,1,nissan,nissan terrano
2017,450000.0,70000.0,Diesel,manual,1,fiat,fiat punto
2017,720000.0,35000.0,Diesel,manual,1,maruti,maruti swift
2015,390000.0,70000.0,Diesel,manual,1,maruti,maruti celerio
2014,500000.0,35000.0,Diesel,manual,1,mahindra,mahindra thar
2017,780000.0,50000.0,Diesel,manual,1,hyundai,hyundai i20
2015,484999.0,90000.0,Diesel,manual,1,maruti,maruti swift
2012,420000.0,90000.0,Diesel,manual,1,volkswagen,volkswagen vento
2015,1225000.0,70000.0,Diesel,manual,1,mahindra,mahindra xuv500
2015,350000.0,50000.0,Diesel,manual,1,tata,tata indica
2015,350000.0,120000.0,Diesel,manual,1,mahindra,mahindra verito
2011,800000.0,230000.0,Diesel,manual,1,toyota,toyota innova
2004,125000.0,70000.0,Petrol,automatic,1,hyundai,hyundai santro
2010,75000.0,100000.0,Diesel,manual,1,tata,tata indica
2018,509999.0,15000.0,Petrol,manual,1,mahindra,mahindra kuv
2014,215000.0,80000.0,Diesel,manual,1,tata,tata indigo
2014,480000.0,101000.0,Diesel,manual,1,maruti,maruti swift
2016,630000.0,55000.0,Diesel,manual,1,maruti,maruti swift
2007,190000.0,115000.0,Petrol,manual,1,honda,honda city
2015,500000.0,100000.0,Diesel,manual,1,maruti,maruti swift
2014,850000.0,52000.0,Diesel,manual,1,volkswagen,volkswagen jetta
2011,350000.0,105000.0,Diesel,manual,1,maruti,maruti sx4
2013,425000.0,170000.0,Diesel,manual,1,renault,renault duster
2015,495000.0,105000.0,Diesel,manual,1,maruti,maruti swift
2017,890000.0,60000.0,Diesel,manual,1,maruti,maruti ertiga
2018,1100000.0,25000.0,Diesel,automatic,1,hyundai,hyundai verna
2014,650000.0,218000.0,Diesel,manual,1,mahindra,mahindra xuv500
2009,233000.0,58000.0,Petrol,manual,1,ford,ford fiesta
2015,300000.0,110000.0,Diesel,manual,1,tata,tata indigo
2010,250000.0,100000.0,Petrol,manual,1,hyundai,hyundai i10
2010,250000.0,110000.0,Petrol,manual,1,hyundai,hyundai i10
2013,290000.0,52000.0,Petrol,manual,1,maruti,maruti wagon
2013,320000.0,80000.0,Petrol,manual,1,maruti,maruti wagon
2006,145000.0,52000.0,Petrol,manual,1,hyundai,hyundai santro
2005,100000.0,124000.0,Petrol,manual,1,maruti,maruti alto
2010,130000.0,210000.0,Diesel,manual,1,fiat,fiat punto
2006,145000.0,66000.0,Petrol,automatic,1,hyundai,hyundai santro
2008,110000.0,120000.0,Petrol,manual,1,maruti,maruti alto
2019,680000.0,40000.0,Diesel,manual,1,maruti,maruti swift
2004,37500.0,90000.0,Petrol,manual,1,maruti,maruti 800
2019,1000000.0,15000.0,Diesel,manual,1,maruti,maruti ertiga
2015,470000.0,170000.0,Diesel,manual,1,maruti,maruti swift
2017,415000.0,20000.0,Petrol,manual,1,maruti,maruti celerio
2014,500000.0,82000.0,Diesel,manual,1,nissan,nissan terrano
2013,150000.0,60000.0,Petrol,manual,1,chevrolet,chevrolet spark
2005,95000.0,50000.0,Petrol,manual,1,maruti,maruti alto
2012,400000.0,70000.0,Diesel,manual,1,maruti,maruti swift
2008,114999.0,66782.0,Petrol,manual,1,maruti,maruti alto
2006,75000.0,130000.0,Petrol,manual,1,maruti,maruti alto
2013,500000.0,120000.0,Diesel,manual,1,hyundai,hyundai verna
2014,195000.0,75000.0,Petrol,manual,1,maruti,maruti 800
2015,155000.0,40000.0,Petrol,manual,1,maruti,maruti alto
2000,65000.0,90000.0,Petrol,manual,1,maruti,maruti alto
2005,65000.0,150000.0,Petrol,manual,1,honda,honda city
2015,190000.0,60000.0,Petrol,manual,1,tata,tata nano
2012,200000.0,112198.0,Diesel,manual,1,mahindra,mahindra verito
2010,160000.0,60000.0,Petrol,manual,1,tata,tata manza
2010,150000.0,130000.0,Diesel,manual,1,tata,tata indica
2015,530000.0,175000.0,Diesel,manual,1,ford,ford ecosport
2015,750000.0,120000.0,Diesel,manual,1,mahindra,mahindra scorpio
2012,225000.0,90000.0,Diesel,manual,1,maruti,maruti ritz
2012,600000.0,170000.0,Diesel,manual,1,toyota,toyota innova
2014,409999.0,80000.0,Diesel,manual,1,hyundai,hyundai i20
2009,110000.0,83000.0,Petrol,manual,1,maruti,maruti 800
2016,865000.0,90000.0,Diesel,manual,1,hyundai,hyundai creta
2016,225000.0,40000.0,Petrol,manual,1,renault,renault kwid
2007,62600.65387980693,78828.07967046348,Petrol,manual,1,maruti,maruti 800
2007,129715.92105805768,41452.356685060615,Petrol,manual,1,maruti,maruti wagon
2012,587771.7507490821,90266.69600507434,Diesel,manual,1,hyundai,hyundai verna
2017,239936.7815195832,51973.52674206713,Petrol,manual,1,datsun,datsun redigo
2014,433265.064033062,163261.0595726657,Diesel,manual,1,honda,honda amaze
2007,144726.65022166935,116127.71558092622,Petrol,manual,1,maruti,maruti alto
2016,511166.8596636768,25670.119209616,Petrol,manual,1,hyundai,hyundai xcent
2014,221241.76002587745,61179.27088113938,Petrol,manual,1,tata,tata indigo
2015,813502.6449074793,29928.902959699742,Petrol,manual,1,hyundai,hyundai creta
2017,371527.64412947214,86353.3569070142,Cng,manual,1,maruti,maruti celerio
2015,250650.39068957997,34768.7492954592,Petrol,manual,1,chevrolet,chevrolet sail
2014,260150.68770755385,91341.3981586278,Petrol,manual,1,tata,tata indigo
2007,60832.55645767784,76935.37728536384,Petrol,manual,1,maruti,maruti 800
2007,143613.5879960396,51723.36906491555,Petrol,manual,1,maruti,maruti wagon
2012,580232.4407009422,81303.43390988198,Diesel,manual,1,hyundai,hyundai verna
2017,240186.3602146377,51754.610413724295,Petrol,manual,1,datsun,datsun redigo
2014,473322.2090217369,143837.81144321457,Diesel,manual,1,honda,honda amaze
2007,130510.25202125096,122480.87039174188,Petrol,manual,1,maruti,maruti alto
2016,505415.5385825028,29279.177571047087,Petrol,manual,1,hyundai,hyundai xcent
2014,219249.96260828304,53402.37916880197,Petrol,manual,1,tata,tata indigo
2015,867567.0887696599,28112.33407929763,Petrol,manual,1,hyundai,hyundai creta
2017,346250.84262934816,83100.10213784064,Cng,manual,1,maruti,maruti celerio
2015,276326.784100534,28040.81475852485,Petrol,manual,1,chevrolet,chevrolet sail
2014,251644.88580400785,83914.6408475685,Petrol,manual,1,tata,tata indigo
2015,573793.5989867994,24037.70740982717,Petrol,manual,1,maruti,maruti ciaz
2019,1240416.6103837148,5024.831439480262,Diesel,manual,1,hyundai,hyundai venue
2013,399480.310857565,31282.67314667201,Diesel,manual,1,chevrolet,chevrolet enjoy
2018,927252.28637922,4390.533429508476,Diesel,automatic,1,maruti,maruti vitara
2011,1278064.908221205,192088.39827882577,Diesel,automatic,1,audi,audi q5
2018,939726.6743116032,13434.203231098443,Petrol,manual,1,honda,honda city
2018,504205.84220739256,14268.549986884756,Petrol,manual,1,tata,tata tigor
2012,1367143.7413255852,30337.8767264385,Diesel,automatic,1,mercedes-benz,mercedes-benz new
2011,455676.0239745879,112409.32699145743,Diesel,automatic,1,skoda,skoda superb
2016,930232.4522578584,45052.67695943247,Petrol,automatic,1,toyota,toyota corolla
2015,1375317.0216162945,71076.88846678904,Diesel,manual,1,toyota,toyota innova
2010,899343.0805264582,107935.164095923,Petrol,automatic,1,mercedes-benz,mercedes-benz e-class
2014,241259.24562074844,64926.46893132916,Petrol,manual,1,hyundai,hyundai i10
2013,1486958.605639606,69069.74875671326,Diesel,automatic,1,bmw,bmw 3
2009,1232566.1088442025,74799.65369546629,Diesel,automatic,1,audi,audi q7
2012,612384.9154835227,42808.33474875885,Diesel,manual,1,hyundai,hyundai elantra
2014,1153051.3229075084,58359.089163836295,Diesel,manual,1,mahindra,mahindra scorpio
2014,527442.896390937,82172.13441529559,Diesel,manual,1,honda,honda city
2014,282726.1712263004,58423.04216616407,Petrol,manual,1,maruti,maruti wagon
2012,272071.7173301955,61012.973197630825,Petrol,manual,1,maruti,maruti wagon
2009,380024.0918735706,113268.91776960688,Diesel,manual,1,mahindra,mahindra scorpio
2009,151874.69467349732,80631.64381252853,Petrol,manual,1,hyundai,hyundai santro
2019,506904.5806877227,14912.545178917408,Petrol,manual,1,hyundai,hyundai grand
2006,100866.2126598891,65759.76068818035,Petrol,manual,1,maruti,maruti alto
2017,716877.155970179,22092.72735000777,Diesel,manual,1,maruti,maruti swift
2018,379522.68227659306,11581.24944405035,Petrol,manual,1,maruti,maruti eeco
2018,729852.963046067,28031.21968150694,Diesel,manual,1,hyundai,hyundai i20
2018,292273.66043688304,25492.78538171668,Petrol,manual,1,maruti,maruti omni
2016,645024.8015412607,53346.57888389342,Diesel,manual,1,maruti,maruti swift
2014,422784.4427258006,72811.58961875434,Diesel,manual,1,hyundai,hyundai i20
2012,150550.7062018714,49051.15180112352,Petrol,manual,1,maruti,maruti alto
1996,251226.57186133825,31341.305403827177,Diesel,manual,1,mahindra,mahindra jeep
2014,702911.2561940709,100718.2794929344,Diesel,manual,1,honda,honda city
2013,310253.8232455895,73175.67919837665,Petrol,manual,1,maruti,maruti wagon
2005,69099.6221616736,78888.89903117288,Diesel,manual,1,tata,tata indica
2014,231692.57196120507,87830.09353661032,Petrol,manual,1,hyundai,hyundai eon
2014,512189.1813193563,91925.77517449598,Diesel,manual,1,toyota,toyota etios
2009,152195.80342349698,68647.59855267339,Petrol,manual,1,maruti,maruti alto
2009,129151.19158074682,114881.066277139,Petrol,manual,1,maruti,maruti alto
2010,252957.63100269152,401402.1362509598,Diesel,manual,1,chevrolet,chevrolet tavera
2011,337836.71860563173,245303.3010250084,Diesel,manual,1,toyota,toyota corolla
2017,525075.9471987415,68143.08028157981,Diesel,manual,1,mahindra,mahindra scorpio
2018,324835.348116669,32757.609936228742,Petrol,manual,1,hyundai,hyundai eon
2007,105576.16570383952,39284.3669671559,Diesel,manual,1,tata,tata indigo
2009,469575.47732062166,140476.15317525752,Diesel,manual,1,toyota,toyota innova
2014,121212.09904145684,172963.21959216145,Diesel,manual,1,tata,tata indica
2006,137782.7358308781,124624.40844519091,Petrol,manual,1,maruti,maruti swift
2017,997904.809076303,29410.260195924548,Diesel,manual,1,ford,ford ecosport
2018,752726.6809563007,54024.63253067996,Diesel,manual,1,maruti,maruti ciaz
2007,214350.9178901525,58385.97461674033,Petrol,automatic,1,honda,honda civic
2010,263499.9989443796,51471.76907494243,Petrol,manual,1,hyundai,hyundai i10
2014,483364.1302019847,112748.5580515613,Diesel,manual,1,skoda,skoda rapid
2005,77097.90447728692,125479.06064516296,Petrol,manual,1,hyundai,hyundai getz
2014,610416.4631905993,75067.26826994808,Petrol,manual,1,nissan,nissan terrano
2015,466873.6696209776,94483.28606846994,Diesel,manual,1,hyundai,hyundai grand
2019,684185.2482761696,27850.70735199854,Diesel,manual,1,hyundai,hyundai elite
2016,447878.5468644144,12429.973279439855,Petrol,manual,1,honda,honda amaze
2015,399147.1382276171,22374.52065989212,Petrol,manual,1,honda,honda brio
2017,1064488.1620122169,7258.544984764047,Petrol,manual,1,hyundai,hyundai creta
2015,804286.5889161875,57463.71143299714,Diesel,manual,1,mahindra,mahindra xuv500
2013,596552.0299069448,122073.76297961776,Diesel,manual,1,renault,renault duster
2007,80975.28309429233,49845.98840690686,Petrol,manual,1,hyundai,hyundai santro
2013,337532.62793588766,71852.04604416774,Diesel,manual,1,mahindra,mahindra bolero
2015,380454.4601038841,57563.08112916227,Diesel,manual,1,fiat,fiat avventura
2017,229597.88538858132,15274.793680969393,Petrol,manual,1,datsun,datsun redigo
2013,417476.7827257665,48750.83406067634,Petrol,manual,1,volkswagen,volkswagen jetta
2013,1222190.3801997493,52828.187293451614,Diesel,automatic,1,audi,audi a4
2009,195790.74824187183,75520.9127470979,Petrol,automatic,1,honda,honda civic
2008,170081.43237270432,34955.377054756325,Petrol,manual,1,maruti,maruti sx4
2017,568719.3516270883,101900.5260599522,Diesel,manual,1,mahindra,mahindra bolero
2010,548726.6033994317,118012.08116070463,Diesel,manual,1,hyundai,hyundai sonata
2017,434043.1128368876,30670.2957900216,Petrol,manual,1,nissan,nissan micra
2018,712936.0293704141,103249.43958822498,Diesel,manual,1,mahindra,mahindra xylo
2019,776753.5012099205,12394.377247299131,Petrol,manual,1,hyundai,hyundai elite
2017,287664.1525536361,19062.065267865724,Petrol,manual,1,renault,renault kwid
2012,595617.4159222237,66354.57684879315,Diesel,manual,1,mahindra,mahindra xylo
2010,92932.47738076888,70647.92858861676,Petrol,manual,1,maruti,maruti wagon
2011,266654.0328921869,118139.0705879496,Petrol,manual,1,maruti,maruti sx4
2017,352879.4695884064,20853.333811196862,Petrol,manual,1,renault,renault kwid
2016,804359.5456573699,67321.91136772795,Diesel,manual,1,hyundai,hyundai creta
2014,475224.8128648645,94815.10396387242,Diesel,manual,1,maruti,maruti swift
2016,709112.1899122192,84942.48371097092,Petrol,automatic,1,hyundai,hyundai verna
2014,531574.6055823384,98252.42686513366,Diesel,manual,1,mahindra,mahindra scorpio
2007,111979.90393035956,106463.55351718898,Petrol,manual,1,maruti,maruti sx4
2014,484277.2273049976,101061.02220577197,Diesel,manual,1,maruti,maruti ertiga
2013,160738.7581029074,70874.06310107364,Diesel,manual,1,chevrolet,chevrolet beat
2004,92079.4845309937,54365.986996455926,Petrol,manual,1,maruti,maruti zen
2018,596759.983714116,18783.923577246005,Petrol,manual,1,maruti,maruti baleno
2007,92979.98342062524,117838.17562415505,Diesel,manual,1,maruti,maruti swift
2012,91187.81569961976,58184.45384338794,Petrol,manual,1,tata,tata nano
2012,488211.4755161914,104392.13473535705,Diesel,manual,1,toyota,toyota innova
2016,821833.4838662633,83645.87367264592,Diesel,manual,1,maruti,maruti ertiga
2016,876793.390415407,74289.66469561214,Diesel,manual,1,hyundai,hyundai creta
2016,477173.4431371968,44345.356035403485,Petrol,manual,1,honda,honda amaze
2010,133867.71833934696,72421.76127565533,Diesel,manual,1,tata,tata indica
2012,403348.8506703792,123149.57385547285,Diesel,manual,1,chevrolet,chevrolet tavera
2015,985290.9050774968,3083.6669849289897,Diesel,manual,1,chevrolet,chevrolet cruze
2015,574534.7060073813,13304.234122631047,Petrol,manual,1,ford,ford figo
2017,789773.9611558659,57379.68353723139,Diesel,manual,1,ford,ford ecosport
2015,234508.25379023905,42119.1551103994,Petrol,manual,1,hyundai,hyundai i10
1998,36672.63093824881,42803.5401853745,Petrol,manual,1,maruti,maruti 800
2012,117505.08741475602,67877.04382739244,Petrol,manual,1,chevrolet,chevrolet spark
2015,201566.22583214188,82986.9962656185,Petrol,manual,1,hyundai,hyundai eon
2011,108589.70550412466,82026.61519120116,Diesel,manual,1,tata,tata indica
2003,70944.78722301942,62974.94121222694,Petrol,manual,1,hyundai,hyundai santro
2016,236165.3750771887,103517.6990776208,Diesel,manual,1,tata,tata bolt
2005,97781.97771862031,25350.784858110022,Petrol,manual,1,maruti,maruti 800
2015,576044.3572366692,4094.402732925601,Petrol,manual,1,hyundai,hyundai i20
2018,736905.7137564253,11999.74074694055,Petrol,manual,1,hyundai,hyundai i20
2015,515412.7327502802,91465.65707894586,Diesel,manual,1,maruti,maruti ciaz
2016,410666.6222100956,92221.97547245702,Diesel,manual,1,hyundai,hyundai i20
2002,60301.33971519089,66839.20823896349,Petrol,manual,1,hyundai,hyundai santro
2018,813304.5172640827,41669.37413027475,Diesel,manual,1,maruti,maruti vitara
2007,71713.67062697271,105522.77800535737,Petrol,manual,1,hyundai,hyundai santro
2008,211268.0212976657,51743.7184785742,Petrol,manual,1,hyundai,hyundai getz
2012,176183.187597126,134101.01242694136,Diesel,manual,1,mahindra,mahindra quanto
2015,395423.2555802943,141236.35832552816,Diesel,manual,1,chevrolet,chevrolet tavera
2012,177648.67145126124,71204.0646547309,Petrol,manual,1,hyundai,hyundai eon
2016,235967.11634680544,22574.001032563552,Petrol,manual,1,renault,renault kwid
2014,223340.04579602028,107701.28757297275,Lpg,manual,1,maruti,maruti wagon
2020,247192.07904444923,126759.9031002703,Petrol,manual,1,maruti,maruti wagon
2015,326558.2890387492,179436.18924366328,Diesel,manual,1,chevrolet,chevrolet enjoy
2011,90818.68661609308,96300.24719624332,Petrol,manual,1,chevrolet,chevrolet spark
2014,570374.7266164777,40302.49996221516,Petrol,manual,1,honda,honda city
2013,535438.2365668896,29777.56115160694,Diesel,manual,1,honda,honda amaze
2013,256408.9200520709,61830.1166501443,Petrol,manual,1,honda,honda brio
2017,574325.1396629208,48188.873067337394,Petrol,manual,1,maruti,maruti swift
2011,146271.9098161323,165995.47993089477,Diesel,manual,1,tata,tata indigo
2011,323629.1301698697,49952.261344425766,Petrol,automatic,1,hyundai,hyundai i10
2016,308477.3236972512,44788.48823215143,Petrol,manual,1,chevrolet,chevrolet beat
2015,420899.5153404921,116044.3300949732,Diesel,manual,1,maruti,maruti swift
2012,183236.27427534867,76317.5173914762,Petrol,manual,1,maruti,maruti alto
2011,112307.8859029783,72106.9037075373,Petrol,manual,1,chevrolet,chevrolet beat
2013,299624.7013748388,78121.5883002932,Diesel,manual,1,renault,renault duster
2006,69258.94674832816,114829.49295899768,Petrol,manual,1,hyundai,hyundai santro
2019,739960.769195188,15991.585148973005,Petrol,manual,1,maruti,maruti swift
2007,99137.55010918432,83331.2413913057,Petrol,manual,1,maruti,maruti 800
2020,306010.82326514204,37365.022611648405,Cng,manual,1,maruti,maruti alto
2004,74348.84757951509,53305.84895599628,Petrol,manual,1,maruti,maruti 800
2013,69441.54365094072,27635.530476492146,Petrol,manual,1,tata,tata nano
2016,657917.8300515625,22793.52987902452,Petrol,manual,1,hyundai,hyundai i20
2015,578936.0720756789,23506.9473990333,Petrol,manual,1,skoda,skoda rapid
2018,342347.46296260005,24290.241510037315,Petrol,manual,1,maruti,maruti alto
2018,603779.8278692638,74592.58653015447,Petrol,manual,1,maruti,maruti ciaz
2009,155766.8144970157,55398.36603928076,Petrol,manual,1,maruti,maruti alto
2009,253463.37966129955,98237.0100534406,Petrol,manual,1,hyundai,hyundai i20
2018,463191.5527690036,34991.64400840659,Petrol,manual,1,tata,tata nexon
2019,870138.3630223126,17975.813325366285,Diesel,manual,1,mahindra,mahindra bolero
2003,71765.20643506321,118894.34492034424,Diesel,manual,1,maruti,maruti zen
2016,619887.2857275392,59037.84126782891,Diesel,automatic,1,volkswagen,volkswagen vento
2017,412231.9231628034,25105.565815196667,Petrol,manual,1,maruti,maruti eeco
2005,104835.30867923364,112220.0068235326,Petrol,manual,1,honda,honda city
2013,1479621.928824158,39747.50508538863,Diesel,automatic,1,mercedes-benz,mercedes-benz new
2007,176833.1447364688,87875.7126480532,Petrol,manual,1,maruti,maruti sx4
2012,407121.15906916576,116187.21581420967,Diesel,manual,1,renault,renault duster
2010,167734.8103668187,97080.55237232964,Diesel,manual,1,ford,ford figo
2011,181090.90744976365,88815.17732871331,Diesel,manual,1,ford,ford figo
2009,237384.87242400265,148015.34666061593,Diesel,manual,1,maruti,maruti swift
2009,214292.50829615505,220554.0465562578,Diesel,manual,1,mahindra,mahindra xylo
2006,144286.0894299712,79822.41644187235,Petrol,manual,1,maruti,maruti esteem
2017,592728.8156466975,83238.4045510811,Diesel,manual,1,maruti,maruti swift
2012,307130.83587484213,91867.95011469896,Petrol,manual,1,hyundai,hyundai i20
2012,135868.0029723722,62158.47127261207,Diesel,manual,1,chevrolet,chevrolet beat
2015,711282.3157306568,56595.16697417248,Diesel,automatic,1,chevrolet,chevrolet cruze
2014,214059.87430454695,38791.38922566927,Petrol,manual,1,nissan,nissan micra
2013,413216.86615917,21224.91910424011,Diesel,manual,1,chevrolet,chevrolet enjoy
2014,261964.6538924062,53004.32635304571,Petrol,manual,1,hyundai,hyundai eon
2013,385531.87703613663,64477.76551614781,Petrol,manual,1,renault,renault scala
2014,370425.52020649606,48504.6275478156,Petrol,manual,1,ford,ford figo
2016,617392.2484653576,59908.3319170061,Diesel,manual,1,maruti,maruti ciaz
2017,1042477.3259734614,34941.64778873585,Diesel,manual,1,mahindra,mahindra xuv500
2019,1067507.5243656335,12622.594369095905,Petrol,manual,1,mahindra,mahindra xuv300
2016,406854.0625300248,101897.65735254246,Diesel,manual,1,maruti,maruti ertiga
2015,609468.5132640427,75801.53486236537,Diesel,manual,1,nissan,nissan terrano
2017,807682.741443193,41871.09209451448,Diesel,manual,1,maruti,maruti s-cross
2012,408654.223016026,69114.92946898208,Diesel,manual,1,hyundai,hyundai i20
2012,238368.27287720068,43590.84188359852,Petrol,manual,1,hyundai,hyundai eon
2017,700920.1834713349,64524.69700791056,Diesel,manual,1,volkswagen,volkswagen ameo
2006,48770.12584868244,104654.3915453507,Petrol,manual,1,maruti,maruti alto
2009,87527.01640899236,94889.654648207,Lpg,manual,1,maruti,maruti omni
2012,145479.05182276067,73606.66442326753,Petrol,manual,1,maruti,maruti alto
2008,116312.22227387402,100965.55734420771,Petrol,manual,1,hyundai,hyundai verna
2008,98097.31010767924,231380.54117934045,Diesel,manual,1,mahindra,mahindra renault
2012,164927.83303053724,113599.85505222793,Diesel,manual,1,chevrolet,chevrolet optra
2017,1474974.1691722309,23239.265178562346,Diesel,manual,1,mahindra,mahindra scorpio
2017,666284.8668013307,8688.821556320823,Petrol,manual,1,hyundai,hyundai i20
2012,293772.17107102595,78018.56089627922,Diesel,manual,1,maruti,maruti sx4
2015,375176.1658748825,101163.36719485457,Petrol,manual,1,hyundai,hyundai grand
2008,112913.21522765882,93434.24287894437,Petrol,manual,1,maruti,maruti alto
2008,245761.61250182267,58748.96433455942,Petrol,manual,1,maruti,maruti sx4
2011,181341.6773657134,136522.74108383793,Petrol,manual,1,hyundai,hyundai i10
2011,1090106.6108082617,151618.2557395088,Diesel,manual,1,toyota,toyota innova
2014,304400.7115389753,162922.0109787581,Diesel,manual,1,honda,honda mobilio
2010,683352.811905209,170205.63681886604,Diesel,manual,1,toyota,toyota innova
2009,93045.26464462602,106080.31589108834,Diesel,manual,1,tata,tata indica
2011,110307.66632515888,117335.5140235196,Diesel,manual,1,tata,tata indica
2012,202513.039171884,97409.9286776771,Diesel,manual,1,chevrolet,chevrolet beat
2015,322085.8940489122,149688.2433422464,Diesel,manual,1,tata,tata zest
2010,197939.6736542157,79132.71323143323,Diesel,manual,1,skoda,skoda fabia
2013,177174.3057412534,76422.61677928454,Petrol,manual,1,maruti,maruti 800
2015,285163.56549770286,50486.9261754946,Petrol,manual,1,ford,ford figo
2014,945277.420539509,63662.81746886802,Diesel,manual,1,toyota,toyota innova
2014,288317.00232996914,170946.59226522318,Diesel,manual,1,honda,honda mobilio
2018,428791.01753756334,24833.31372069798,Diesel,manual,1,hyundai,hyundai grand
2011,124523.46074280528,89852.16773883981,Diesel,manual,1,chevrolet,chevrolet beat
2018,468602.8901569196,11357.901177725307,Petrol,manual,1,datsun,datsun go
2018,500779.23041208927,27617.20607665133,Petrol,manual,1,hyundai,hyundai grand
2018,195328.98631979653,11804.030659914531,Petrol,manual,1,maruti,maruti omni
2017,573236.7347633112,45189.434745555904,Petrol,manual,1,maruti,maruti baleno
2006,111502.42323885411,111018.46300045376,Diesel,manual,1,ford,ford fiesta
2019,854709.165291291,11213.876060211896,Petrol,manual,1,hyundai,hyundai elite
2017,467373.2774983497,64551.57443217158,Diesel,manual,1,hyundai,hyundai grand
2017,833423.2070327012,60652.28095884268,Diesel,manual,1,maruti,maruti ertiga
2013,272326.3808923716,45772.326223829084,Petrol,manual,1,hyundai,hyundai santro
2006,111658.1284691088,87708.272808148,Diesel,manual,1,tata,tata sumo
2018,329137.4688160408,28647.32301605833,Petrol,manual,1,renault,renault kwid
2002,68701.89366615875,95123.5772892847,Petrol,manual,1,maruti,maruti 800
2017,715976.043809584,70294.59151160312,Diesel,manual,1,maruti,maruti vitara
2009,309840.6285450881,41986.03875407525,Petrol,manual,1,honda,honda jazz
2017,715724.3605915488,44611.95872746966,Diesel,manual,1,hyundai,hyundai i20
2017,1091667.211844449,60798.121157302,Diesel,manual,1,maruti,maruti ertiga
2002,101764.40240397716,100894.0735845708,Diesel,manual,1,tata,tata sumo
2010,170864.50333678414,149654.94443349654,Diesel,manual,1,mahindra,mahindra xylo
2017,481384.6880267801,78766.46631565416,Diesel,manual,1,maruti,maruti swift
2014,603363.1664232175,17421.90532166888,Petrol,manual,1,maruti,maruti ertiga
2009,171349.68864319977,70318.15486319952,Diesel,manual,1,hyundai,hyundai i20
2007,105516.68241209498,180409.80440627076,Petrol,manual,1,maruti,maruti alto
2010,123781.95593241254,87009.75639150773,Petrol,manual,1,maruti,maruti alto
2006,140599.51888466525,81938.86561783486,Petrol,manual,1,hyundai,hyundai getz
2011,175233.39639478058,159960.81335583708,Petrol,manual,1,maruti,maruti wagon
2019,826153.481972969,32914.64181951239,Diesel,manual,1,mahindra,mahindra bolero
2018,695726.3240435241,17668.137647809614,Petrol,manual,1,hyundai,hyundai i20
2010,97221.10847186534,75887.55869405386,Petrol,manual,1,maruti,maruti wagon
2017,302516.1487466127,20838.304564347643,Petrol,manual,1,maruti,maruti alto
2009,288868.4410858163,56410.169954669385,Petrol,manual,1,hyundai,hyundai i20
2010,253155.47587569169,103843.35047719048,Petrol,manual,1,hyundai,hyundai i20
2013,509289.1759242651,34092.352324477295,Diesel,manual,1,hyundai,hyundai verna
2013,410256.6932529092,133849.93872474748,Diesel,manual,1,mahindra,mahindra xylo
2011,457879.7557814658,72908.85423683775,Diesel,manual,1,mahindra,mahindra bolero
2013,324423.7941187894,43632.974339466826,Petrol,manual,1,maruti,maruti ertiga
2017,373409.7006706146,20108.034290911528,Petrol,manual,1,honda,honda brio
2013,217195.8761075945,53806.09097823703,Petrol,manual,1,toyota,toyota etios
2013,116663.51699328417,48098.047323130326,Petrol,manual,1,maruti,maruti alto
2012,409566.0402062346,57569.1529719067,Petrol,manual,1,maruti,maruti swift
2011,606256.0994231735,83567.34728666458,Diesel,automatic,1,mahindra,mahindra scorpio
2011,325608.45534852403,80353.41936250014,Diesel,manual,1,mahindra,mahindra bolero
2020,1265787.6916704166,28938.74016492024,Diesel,manual,1,mahindra,mahindra xuv500
2018,393412.0456928726,3830.120861952708,Petrol,manual,1,tata,tata tiago
2018,1381924.5100662282,8671.857881521573,Diesel,manual,1,mahindra,mahindra marazzo
2015,721794.540587343,13404.311846695888,Diesel,manual,1,renault,renault duster
2018,238111.735435976,25369.961035856504,Petrol,manual,1,hyundai,hyundai eon
2014,321503.07218503003,41991.681230143,Petrol,manual,1,maruti,maruti wagon
2012,134586.01674034016,31543.373972999045,Petrol,manual,1,chevrolet,chevrolet spark
2019,734958.8060272756,14014.012695202118,Petrol,manual,1,maruti,maruti baleno
2015,161208.17111988395,82212.44419450649,Petrol,manual,1,hyundai,hyundai eon
2017,535234.7260619587,10305.95374178192,Petrol,manual,1,ford,ford figo
2018,626610.5248661197,13567.0624686172,Diesel,manual,1,ford,ford figo
2009,267083.1774967468,40340.64508637239,Petrol,manual,1,hyundai,hyundai i10
2016,541117.1715961198,51951.103327533536,Diesel,manual,1,mahindra,mahindra bolero
2015,465147.5640157876,26345.28729823468,Petrol,manual,1,hyundai,hyundai verna
2014,346674.8357331393,26753.066741145736,Petrol,manual,1,chevrolet,chevrolet sail
2014,491378.1246561201,64021.25418314826,Diesel,manual,1,honda,honda city
2017,513860.35703245504,50928.74089245311,Petrol,manual,1,hyundai,hyundai grand
2015,389407.33316181984,234816.05325798504,Diesel,manual,1,mahindra,mahindra bolero
2013,335371.4390267883,52638.66910913437,Petrol,manual,1,hyundai,hyundai grand
2015,531616.6956778688,8009.888031975327,Petrol,manual,1,maruti,maruti baleno
2019,402858.5833458456,19338.80863784791,Petrol,manual,1,tata,tata tiago
2005,79889.57468039196,41207.68041000676,Petrol,manual,1,maruti,maruti wagon
2011,110224.21370556991,50268.71977732633,Diesel,manual,1,chevrolet,chevrolet beat
2009,170984.20525339153,38971.36195851224,Petrol,manual,1,maruti,maruti a-star
2015,261783.96768470004,42196.85659691744,Petrol,manual,1,datsun,datsun go
2011,379005.14812111465,71774.86663920063,Diesel,manual,1,skoda,skoda yeti
2002,65831.8483729983,89033.19385265149,Petrol,manual,1,maruti,maruti zen
2018,939928.9128713626,25938.711323749547,Diesel,manual,1,hyundai,hyundai verna
2017,700640.3181643432,23386.60746962714,Diesel,manual,1,ford,ford aspire
2017,1099035.7170042966,34135.65381679182,Diesel,manual,1,maruti,maruti ertiga
2011,1263882.136508896,51963.617749000834,Diesel,automatic,1,bmw,bmw x1
2007,165129.57362192118,107087.03599708836,Diesel,manual,1,chevrolet,chevrolet tavera
2012,506758.1787436372,163300.78439118655,Petrol,automatic,1,mitsubishi,mitsubishi outlander
2012,838241.0714708924,202711.8150615769,Diesel,manual,1,mahindra,mahindra xuv500
2019,851213.6580482202,27910.879138426917,Diesel,manual,1,maruti,maruti baleno
2017,761159.3593652213,83938.38959847331,Diesel,manual,1,ford,ford figo
2018,779913.6987683397,24419.295486885327,Diesel,manual,1,maruti,maruti swift
2017,554306.741537793,23016.13958668073,Petrol,manual,1,hyundai,hyundai i20
2012,358032.8454777058,123503.15137516828,Diesel,manual,1,renault,renault duster
2008,263734.9986618615,131809.57792130063,Diesel,manual,1,maruti,maruti swift
2011,641031.0907444763,132513.87326475576,Diesel,manual,1,ford,ford endeavour
2007,351041.4704066922,81366.06046259591,Diesel,manual,1,mahindra,mahindra scorpio
2006,82701.74016631572,129484.89081403204,Petrol,manual,1,maruti,maruti baleno
2003,53158.36888643513,140029.30354671547,Diesel,manual,1,tata,tata indica
2018,866928.45605927,29246.07390501278,Diesel,manual,1,hyundai,hyundai verna
2014,303904.2104434773,39934.69241943133,Petrol,manual,1,maruti,maruti wagon
2002,133851.59887839408,36887.09218530977,Petrol,manual,1,tata,tata indica
2015,493143.46932331385,58213.716198763024,Diesel,manual,1,maruti,maruti swift
2012,289665.0659894312,54287.1720166915,Diesel,manual,1,toyota,toyota etios
2013,58320.65599304692,29937.115681244297,Petrol,manual,1,tata,tata nano
2016,348064.63200629177,26378.15123351548,Petrol,manual,1,hyundai,hyundai grand
2019,736665.6627594284,6781.981693734793,Diesel,manual,1,hyundai,hyundai grand
2017,786239.4224552774,48701.61615270909,Diesel,manual,1,maruti,maruti ertiga
2006,236313.6800475316,237108.3381422953,Diesel,manual,1,mahindra,mahindra bolero
2018,990249.5365148782,16283.17224067463,Diesel,manual,1,mahindra,mahindra scorpio
2013,397067.5863135206,108466.4548016114,Petrol,manual,1,volkswagen,volkswagen polo
2015,360041.9873894719,77298.58150600678,Diesel,manual,1,hyundai,hyundai xcent
2012,157475.1762558173,75873.78446159449,Diesel,manual,1,chevrolet,chevrolet beat
2017,601122.5369753473,33201.3794868911,Petrol,manual,1,maruti,maruti swift
2013,327813.69665063376,75583.74899709858,Diesel,manual,1,maruti,maruti ritz
2014,174669.7650911832,58451.447358691,Cng,manual,1,tata,tata indigo
2012,218337.68500829488,75707.35778983994,Cng,manual,1,maruti,maruti eeco
2014,208188.21576276244,46134.11358908077,Petrol,manual,1,maruti,maruti estilo
2007,236696.0070790165,98115.207051038,Petrol,manual,1,maruti,maruti swift
2015,404412.436009857,104413.21489167698,Diesel,manual,1,tata,tata zest
2014,491900.2738806479,134042.06979686805,Diesel,manual,1,maruti,maruti swift
2018,284835.3527653118,26447.203902239256,Petrol,automatic,1,maruti,maruti alto
2011,135343.45546915344,23672.013784404386,Petrol,manual,1,maruti,maruti alto
2007,102809.65745629986,75380.66331190374,Petrol,manual,1,maruti,maruti sx4
2014,520032.391982443,58059.0560746624,Diesel,manual,1,mahindra,mahindra scorpio
2010,134296.5820167199,84609.73469675814,Cng,manual,1,hyundai,hyundai santro
2010,257105.49575415027,69401.12320437144,Diesel,manual,1,chevrolet,chevrolet cruze
2013,144057.14935055256,87772.12435055041,Diesel,manual,1,ford,ford figo
2017,256214.35112398048,38099.084892392646,Petrol,manual,1,renault,renault kwid
2014,361186.1554952056,74550.15930520091,Diesel,manual,1,maruti,maruti swift
2012,207316.2938522179,53064.23020421296,Petrol,manual,1,hyundai,hyundai eon
2012,587685.8423032537,80635.07626401524,Diesel,manual,1,mahindra,mahindra xuv500
2018,325358.1186597626,28298.102429204813,Petrol,manual,1,renault,renault kwid
2017,937210.9318550318,69216.19743074931,Diesel,automatic,1,skoda,skoda rapid
2012,556523.5705593451,195275.12880934615,Diesel,manual,1,mahindra,mahindra xuv500
2009,117601.12917833848,70599.53834097552,Petrol,manual,1,chevrolet,chevrolet spark
2000,55112.508390985226,45029.60831634969,Petrol,manual,1,maruti,maruti 800
2010,298410.568369782,102374.40688722524,Diesel,manual,1,chevrolet,chevrolet tavera
2007,200654.95919825387,57284.3475083307,Petrol,manual,1,ford,ford fiesta
2013,366819.255789536,111437.74284251606,Diesel,manual,1,maruti,maruti ertiga
2011,273573.9326243758,112443.33082872086,Diesel,manual,1,tata,tata manza
2017,386311.9442331532,30549.469921271368,Petrol,manual,1,maruti,maruti swift
2010,250589.75302030207,38905.83338282944,Petrol,manual,1,hyundai,hyundai i20
2019,602957.8082263229,9644.976386360104,Petrol,manual,1,hyundai,hyundai grand
2010,171385.71710439317,42173.5680098836,Petrol,manual,1,maruti,maruti zen
2011,474090.5028375829,206620.25112020827,Diesel,manual,1,toyota,toyota innova
2019,339312.36980880046,13112.343610270604,Petrol,automatic,1,tata,tata tiago
2018,876479.4061110886,52429.6934539773,Diesel,manual,1,maruti,maruti vitara
2011,268853.6240476253,81107.1325927494,Petrol,manual,1,maruti,maruti swift
2019,622160.9769869752,10866.228889820117,Petrol,manual,1,maruti,maruti swift
2017,624840.8460939227,89837.49562018343,Diesel,manual,1,maruti,maruti swift
2016,140972.70748721703,37504.2715567235,Petrol,manual,1,maruti,maruti alto
2006,83111.61857437003,68737.24129758497,Petrol,manual,1,maruti,maruti wagon
2017,567720.3553997311,31956.41348806709,Petrol,manual,1,hyundai,hyundai i20
2014,189992.1709335931,46073.59716511543,Petrol,manual,1,hyundai,hyundai eon
1999,46067.462870610165,98439.04137273112,Petrol,manual,1,hyundai,hyundai santro
2007,93308.75592771015,79212.18269535522,Petrol,manual,1,maruti,maruti wagon
2016,905955.47430101,82266.29128655494,Diesel,manual,1,tata,tata safari
2006,240666.59457339923,221893.89254874908,Petrol,manual,1,mahindra,mahindra scorpio
2010,398782.9059822318,48287.02118834347,Diesel,manual,1,mahindra,mahindra bolero
2015,338137.4169999451,47758.957850277126,Petrol,manual,1,datsun,datsun go
2014,1045182.8474853016,103112.794095929,Diesel,manual,1,toyota,toyota fortuner
2014,510314.88830112095,45636.8012872369,Diesel,manual,1,ford,ford ecosport
2018,1459817.519645996,40017.7784950217,Diesel,automatic,1,mahindra,mahindra xuv500
2017,467220.2482334124,175911.43771025684,Diesel,manual,1,mahindra,mahindra supro
2007,67045.3992581901,183322.4153556749,Petrol,manual,1,maruti,maruti alto
2007,98580.71047470902,57198.30429712401,Petrol,manual,1,maruti,maruti 800
2008,383037.4412985806,109329.23360956278,Diesel,manual,1,ford,ford endeavour
2004,82608.16218607704,60267.44915005502,Petrol,manual,1,maruti,maruti wagon
2016,320151.3520242779,31186.22432059777,Petrol,manual,1,maruti,maruti alto
2017,394228.66025042,32642.75121402616,Diesel,manual,1,mahindra,mahindra kuv
2009,252570.82282284304,73682.04845903888,Petrol,manual,1,maruti,maruti swift
2010,249410.0764110913,118857.370828006,Diesel,manual,1,tata,tata new
2012,228084.18685613587,85069.09258364086,Diesel,manual,1,maruti,maruti swift
2018,505878.3902394552,17226.321656728127,Petrol,manual,1,honda,honda brio
2018,516758.5883728073,22967.952419275367,Petrol,manual,1,honda,honda brio
2008,70730.97600791561,36471.740081784286,Petrol,manual,1,chevrolet,chevrolet spark
2013,210054.26652207476,113489.5794501593,Diesel,manual,1,chevrolet,chevrolet sail
2019,520437.50250424194,7625.572242734492,Petrol,manual,1,tata,tata tiago
2011,135773.18629647934,45611.3441235444,Diesel,manual,1,maruti,maruti ritz
2018,918376.0655321124,9830.748177509307,Diesel,manual,1,maruti,maruti vitara
2019,337918.98489148065,29098.89707142033,Petrol,manual,1,hyundai,hyundai santro
2011,569311.3055346073,60714.58661780449,Diesel,manual,1,ford,ford endeavour
2017,335158.5150128653,93896.95069723872,Petrol,manual,1,hyundai,hyundai verna
2017,1048884.9793173403,22981.74200545551,Diesel,manual,1,honda,honda city
2011,275742.1122403412,142053.90438887943,Diesel,manual,1,hyundai,hyundai verna
2015,249851.21611745175,39210.94405095645,Petrol,manual,1,hyundai,hyundai eon
2011,125390.5937872615,50912.11204182581,Petrol,manual,1,ford,ford figo
2004,134986.8507489264,46647.50244486254,Petrol,manual,1,maruti,maruti wagon
2004,262114.1602797505,19766.907519152348,Diesel,manual,1,ford,ford endeavour
2011,262332.5637550934,145740.78907307223,Diesel,manual,1,volkswagen,volkswagen jetta
2015,466775.4977392812,29587.30187892886,Diesel,manual,1,volkswagen,volkswagen polo
2015,390368.7128417844,73545.91832230109,Petrol,manual,1,hyundai,hyundai grand
2015,658645.6816379213,54644.07597718537,Petrol,manual,1,hyundai,hyundai i20
2012,1345092.7439203914,88962.7173221927,Diesel,automatic,1,audi,audi q5
2013,373791.3723256923,88351.98703805357,Diesel,manual,1,renault,renault duster
2011,217292.16437996415,64821.4314213522,Diesel,manual,1,ford,ford figo
2012,302075.76017427153,89692.72545897665,Petrol,manual,1,honda,honda brio
2018,273839.82758216705,109562.24616182018,Petrol,manual,1,maruti,maruti omni
2015,551680.5063523696,130339.10957172044,Diesel,manual,1,honda,honda mobilio
2012,301429.022368658,86889.8994197053,Petrol,automatic,1,honda,honda brio
2009,370440.1777117794,47299.24785782668,Petrol,manual,1,honda,honda accord
2011,165224.55342097935,83893.72047755217,Diesel,manual,1,mahindra,mahindra bolero
2015,239388.087723826,44321.7420357742,Petrol,manual,1,ford,ford figo
2013,548920.5738275738,58962.12910453723,Diesel,manual,1,mahindra,mahindra xuv500
2011,74058.92995960856,16782.987822042094,Petrol,manual,1,tata,tata nano
2016,635107.4457728667,25079.117538763025,Petrol,manual,1,hyundai,hyundai i20
2011,225285.4847263922,91810.48483567924,Diesel,manual,1,tata,tata indigo
2009,156191.18361238952,135319.17662174773,Diesel,manual,1,tata,tata indica
2006,68711.87409933598,125510.01127007997,Petrol,manual,1,maruti,maruti alto
2006,124055.8913696154,61774.82593814619,Petrol,manual,1,maruti,maruti zen
2014,262161.82908365485,100389.33258082577,Diesel,manual,1,maruti,maruti swift
2017,358030.4317480336,32945.570261597546,Petrol,manual,1,renault,renault kwid
2012,195818.9772051509,48380.92253673207,Petrol,manual,1,chevrolet,chevrolet beat
2012,290578.01436988934,77612.6173729119,Diesel,manual,1,maruti,maruti swift
2018,309193.15653838794,4232.352717293317,Petrol,manual,1,maruti,maruti alto
2018,382736.7706300624,21286.4029653661,Petrol,automatic,1,maruti,maruti wagon
2019,563191.92969954,11409.654212064648,Petrol,manual,1,tata,tata tiago
2016,543948.7306204222,76008.20929064925,Diesel,manual,1,maruti,maruti ertiga
2018,699238.2054591489,58454.64836036294,Diesel,manual,1,mahindra,mahindra tuv
2001,41399.88209552496,94244.6065437466,Petrol,manual,1,maruti,maruti 800
2018,231121.3041581305,19957.67709635698,Petrol,manual,1,maruti,maruti omni
2015,395010.0541329131,14557.5265219675,Petrol,manual,1,tata,tata zest
2012,329041.7679451459,71069.13621666058,Diesel,manual,1,volkswagen,volkswagen polo
2008,212447.8909214152,96739.4385372966,Diesel,manual,1,hyundai,hyundai verna
2011,216794.65656079192,92796.74882245107,Petrol,manual,1,chevrolet,chevrolet beat
2015,1191133.5574831208,72961.55390101208,Diesel,manual,1,toyota,toyota innova
2011,140656.8004865871,66406.01140853061,Diesel,manual,1,tata,tata indica
2013,185613.6583891429,26057.499625201694,Petrol,manual,1,hyundai,hyundai eon
2018,988021.8022878824,23900.22005731895,Diesel,manual,1,maruti,maruti vitara
2014,386226.1788707524,108370.7364146382,Diesel,manual,1,renault,renault duster
2009,123835.04706013673,110347.64340689992,Petrol,manual,1,hyundai,hyundai i10
2015,599685.7470351123,67388.95778748133,Diesel,manual,1,maruti,maruti swift
2005,107192.45467735895,86566.87180888867,Petrol,manual,1,maruti,maruti swift
2012,495581.9395863959,99785.08899848178,Diesel,manual,1,renault,renault duster
2009,130049.65287516506,101186.09552244448,Petrol,manual,1,maruti,maruti alto
2011,166784.21578454916,172512.1982872375,Diesel,manual,1,ford,ford figo
2005,86245.41548670718,54748.1170431081,Petrol,manual,1,maruti,maruti wagon
2009,288168.74154098827,118083.3240358576,Diesel,manual,1,maruti,maruti swift
2011,295599.0054954173,74895.931001841,Diesel,manual,1,volkswagen,volkswagen vento
2018,283008.97912589647,18400.140219149533,Petrol,manual,1,datsun,datsun go
2010,133527.0232122143,64035.99835287545,Petrol,manual,1,chevrolet,chevrolet beat
2015,272954.8867428131,31127.969129234996,Petrol,manual,1,maruti,maruti alto
2012,359161.00768815185,126316.36587221338,Diesel,manual,1,maruti,maruti swift
2012,192260.65503885236,103892.5243576134,Lpg,manual,1,hyundai,hyundai eon
2012,161564.70385101734,84650.13399529026,Petrol,manual,1,maruti,maruti alto
2011,288643.08205962006,76461.10824755879,Diesel,manual,1,volkswagen,volkswagen vento
2010,302124.2908489172,92101.72707716956,Diesel,manual,1,maruti,maruti swift
2007,221597.63590518487,125090.41151456638,Diesel,manual,1,mahindra,mahindra bolero
2014,611633.1678060561,49893.1341567072,Diesel,manual,1,honda,honda mobilio
2015,511495.41681626975,88828.40805747786,Petrol,manual,1,maruti,maruti ertiga
2018,827169.9874880024,4530.986715657019,Petrol,manual,1,honda,honda br-v
2016,569412.8702949306,49065.30639740022,Petrol,manual,1,hyundai,hyundai i20
2011,433907.4215952274,114912.19558506832,Diesel,manual,1,toyota,toyota etios
2009,252377.63367687823,30775.478526970845,Petrol,manual,1,hyundai,hyundai i10
2010,296627.3674627133,91309.80123652426,Diesel,manual,1,maruti,maruti swift
2012,274041.76416213263,87145.11957931602,Lpg,manual,1,hyundai,hyundai santro
2019,655425.6234050939,13783.04456132704,Petrol,manual,1,ford,ford figo
2018,645767.6159140684,44476.76776772823,Diesel,manual,1,fiat,fiat avventura
2012,405377.7795639897,53510.02752583401,Diesel,manual,1,ford,ford figo
2012,402262.3121410392,94833.4412525472,Diesel,manual,1,ford,ford figo
2016,546658.5123956195,164999.75890299724,Diesel,manual,1,ford,ford aspire
2013,545388.9664781322,98861.43993044666,Diesel,manual,1,ford,ford ecosport
2009,302002.3199428397,208368.96548532235,Diesel,manual,1,maruti,maruti swift
2012,487054.2791216933,72666.76922831527,Diesel,manual,1,ford,ford fiesta
2014,801833.2215649028,87610.2811131305,Diesel,manual,1,ford,ford ecosport
2010,354752.8930245493,76423.61143121037,Diesel,manual,1,ford,ford figo
2013,960311.8169190122,94434.14878721038,Diesel,manual,1,mahindra,mahindra xuv500
2006,189910.3035864088,104713.98633652106,Petrol,manual,1,ford,ford ikon
2013,376561.0750723489,191772.01197868443,Diesel,manual,1,fiat,fiat punto
2013,622020.5009210379,113067.67459802826,Diesel,manual,1,ford,ford ecosport
2019,923948.8892388804,68078.56683694111,Diesel,manual,1,honda,honda wr-v
2006,345958.6534946398,111458.8166806312,Diesel,manual,1,skoda,skoda laura
2013,262034.2032440933,97687.17228112053,Diesel,manual,1,maruti,maruti ritz
2009,229627.7162947436,122548.04847754104,Diesel,manual,1,mahindra,mahindra xylo
2014,569288.0080451634,81230.32494380478,Diesel,manual,1,honda,honda city
2016,467054.71205876186,53708.48536467575,Diesel,manual,1,mahindra,mahindra scorpio
2019,610874.3581459983,27112.95365727536,Petrol,manual,1,maruti,maruti baleno
2014,227138.2010116526,118821.78529705042,Diesel,manual,1,tata,tata indigo
2013,321774.2196400547,71220.92058125447,Diesel,manual,1,honda,honda amaze
2013,329393.2332954797,60349.59917641409,Diesel,manual,1,maruti,maruti swift
2015,926676.547887664,78586.20945636586,Diesel,manual,1,hyundai,hyundai creta
2013,320052.5336445513,65481.7981155147,Diesel,manual,1,toyota,toyota etios
2007,219089.4298184433,46754.81615286444,Diesel,manual,1,maruti,maruti swift
2011,143407.34577229945,40830.79376968232,Petrol,manual,1,maruti,maruti alto
2007,141287.93827167907,47554.595185602375,Petrol,manual,1,maruti,maruti wagon
2016,616593.8273726634,570806.5730610335,Diesel,manual,1,maruti,maruti sx4
2015,265637.5190972368,13662.142273802348,Petrol,manual,1,renault,renault kwid
2013,517578.112580153,69008.16686784665,Diesel,manual,1,hyundai,hyundai verna
2015,545251.0832485362,74581.58357717723,Diesel,manual,1,maruti,maruti ciaz
2013,415443.1358919898,50632.83371294249,Diesel,manual,1,maruti,maruti swift
2013,968849.5664374776,77676.81265911082,Diesel,manual,1,toyota,toyota innova
2012,557688.7029349795,63566.0488313754,Diesel,manual,1,mahindra,mahindra scorpio
2014,506050.4978402586,71528.26804615186,Diesel,manual,1,renault,renault duster
2015,273646.99402723275,24300.495480709687,Petrol,manual,1,hyundai,hyundai eon
2018,1349592.7243489928,11131.462372347369,Petrol,automatic,1,hyundai,hyundai creta
2017,1038693.3358835748,11554.506514657554,Petrol,automatic,1,hyundai,hyundai verna
2016,674812.5903626848,6377.395125576809,Petrol,manual,1,maruti,maruti swift
2015,778973.452065624,37082.550526276136,Diesel,manual,1,maruti,maruti s-cross
2015,813793.9770500734,65840.07793474467,Petrol,manual,1,hyundai,hyundai verna
2017,823573.7585602343,22229.853373644983,Petrol,automatic,1,volkswagen,volkswagen polo
2015,412359.9325355512,62160.93425243222,Diesel,manual,1,renault,renault pulse
2016,484901.944934131,43072.04496440909,Petrol,automatic,1,maruti,maruti celerio
2014,403163.9317378191,34997.319446122565,Petrol,manual,1,honda,honda brio
2016,794219.6084943264,70282.02498835606,Diesel,manual,1,maruti,maruti baleno
2015,1069148.385151036,54872.46853604526,Diesel,automatic,1,hyundai,hyundai creta
2015,848909.6506532998,62727.36542007839,Petrol,manual,1,honda,honda city
2016,564909.7987048016,51731.94474291037,Diesel,manual,1,hyundai,hyundai creta
2012,235983.25127178745,107076.99487012607,Petrol,manual,1,maruti,maruti sx4
2017,537530.0232509993,16446.14848602974,Petrol,automatic,1,hyundai,hyundai grand
2016,707518.4321009556,7552.102063596421,Petrol,manual,1,maruti,maruti swift
2015,586774.221311553,12465.48420811682,Petrol,manual,1,maruti,maruti ertiga
2017,567950.0358431475,8451.424008478696,Petrol,automatic,1,hyundai,hyundai grand
2016,234285.40566305505,40954.18049206109,Petrol,manual,1,chevrolet,chevrolet beat
2015,725410.5230483782,42305.88503001511,Diesel,manual,1,maruti,maruti s-cross
2012,231239.1442213693,43095.85040594697,Petrol,manual,1,hyundai,hyundai i10
2013,1403907.23597552,53094.466462080665,Diesel,automatic,1,audi,audi a6
2005,76106.46451171504,63415.81531088538,Petrol,manual,1,hyundai,hyundai santro
2012,413171.1637443992,55917.720421301216,Diesel,manual,1,skoda,skoda laura
2015,829526.6020151199,56929.16227386236,Petrol,manual,1,hyundai,hyundai verna
2017,601457.082457085,41419.95634589739,Diesel,manual,1,maruti,maruti swift
2016,575372.2519583897,57929.61340711537,Diesel,manual,1,hyundai,hyundai creta
2012,231838.7404479113,109549.44843667318,Petrol,manual,1,maruti,maruti sx4
2017,574397.6804106097,21882.361615612088,Petrol,automatic,1,hyundai,hyundai grand
2016,634123.7663707425,7027.859144098544,Petrol,manual,1,maruti,maruti swift
2015,655152.994662782,11445.22496565164,Petrol,manual,1,maruti,maruti ertiga
2017,517552.2613123778,12505.281748342984,Petrol,automatic,1,hyundai,hyundai grand
2016,233613.9420537852,41835.94612208704,Petrol,manual,1,chevrolet,chevrolet beat
2015,715440.022676084,52786.44318338912,Diesel,manual,1,maruti,maruti s-cross
2012,236051.2743567248,52920.78208192905,Petrol,manual,1,hyundai,hyundai i10
2013,1242522.218876605,49193.41809198571,Diesel,automatic,1,audi,audi a6
2005,72284.9123457369,58642.17674138527,Petrol,manual,1,hyundai,hyundai santro
2012,397528.7268628076,61075.74938902083,Diesel,manual,1,skoda,skoda laura
2015,780093.4801607993,61637.95989582958,Petrol,manual,1,hyundai,hyundai verna
2017,563167.6723316921,41503.96666103716,Diesel,manual,1,maruti,maruti swift
2013,1437716.383407536,99862.78922726108,Diesel,automatic,1,audi,audi a4
2016,557135.7075083263,42487.95856104618,Diesel,manual,1,hyundai,hyundai creta
2012,220829.0470912433,115224.66130588057,Petrol,manual,1,maruti,maruti sx4
2017,532030.6087786085,16578.250414261536,Petrol,automatic,1,hyundai,hyundai grand
2016,696755.9938274064,6256.806220568801,Petrol,manual,1,maruti,maruti swift
2015,664911.0942367704,10331.673922090236,Petrol,manual,1,maruti,maruti ertiga
2017,514329.5069652423,10721.953647248683,Petrol,automatic,1,hyundai,hyundai grand
2016,243783.7504522694,44965.67949014698,Petrol,manual,1,chevrolet,chevrolet beat
2015,696027.0715829997,39037.26272901565,Diesel,manual,1,maruti,maruti s-cross
2012,232248.83518937425,53235.70587633194,Petrol,manual,1,hyundai,hyundai i10
2013,1177205.3580640976,58092.41589952897,Diesel,automatic,1,audi,audi a6
2005,80916.49631524671,64957.11650048317,Petrol,manual,1,hyundai,hyundai santro
2012,415519.969122762,60049.44282622971,Diesel,manual,1,skoda,skoda laura
2015,783651.5642162528,64457.68764969719,Petrol,manual,1,hyundai,hyundai verna
2017,586849.2846404308,49543.22957485534,Diesel,manual,1,maruti,maruti swift
2013,1444788.225492546,75195.19074416056,Diesel,automatic,1,audi,audi a4
2016,576154.9202962655,55335.71436670804,Diesel,manual,1,hyundai,hyundai creta
2012,212986.03872166065,88804.62993537512,Petrol,manual,1,maruti,maruti sx4
2017,598844.2704177568,18944.531342399107,Petrol,automatic,1,hyundai,hyundai grand
2016,716982.1989208129,7582.325024473433,Petrol,manual,1,maruti,maruti swift
2015,614733.6706250192,9553.70084000858,Petrol,manual,1,maruti,maruti ertiga
2017,535647.3802263935,11141.57298985046,Petrol,automatic,1,hyundai,hyundai grand
2016,229170.7859389756,45122.10421618279,Petrol,manual,1,chevrolet,chevrolet beat
2015,713143.4955358763,42758.91160870848,Diesel,manual,1,maruti,maruti s-cross
2012,233308.6233287281,58470.34693269119,Petrol,manual,1,hyundai,hyundai i10
2013,1390600.950151075,65703.0613071224,Diesel,automatic,1,audi,audi a6
2005,72113.20157282212,65267.35826211517,Petrol,manual,1,hyundai,hyundai santro
2012,419748.19067592977,55114.10505000487,Diesel,manual,1,skoda,skoda laura
2015,707957.0421189469,54570.91608497482,Petrol,manual,1,hyundai,hyundai verna
2017,631431.6695079119,37689.84580892594,Diesel,manual,1,maruti,maruti swift
2013,329584.68059061165,42476.335308720045,Petrol,manual,1,hyundai,hyundai i20
2014,110470.27210392008,26838.80388700357,Petrol,manual,1,maruti,maruti alto
2013,365181.9331948742,54842.60609779549,Petrol,manual,1,hyundai,hyundai i20
1995,89830.54593500806,88037.04483692258,Petrol,manual,1,maruti,maruti gypsy
2016,986081.7079285642,34844.6958968747,Diesel,manual,1,mahindra,mahindra scorpio
2012,194538.17359153173,96006.81018574694,Petrol,manual,1,chevrolet,chevrolet beat
2014,207341.9397981943,9641.533254539025,Petrol,manual,1,maruti,maruti omni
2019,845605.9694128175,50784.60632675436,Diesel,manual,1,tata,tata nexon
2012,135128.87513938505,167618.46328188918,Diesel,manual,1,mahindra,mahindra verito
2018,621770.169269145,61078.67888381813,Diesel,manual,1,maruti,maruti swift
2005,160740.86739148022,141973.9959018131,Diesel,manual,1,chevrolet,chevrolet tavera
2009,139678.08832058177,57031.03283842356,Diesel,manual,1,chevrolet,chevrolet optra
2019,387421.3731058827,5006.481966600015,Petrol,manual,1,maruti,maruti eeco
2006,86574.34809637978,74340.74996540327,Petrol,manual,1,maruti,maruti swift
2007,220814.75275994997,53487.86310665092,Petrol,manual,1,honda,honda civic
2012,79257.5861589586,29394.79309596536,Petrol,manual,1,tata,tata nano
2012,203172.65221310643,73440.85473639585,Diesel,manual,1,tata,tata indica
2011,394342.8954551348,56719.13923237788,Diesel,manual,1,mahindra,mahindra scorpio
2010,103773.5138070081,141935.88704827914,Diesel,manual,1,tata,tata indica
2008,127336.76282548204,92566.99365107348,Petrol,manual,1,maruti,maruti zen
2017,759173.0902764846,6567.245251607878,Petrol,automatic,1,maruti,maruti swift
2015,441567.3367157857,8004.3605770219165,Petrol,automatic,1,honda,honda amaze
2017,224552.20457120685,44771.94445235031,Petrol,manual,1,datsun,datsun redigo
2016,249690.36140360503,25305.30103803265,Petrol,manual,1,maruti,maruti alto
2009,106164.68707169165,20314.55326663064,Petrol,manual,1,maruti,maruti alto
2018,557150.2537251625,17206.782584360677,Petrol,manual,1,maruti,maruti swift
2008,145119.91391996466,26325.668346072067,Petrol,manual,1,mahindra,mahindra renault
2013,327928.4391427254,204677.92058425007,Diesel,manual,1,tata,tata safari
2013,236588.46136296628,96344.8199297076,Lpg,manual,1,hyundai,hyundai i10
2012,119166.05340024018,92469.64661294829,Diesel,manual,1,tata,tata venture
2008,268804.8759413252,111041.3158052986,Diesel,manual,1,chevrolet,chevrolet captiva
2011,139765.71092430686,181477.73574111488,Diesel,manual,1,ford,ford fiesta
2010,126695.94176796488,63360.69401815387,Petrol,manual,1,chevrolet,chevrolet aveo
2019,866405.5973648045,10117.890916566546,Petrol,manual,1,maruti,maruti ciaz
2017,984410.3737839182,27713.45244067236,Diesel,manual,1,tata,tata hexa
2007,87434.3460158751,64526.243197028016,Cng,manual,1,hyundai,hyundai santro
2001,56760.33118800813,59545.32611807907,Petrol,manual,1,hyundai,hyundai santro
2007,160545.31185556544,100428.79203816934,Diesel,manual,1,hyundai,hyundai verna
2019,928851.7316459692,16493.16541211919,Diesel,manual,1,mahindra,mahindra thar
2011,145834.18355470445,72347.53395087639,Petrol,manual,1,maruti,maruti alto
2012,174175.756667093,108018.73346497778,Petrol,manual,1,maruti,maruti 800
2013,520786.02453581407,80157.81346644922,Diesel,manual,1,hyundai,hyundai verna
2009,429108.224912925,121322.01328914722,Diesel,manual,1,toyota,toyota innova
2008,254854.8954940082,93835.79556067027,Diesel,manual,1,hyundai,hyundai verna
2015,138327.46852928246,141970.7615398438,Petrol,manual,1,maruti,maruti alto
2011,332990.60066641367,76756.10162370748,Petrol,automatic,1,honda,honda city
2015,207214.77528985255,65611.95713599538,Petrol,manual,1,maruti,maruti alto
2011,302263.61044755776,124548.5862815209,Diesel,manual,1,mahindra,mahindra bolero
2009,306180.68493875244,17166.766598015223,Petrol,manual,1,maruti,maruti ritz
2018,578562.5089363178,22162.49796110761,Petrol,manual,1,honda,honda jazz
2009,511410.93374714826,113390.88444252292,Diesel,manual,1,mahindra,mahindra scorpio
2015,637874.1939710265,65590.26322538234,Petrol,automatic,1,skoda,skoda rapid
2018,181987.5100495628,4968.224989756827,Petrol,manual,1,maruti,maruti alto
2013,63651.18259207005,23427.25269397668,Petrol,manual,1,tata,tata nano
2018,185033.30670392385,42120.169437319935,Petrol,manual,1,maruti,maruti alto
2007,102053.11872787592,78111.58992402743,Petrol,manual,1,maruti,maruti zen
2013,252249.72053661855,43995.11875608166,Petrol,manual,1,maruti,maruti wagon
2013,262112.343718652,42947.95210479359,Petrol,manual,1,maruti,maruti wagon
2014,382366.9920423443,29050.964221287584,Petrol,manual,1,tata,tata zest
2012,427041.1675383661,71069.5918814481,Diesel,manual,1,hyundai,hyundai verna
2004,123532.64973798217,138272.3432318021,Diesel,manual,1,skoda,skoda octavia
2018,602411.3694391301,15488.548932759742,Petrol,automatic,1,maruti,maruti swift
2016,656786.5140887728,9349.444888934386,Petrol,manual,1,honda,honda amaze
2015,805267.7904445977,106915.27402584766,Diesel,manual,1,mahindra,mahindra xuv500
2016,600865.7305199442,91856.15620821122,Diesel,manual,1,toyota,toyota etios
2011,148263.98969310193,53445.15450430373,Petrol,manual,1,chevrolet,chevrolet beat
2011,114272.90941158864,49048.47467727289,Petrol,manual,1,maruti,maruti alto
2009,153853.8399027334,48638.396897470746,Petrol,manual,1,maruti,maruti wagon
2010,266764.2503750687,102519.73970781836,Diesel,manual,1,volkswagen,volkswagen jetta
2012,351468.93537662225,96278.8533597465,Diesel,manual,1,hyundai,hyundai verna
2015,714141.3067810456,85041.82173002121,Diesel,manual,1,renault,renault duster
2016,557236.1987690672,33387.005824956344,Diesel,manual,1,hyundai,hyundai xcent
2011,262035.2495242168,106108.03153946866,Petrol,manual,1,hyundai,hyundai i20
2011,239756.80821115835,70071.45604823534,Lpg,manual,1,hyundai,hyundai santro
2016,299726.0934034208,52577.56175332669,Diesel,manual,1,maruti,maruti ritz
2010,335651.1032838654,105395.088600504,Diesel,manual,1,chevrolet,chevrolet cruze
2012,178545.12999226118,113385.59850281746,Petrol,manual,1,hyundai,hyundai accent
2017,466590.8706098859,34634.971552894734,Petrol,manual,1,hyundai,hyundai grand
2015,301372.26779386913,80820.7882338179,Diesel,manual,1,hyundai,hyundai grand
2016,590731.5865113992,23974.561634021848,Petrol,manual,1,honda,honda city
2017,438258.4687493463,36548.03028140966,Petrol,automatic,1,maruti,maruti celerio
2016,1246601.0909896789,33692.99946344052,Diesel,automatic,1,hyundai,hyundai creta
2013,487239.9820331037,59605.98082176057,Cng,manual,1,maruti,maruti ertiga
2013,412447.8303132636,71136.67416794701,Petrol,manual,1,hyundai,hyundai verna
2016,751658.9014569893,42982.682586156094,Diesel,manual,1,maruti,maruti vitara
2013,307466.943559662,39892.32640547918,Petrol,manual,1,hyundai,hyundai grand
2011,282119.4685631212,51743.550722587686,Petrol,manual,1,toyota,toyota etios
2011,251752.3247946039,66570.64767171069,Petrol,automatic,1,volkswagen,volkswagen vento
2013,375996.2381331982,41215.4531368876,Diesel,manual,1,volkswagen,volkswagen polo
2017,519899.71509975096,45407.52745654297,Diesel,manual,1,mahindra,mahindra kuv
2011,251052.9049220217,39204.698644396296,Petrol,manual,1,toyota,toyota etios
2011,229684.9762830328,61956.8805128356,Petrol,manual,1,volkswagen,volkswagen polo
2012,290765.9183006955,62845.55413404448,Petrol,manual,1,skoda,skoda rapid
2014,603492.4442420568,50653.48848570943,Diesel,manual,1,maruti,maruti ertiga
2014,300870.641590389,51399.59092625485,Petrol,manual,1,maruti,maruti wagon
2010,281253.3860712954,42962.51250173648,Petrol,manual,1,hyundai,hyundai i20
2010,217458.26514842905,52943.581831719865,Petrol,manual,1,volkswagen,volkswagen polo
2013,616567.0528549876,58119.47242835769,Petrol,automatic,1,skoda,skoda superb
2007,51136.19096393698,213928.8555788521,Diesel,manual,1,tata,tata indigo
2014,566034.2217706745,48293.09156134476,Diesel,manual,1,hyundai,hyundai verna
2010,228771.71320802372,118418.17733163308,Diesel,manual,1,tata,tata sumo
2019,518614.0141467922,19041.05448996708,Petrol,manual,1,maruti,maruti swift
2010,142808.86303427923,33607.644204714314,Petrol,manual,1,maruti,maruti alto
2013,307235.1187812368,49785.24263005226,Diesel,manual,1,maruti,maruti swift
2010,209456.4259407064,76074.42408392791,Petrol,manual,1,hyundai,hyundai i20
2008,107245.89414624538,97273.02727424876,Petrol,manual,1,maruti,maruti alto
2019,1273272.0623149525,26716.41901027508,Diesel,manual,1,hyundai,hyundai verna
2017,243634.25215570955,37929.57398895949,Petrol,manual,1,maruti,maruti alto
2012,234355.18560335523,128185.42429626458,Petrol,manual,1,maruti,maruti sx4
2006,171203.3762818008,116673.40472930692,Petrol,manual,1,maruti,maruti alto
2018,479928.5957434138,9667.845919704174,Petrol,automatic,1,tata,tata tiago
2018,351272.73449883296,19997.347503615685,Petrol,manual,1,hyundai,hyundai eon
2015,413657.4787634169,31840.07359038954,Petrol,automatic,1,hyundai,hyundai grand
2015,592557.5307166057,70976.84556418851,Petrol,manual,1,maruti,maruti ciaz
2003,94227.07730647273,62165.78893169258,Petrol,manual,1,maruti,maruti 800
2013,860480.6180787975,56602.02256254211,Diesel,manual,1,mahindra,mahindra xuv500
2017,748481.7042659838,58414.79514704035,Diesel,manual,1,renault,renault lodgy
2015,898271.4008066144,46138.44809706953,Diesel,manual,1,mahindra,mahindra scorpio
2015,448727.3204684659,62170.90613053188,Diesel,manual,1,maruti,maruti swift
2015,478836.173481993,62696.52148388646,Petrol,manual,1,hyundai,hyundai i20
2013,299188.6685013632,60895.80133044917,Petrol,manual,1,maruti,maruti wagon
2013,508029.4812433628,67667.39927079344,Diesel,manual,1,mahindra,mahindra bolero
2018,826268.6084358257,45119.403827918046,Diesel,manual,1,mahindra,mahindra bolero
2015,357314.9452602253,36280.61767061752,Petrol,manual,1,honda,honda brio
2017,683558.6328564348,57742.00509799843,Diesel,manual,1,maruti,maruti ciaz
2014,381870.6439706066,49557.92564204676,Diesel,manual,1,honda,honda amaze
2016,220885.48758167445,38438.32905405124,Petrol,manual,1,hyundai,hyundai eon
2009,72972.20164643017,115874.22913025848,Petrol,manual,1,tata,tata indica
2017,290162.3955782279,20071.966992016885,Petrol,manual,1,hyundai,hyundai eon
2014,644002.3069660512,32621.059861245383,Diesel,manual,1,honda,honda city
2019,466998.5883952578,9522.749512958406,Petrol,manual,1,maruti,maruti swift
2008,152972.03733548673,30559.95638753584,Petrol,manual,1,hyundai,hyundai i10
2014,193359.2090854132,53217.50077838587,Petrol,manual,1,maruti,maruti alto
2006,81521.36937124647,65596.04911804968,Petrol,manual,1,maruti,maruti zen
2019,280275.2266332587,49794.31967162235,Petrol,manual,1,maruti,maruti alto
2017,1231490.3975003022,76689.1430887046,Diesel,manual,1,toyota,toyota innova
2011,240927.23038532457,53028.959587773046,Diesel,manual,1,volkswagen,volkswagen polo
2013,227065.8641420975,57192.295225812224,Diesel,manual,1,mahindra,mahindra verito
2016,850500.8697821008,76062.2819010798,Diesel,manual,1,toyota,toyota innova
2013,411975.6996733286,111290.8093141773,Petrol,manual,1,volkswagen,volkswagen vento
2012,432896.7720720864,51709.99080088382,Diesel,manual,1,maruti,maruti swift
2016,743485.2589408135,8234.927928983576,Petrol,automatic,1,hyundai,hyundai verna
2018,576954.8348893087,70749.63967972953,Diesel,manual,1,maruti,maruti swift
2011,320406.49465361057,97056.17384449234,Diesel,manual,1,tata,tata new
2013,382024.1621888212,36094.43704663368,Petrol,manual,1,maruti,maruti sx4
2017,457052.04188469634,49801.74620347101,Petrol,automatic,1,maruti,maruti celerio
2011,218772.43540488568,78180.48959460953,Diesel,manual,1,maruti,maruti sx4
2012,415364.0431107097,122798.68648104854,Diesel,manual,1,mahindra,mahindra xuv500
2013,498037.50723375886,80904.92846996522,Petrol,manual,1,hyundai,hyundai verna
2014,396379.44745215256,64235.05720048145,Diesel,manual,1,maruti,maruti swift
2012,194078.31393566108,108560.43540422208,Diesel,manual,1,fiat,fiat grande
2012,305708.3518835906,80906.37007388312,Petrol,manual,1,maruti,maruti sx4
2014,580847.7066333327,73074.74359486469,Diesel,manual,1,maruti,maruti swift
2014,279081.9879047631,65053.24092269174,Petrol,manual,1,maruti,maruti wagon
2017,455084.1719187656,29647.54049669522,Diesel,manual,1,toyota,toyota etios
2016,362396.7368635937,9976.98420589765,Petrol,manual,1,hyundai,hyundai xcent
2017,567283.0115797723,11594.042375202724,Diesel,manual,1,honda,honda amaze
2017,499567.3111850825,40591.287226437445,Petrol,automatic,1,maruti,maruti ciaz
2015,596205.2354658981,57771.66973665123,Diesel,manual,1,mahindra,mahindra scorpio
2013,309601.2243584687,24334.82732780175,Diesel,manual,1,mahindra,mahindra quanto
2018,1160185.2985183983,26800.41198445684,Diesel,manual,1,hyundai,hyundai verna
2015,473252.0676171633,29197.037679022567,Petrol,manual,1,maruti,maruti swift
2011,270535.5056718199,33775.83777572585,Petrol,manual,1,maruti,maruti wagon
2013,383598.8515127702,118596.91692454235,Petrol,manual,1,ford,ford ecosport
2013,741737.8855947288,40605.58623403234,Diesel,manual,1,mahindra,mahindra xuv500
2009,166293.1678688383,28056.20468524024,Petrol,manual,1,maruti,maruti wagon
2017,371498.7730735516,8453.70043985136,Petrol,automatic,1,renault,renault kwid
2017,656338.128084221,28019.429138983,Diesel,manual,1,maruti,maruti swift
2017,334991.3850988399,18893.393645542237,Petrol,manual,1,renault,renault kwid
2012,236811.49863019257,52377.851650221775,Petrol,manual,1,hyundai,hyundai eon
2014,270527.4270973807,30066.91515818489,Petrol,automatic,1,maruti,maruti wagon
2017,413146.0842622772,48027.34716126404,Diesel,manual,1,mahindra,mahindra bolero
2012,777865.5122508935,44316.40541502149,Diesel,manual,1,mahindra,mahindra xuv500
2015,921652.0111999814,63523.96550551178,Diesel,manual,1,toyota,toyota innova
2014,521108.8086962178,25454.528965624944,Petrol,manual,1,maruti,maruti ertiga
2007,258933.4257703905,76347.68266090496,Diesel,manual,1,toyota,toyota innova
2017,143818.17390299623,55505.78700496747,Petrol,manual,1,maruti,maruti alto
2016,553785.8605752969,16985.874632531635,Diesel,manual,1,mahindra,mahindra scorpio
2018,493190.6650837047,5825.931999915708,Petrol,manual,1,mahindra,mahindra kuv
2017,800277.9101227734,126489.95323481744,Diesel,manual,1,hyundai,hyundai i20
2008,112989.20340250254,88653.03891796968,Petrol,manual,1,chevrolet,chevrolet spark
2016,234103.648713412,63313.97760106022,Petrol,manual,1,renault,renault kwid
2012,475220.6072081965,139501.4133413862,Diesel,manual,1,maruti,maruti ertiga
2017,365059.0608681699,78040.69867650911,Petrol,automatic,1,maruti,maruti celerio
2003,52438.401647420105,41563.93876971744,Diesel,manual,1,fiat,fiat palio
2013,123371.04065568231,184061.7597768477,Petrol,manual,1,hyundai,hyundai eon
2011,278914.32196004497,140245.3869198564,Diesel,manual,1,hyundai,hyundai verna
2015,344985.4872630942,127908.89850025608,Diesel,manual,1,fiat,fiat linea
2012,153497.02668994298,91691.6303556133,Cng,manual,1,maruti,maruti alto
2015,370526.5576288102,79597.33291618184,Petrol,manual,1,hyundai,hyundai grand
2009,273622.6465985611,53507.69179962268,Petrol,manual,1,maruti,maruti swift
2013,158332.11791233323,65585.08580577567,Diesel,manual,1,tata,tata indigo
2018,1205413.322333005,39688.645776012505,Diesel,manual,1,mahindra,mahindra scorpio
2019,515877.9415692382,26209.22205071961,Petrol,manual,1,hyundai,hyundai grand
2017,360781.7282071603,16696.653384658854,Petrol,manual,1,honda,honda brio
2011,108510.04073867876,16913.014150521183,Petrol,manual,1,tata,tata nano
2011,113859.70194907088,18265.99955772903,Petrol,manual,1,tata,tata nano
2010,280696.67596504115,63098.55238832004,Petrol,manual,1,ford,ford figo
2016,268667.1838907882,76870.4393995937,Petrol,manual,1,tata,tata zest
2016,871370.6017176114,92925.04269387427,Diesel,manual,1,hyundai,hyundai creta
2013,678282.5621324591,80553.78249620192,Diesel,manual,1,hyundai,hyundai verna
2018,603403.8692952357,17530.326569631645,Petrol,manual,1,ford,ford figo
2014,491219.0952069753,32178.148719283963,Petrol,manual,1,maruti,maruti ertiga
2009,228151.13021236216,135188.99242124744,Diesel,manual,1,tata,tata new
2018,948601.2129059228,13271.146108906496,Diesel,manual,1,mahindra,mahindra marazzo
2015,295210.1800051261,54870.63816905223,Petrol,manual,1,toyota,toyota etios
2013,423533.4020623654,120631.337061814,Diesel,manual,1,renault,renault duster
2016,338681.7680685326,85666.94889251028,Diesel,manual,1,mahindra,mahindra kuv
2015,421778.6003385731,103235.18065885952,Petrol,manual,1,maruti,maruti swift
2018,190315.35333940396,9496.92221570826,Petrol,manual,1,maruti,maruti omni
2009,239126.003772777,81858.69875860648,Diesel,manual,1,hyundai,hyundai i20
2011,548471.7318863735,180244.95754642104,Petrol,manual,1,toyota,toyota innova
1999,91380.38684300108,61406.84110913288,Petrol,manual,1,maruti,maruti zen
2001,55689.39280667691,57584.849460460806,Petrol,manual,1,hyundai,hyundai santro
2017,1288026.6777582834,46701.78176591227,Diesel,automatic,1,tata,tata hexa
2011,475049.2317308924,58326.15027509977,Petrol,automatic,1,hyundai,hyundai verna
2018,638813.1167735012,32116.0216002389,Petrol,manual,1,maruti,maruti swift
2012,402680.2396927188,65355.82899524476,Diesel,manual,1,maruti,maruti sx4
2013,63698.19194781333,45086.56817971371,Petrol,manual,1,tata,tata nano
2017,467620.6472632965,8196.309426103287,Petrol,manual,1,maruti,maruti ignis
2015,584742.4087386356,52258.34342430879,Petrol,manual,1,honda,honda mobilio
2010,99420.29594430533,103903.31452288548,Petrol,manual,1,hyundai,hyundai getz
2013,187611.3858759778,80304.80322745598,Petrol,manual,1,hyundai,hyundai santro
2011,345948.3160433237,88019.31671693423,Diesel,manual,1,ford,ford fiesta
2017,461591.5385766524,84375.45861658928,Diesel,manual,1,maruti,maruti swift
2009,159251.5799570912,82943.18709784097,Cng,manual,1,hyundai,hyundai accent
2007,107730.07182702723,83643.61409530175,Petrol,manual,1,maruti,maruti zen
2014,404303.0022411492,99004.441484717,Diesel,manual,1,maruti,maruti swift
2017,406458.3284646785,58459.20752556976,Petrol,manual,1,hyundai,hyundai i20
2018,508098.7887846036,4230.882002211672,Petrol,manual,1,tata,tata tigor
2008,148439.36778861532,101854.65221935356,Petrol,manual,1,hyundai,hyundai i10
2009,114014.56892975212,141409.04705530952,Petrol,manual,1,hyundai,hyundai santro
2013,438374.66297086247,65466.98237116563,Diesel,manual,1,nissan,nissan sunny
2017,439128.6065872544,35844.207820375246,Petrol,manual,1,hyundai,hyundai i20
2009,150778.91269002692,139501.84280035444,Petrol,manual,1,hyundai,hyundai santro
2011,139511.6202668885,102576.80502504576,Diesel,manual,1,tata,tata indigo
2017,168116.85146161815,42842.152809701365,Petrol,manual,1,maruti,maruti alto
2016,142769.4793875967,55606.182554322775,Petrol,manual,1,maruti,maruti alto
2013,534210.2509938687,95808.83204458632,Diesel,manual,1,mahindra,mahindra xuv500
2011,39804.71183295571,18245.693634747444,Petrol,manual,1,tata,tata nano
2006,136906.12563988645,168191.89883275836,Diesel,manual,1,chevrolet,chevrolet tavera
2015,237644.90624062569,60828.12311113631,Diesel,manual,1,mahindra,mahindra verito
2011,294356.4987835306,56240.31079518623,Diesel,manual,1,maruti,maruti swift
2012,158030.66801059505,17889.70138235793,Petrol,manual,1,maruti,maruti alto
2016,191168.92522471736,31733.256943553075,Petrol,manual,1,hyundai,hyundai eon
2009,126376.18890963278,79282.99574672047,Petrol,manual,1,maruti,maruti alto
2015,998824.5136921968,129736.472539093,Diesel,manual,1,toyota,toyota innova
2013,786551.0663143017,77524.08570500271,Diesel,manual,1,nissan,nissan terrano
2016,550167.6150039742,115276.36793006072,Diesel,manual,1,maruti,maruti baleno
2015,424094.8414770376,51567.5050732883,Diesel,manual,1,nissan,nissan sunny
2012,375839.9477927209,57222.072551253485,Diesel,manual,1,toyota,toyota etios
2018,107024.1846591832,18741.29515029376,Petrol,manual,1,hyundai,hyundai eon
2018,273217.5869437566,10980.290685286873,Petrol,manual,1,renault,renault kwid
2013,386818.9910600255,110311.77403509645,Diesel,manual,1,mahindra,mahindra bolero
2010,209932.72662468845,51927.21350781427,Petrol,manual,1,hyundai,hyundai i10
2006,97119.81586819088,115701.69286993326,Petrol,manual,1,hyundai,hyundai santro
2010,207075.22313510225,76629.9564139845,Petrol,manual,1,maruti,maruti wagon
2015,232965.09166917007,57759.81970671038,Petrol,manual,1,maruti,maruti alto
2013,429502.5250196538,82806.35765484489,Diesel,manual,1,toyota,toyota etios
2016,570447.568809831,60611.86929205745,Diesel,manual,1,hyundai,hyundai creta
2012,214986.20918772777,122981.6268167189,Petrol,manual,1,maruti,maruti sx4
2017,578350.720448396,22852.557340115047,Petrol,automatic,1,hyundai,hyundai grand
2016,625807.7487631028,7132.30647050301,Petrol,manual,1,maruti,maruti swift
2015,605861.9628043685,10353.61169994984,Petrol,manual,1,maruti,maruti ertiga
2017,516234.9296581395,9594.614805806235,Petrol,automatic,1,hyundai,hyundai grand
2016,254170.02006916577,45821.42415624921,Petrol,manual,1,chevrolet,chevrolet beat
2015,800447.9820171298,50058.37751613354,Diesel,manual,1,maruti,maruti s-cross
2012,234381.2549389205,58961.02216067821,Petrol,manual,1,hyundai,hyundai i10
2013,1293611.9537706224,60518.71543114496,Diesel,automatic,1,audi,audi a6
2005,74892.47954093428,57736.306056758105,Petrol,manual,1,hyundai,hyundai santro
2012,372104.0299972296,55902.07685395988,Diesel,manual,1,skoda,skoda laura
2015,750788.4367042184,60841.12158289763,Petrol,manual,1,hyundai,hyundai verna
2017,558880.0450700573,40611.53813748596,Diesel,manual,1,maruti,maruti swift
2016,549018.82302572,49405.28334902151,Diesel,manual,1,hyundai,hyundai creta
2012,210495.78765063244,110496.0444672767,Petrol,manual,1,maruti,maruti sx4
2017,526534.6352705698,18939.62689439656,Petrol,automatic,1,hyundai,hyundai grand
2016,669596.6937834445,6886.6772629944735,Petrol,manual,1,maruti,maruti swift
2015,641060.7321000419,10986.266943931008,Petrol,manual,1,maruti,maruti ertiga
2017,546480.6782352789,8520.044078412415,Petrol,automatic,1,hyundai,hyundai grand
2016,225500.7821448363,41431.53706246942,Petrol,manual,1,chevrolet,chevrolet beat
2015,771295.7830543903,47924.056075027154,Diesel,manual,1,maruti,maruti s-cross
2012,229435.35531371285,52101.32670704625,Petrol,manual,1,hyundai,hyundai i10
2013,1215399.1844474836,60965.41926082885,Diesel,automatic,1,audi,audi a6
2005,85555.21413797415,56052.7109949875,Petrol,manual,1,hyundai,hyundai santro
2012,412237.9556756543,55524.48562253948,Diesel,manual,1,skoda,skoda laura
2015,827901.4081027603,57149.19788327879,Petrol,manual,1,hyundai,hyundai verna
2017,579356.0117234741,53652.82290500263,Diesel,manual,1,maruti,maruti swift
2012,733103.4258789121,62710.89823873965,Diesel,automatic,1,volkswagen,volkswagen jetta
2012,256555.86394151027,80010.45833199487,Diesel,manual,1,tata,tata indica
2010,333730.78623056365,53735.24583349963,Petrol,manual,1,honda,honda city
2010,317075.5350758778,97677.5053885546,Diesel,automatic,1,volkswagen,volkswagen jetta
2017,841438.9662584574,36432.91992862139,Diesel,automatic,1,volkswagen,volkswagen vento
2011,353683.6042187277,11435.700565173924,Petrol,manual,1,honda,honda jazz
2017,387668.4782586525,8365.529606686825,Petrol,manual,1,maruti,maruti eeco
2017,564326.5258280993,9945.314125250516,Petrol,automatic,1,maruti,maruti wagon
2017,497262.8176967585,8972.376654678097,Petrol,manual,1,hyundai,hyundai grand
2012,253323.28883671656,39332.927381818256,Petrol,manual,1,volkswagen,volkswagen polo
2015,499454.41369976674,31207.08101137017,Petrol,manual,1,hyundai,hyundai grand
2014,279862.205105576,40106.05314559753,Petrol,manual,1,hyundai,hyundai eon
2014,470315.0143039898,45857.536983818965,Diesel,manual,1,hyundai,hyundai xcent
2010,75827.64071984286,52302.80429680556,Petrol,manual,1,tata,tata nano
2015,394242.242120123,28207.871538826497,Petrol,manual,1,toyota,toyota etios
2016,601202.3143621439,64564.94286486528,Diesel,manual,1,maruti,maruti swift
2013,355324.6918188879,35212.87122555079,Petrol,automatic,1,hyundai,hyundai i10
2012,366979.8515526083,38807.92876955475,Diesel,manual,1,volkswagen,volkswagen vento
2015,541757.8530885617,52035.1477865197,Diesel,automatic,1,skoda,skoda rapid
2007,99650.12608738146,62493.53643336353,Petrol,manual,1,hyundai,hyundai getz
2016,236399.9411265925,29335.53108195277,Petrol,manual,1,renault,renault kwid
2012,603327.1091989952,126303.9707900753,Diesel,manual,1,mahindra,mahindra scorpio
2008,276119.2707159068,219991.9164067047,Diesel,manual,1,ford,ford endeavour
2008,87917.06651900471,84762.11342377274,Petrol,manual,1,mahindra,mahindra renault
2019,367730.23605228815,5892.543265211436,Petrol,manual,1,maruti,maruti alto
2015,491937.7692351409,55163.3520289869,Diesel,manual,1,maruti,maruti swift
2018,486933.6122103629,48433.29196142954,Diesel,manual,1,maruti,maruti swift
2014,256915.1845246726,135026.62250755317,Diesel,manual,1,chevrolet,chevrolet sail
2005,104644.06058290166,139704.9092463248,Diesel,manual,1,hyundai,hyundai accent
2019,363505.284073575,4923.962132106426,Petrol,manual,1,maruti,maruti alto
2005,85974.22690238859,123316.46359068136,Petrol,manual,1,hyundai,hyundai santro
2015,408384.3520621366,57071.797657379,Diesel,manual,1,hyundai,hyundai grand
2018,1143700.9796869643,39613.30996349101,Diesel,manual,1,mahindra,mahindra xuv500
2017,345428.4598537349,34486.3412283244,Petrol,manual,1,maruti,maruti alto
2019,1026240.6286911584,8527.986129494602,Diesel,manual,1,mahindra,mahindra xuv300
2018,982810.4959027548,16155.723783849604,Diesel,manual,1,mahindra,mahindra thar
2018,676251.9716524198,45367.957024526346,Diesel,manual,1,maruti,maruti swift
2014,239250.58376424247,44164.88410709294,Petrol,manual,1,hyundai,hyundai eon
2017,997677.1456787192,54207.2518823928,Diesel,manual,1,tata,tata hexa
2017,677838.2901463164,135093.92251604845,Diesel,manual,1,honda,honda mobilio
2015,712249.898675294,84922.16002792117,Diesel,manual,1,maruti,maruti ertiga
2015,620044.4269117237,77501.70724380994,Petrol,manual,1,maruti,maruti ciaz
2010,417214.2988901366,106763.95590780956,Diesel,manual,1,mahindra,mahindra scorpio
2014,336181.7921965485,70090.59873040038,Diesel,manual,1,fiat,fiat grande
2015,898038.0102461873,55865.63831165152,Diesel,manual,1,hyundai,hyundai creta
2007,368987.7371756756,131712.92091347757,Diesel,automatic,1,ford,ford endeavour
2014,274831.9090467279,29223.43094164308,Diesel,manual,1,tata,tata indica
2014,217395.78591651807,18254.833338331035,Petrol,manual,1,maruti,maruti alto
2011,159166.28086084095,97877.79411058075,Petrol,manual,1,hyundai,hyundai i10
2018,739887.7823743526,25044.17959794988,Diesel,manual,1,maruti,maruti vitara
2012,520628.0519868791,102876.08900389176,Diesel,manual,1,mahindra,mahindra scorpio
2016,474275.96520898805,26907.456796597173,Petrol,manual,1,hyundai,hyundai i20
2014,268489.9211446503,42742.13769400204,Petrol,manual,1,hyundai,hyundai santro
2006,75715.92387792688,54033.70747521028,Petrol,manual,1,tata,tata indica
2012,166622.2020750896,80741.16182156019,Petrol,manual,1,hyundai,hyundai eon
2011,925170.8241984328,104760.1104610234,Diesel,automatic,1,ford,ford endeavour
2001,63411.43364438129,61126.17329218203,Petrol,manual,1,hyundai,hyundai santro
2017,532469.1480451523,31156.23424911536,Petrol,manual,1,hyundai,hyundai grand
2013,160025.6457371834,54633.34742254317,Diesel,manual,1,tata,tata indigo
2018,1388049.7588351187,37684.98648032958,Diesel,manual,1,mahindra,mahindra scorpio
2020,1029184.6146758596,8010.384192602974,Diesel,manual,1,hyundai,hyundai creta
2009,283805.1048279905,15071.265669680011,Petrol,manual,1,maruti,maruti ritz
2016,656075.7776332214,22926.372288597024,Petrol,manual,1,hyundai,hyundai i20
2017,910971.4692957858,55158.54024182231,Diesel,manual,1,hyundai,hyundai verna
2019,535518.3169246165,23416.19636084734,Petrol,manual,1,hyundai,hyundai grand
2007,107814.99652079106,58480.86896843054,Petrol,manual,1,maruti,maruti alto
2017,436832.0626519817,17691.535638977035,Petrol,manual,1,honda,honda brio
2011,120386.58243841903,19770.558176235358,Petrol,manual,1,tata,tata nano
2013,272882.2619937292,74502.25664792926,Diesel,manual,1,hyundai,hyundai i20
2011,140674.97725709967,48719.82200160737,Diesel,manual,1,tata,tata indigo
2015,663208.2241909836,25285.87326029627,Petrol,manual,1,skoda,skoda rapid
2018,385575.896611054,22515.366027125543,Petrol,manual,1,maruti,maruti alto
2011,130074.1760373278,21056.38112082267,Petrol,manual,1,tata,tata nano
2018,674175.6235396656,72416.18550495875,Petrol,manual,1,maruti,maruti ciaz
2009,157932.47358667498,70554.57429588886,Petrol,manual,1,maruti,maruti alto
2018,514463.5132262981,35118.96912596745,Petrol,manual,1,ford,ford figo
2012,711913.4615937272,57362.47468326908,Diesel,manual,1,mahindra,mahindra xuv500
2012,958934.639969436,199666.5372452601,Diesel,manual,1,mitsubishi,mitsubishi pajero
2011,185617.51267707517,151362.54739276427,Diesel,manual,1,ford,ford fiesta
2013,1364450.010935004,45506.566480877904,Diesel,automatic,1,bmw,bmw 3
2018,1206355.3805175098,21112.545638877928,Petrol,automatic,1,honda,honda city
2011,93279.76621033304,67185.9580269541,Diesel,manual,1,chevrolet,chevrolet beat
2017,569523.1163206084,21544.095686958382,Petrol,automatic,1,hyundai,hyundai grand
2015,661875.7010512189,10875.116075936645,Petrol,manual,1,maruti,maruti ertiga
2017,493580.534137244,10515.438799767417,Petrol,automatic,1,hyundai,hyundai grand
2016,223872.069878879,39354.07138178581,Petrol,manual,1,chevrolet,chevrolet beat
2012,212921.69896705388,51486.58302790184,Petrol,manual,1,hyundai,hyundai i10
2013,1242972.231429181,50855.610956437245,Diesel,automatic,1,audi,audi a6
2017,639952.028570168,43405.81460688878,Petrol,manual,1,maruti,maruti baleno
2018,771501.4175414089,11103.796408663058,Petrol,automatic,1,maruti,maruti baleno
2013,305488.6684759196,45113.171857462,Diesel,manual,1,hyundai,hyundai i20
2016,678403.8021947389,55265.96077183248,Petrol,manual,1,maruti,maruti baleno
2015,282924.9928691448,75956.27587963684,Diesel,manual,1,mahindra,mahindra verito
2015,408008.1470687506,70131.32362606037,Petrol,manual,1,hyundai,hyundai xcent
2003,283240.7338951568,88262.69757321334,Petrol,manual,1,honda,honda city
2011,343512.86015156086,211364.1148230573,Diesel,manual,1,maruti,maruti swift
2012,417663.1402725829,70949.51440430875,Diesel,manual,1,tata,tata xenon
2014,529926.6060735466,67735.32582547888,Diesel,manual,1,nissan,nissan terrano
2018,285007.5212879458,19687.26454366134,Petrol,manual,1,maruti,maruti eeco
2012,579392.7013759256,126996.7507725928,Diesel,manual,1,maruti,maruti ertiga
2013,480780.5101947957,48619.20016817096,Diesel,manual,1,ford,ford ecosport
2010,367773.63565724913,124742.46368096952,Diesel,automatic,1,skoda,skoda laura
2017,269389.58292085904,33417.28087901719,Petrol,manual,1,hyundai,hyundai eon
2008,82509.85235575019,174659.91150119348,Petrol,manual,1,tata,tata indica
2006,49538.517692928486,114160.60518207232,Diesel,manual,1,tata,tata indica
2014,243657.8200671114,57975.1078960446,Petrol,manual,1,maruti,maruti alto
2010,269183.7192143797,181544.65977679368,Diesel,manual,1,mahindra,mahindra bolero
2007,104267.66168207076,97961.95477530552,Diesel,manual,1,mahindra,mahindra jeep
2014,773729.257122863,158117.38142809697,Diesel,manual,1,mahindra,mahindra scorpio
2015,341189.15728020633,43259.87272168544,Diesel,manual,1,mahindra,mahindra bolero
2014,1217272.3704468333,159964.79129593633,Diesel,automatic,1,skoda,skoda octavia
2012,144126.85822157149,42785.88298914879,Diesel,manual,1,chevrolet,chevrolet beat
2018,819269.5577127747,17160.916719536224,Diesel,manual,1,honda,honda jazz
2018,1109931.7620493786,30361.617288310685,Petrol,manual,1,honda,honda city
2011,165273.59544644025,76072.05579446236,Petrol,manual,1,maruti,maruti swift
2018,872090.7319694894,14697.769761688518,Diesel,automatic,1,maruti,maruti vitara
2019,323379.96765736275,56350.81194065279,Petrol,manual,1,maruti,maruti celerio
2017,842332.8286091668,11312.54145316969,Diesel,manual,1,renault,renault captur
2018,730827.0582201314,28124.44780548825,Diesel,manual,1,honda,honda amaze
2010,342369.92239256325,93206.55898507152,Petrol,automatic,1,toyota,toyota corolla
2018,751378.2928866716,46039.3104824509,Petrol,manual,1,honda,honda amaze
2016,222905.67212815143,55507.0701187068,Petrol,manual,1,maruti,maruti alto
2018,721568.6261090896,57765.50838356487,Diesel,manual,1,honda,honda amaze
2018,648537.5309182483,57129.6889475441,Petrol,manual,1,honda,honda amaze
2017,498395.2543625702,18822.245094444555,Petrol,manual,1,hyundai,hyundai grand
2016,435449.5581596631,22277.410540350487,Petrol,manual,1,mahindra,mahindra kuv
2008,133769.08836388573,124990.35653513776,Petrol,manual,1,maruti,maruti zen
2019,1027542.9388949192,33199.93046360491,Diesel,manual,1,maruti,maruti ertiga
2015,777277.5262167144,35348.59345100079,Diesel,manual,1,renault,renault lodgy
2018,381165.912490249,60528.62937952747,Petrol,manual,1,tata,tata zest
2005,120689.48041012528,80650.47176277655,Petrol,manual,1,hyundai,hyundai santro
2018,948692.3176568192,22383.2612988453,Diesel,manual,1,ford,ford ecosport
2015,279301.30198239203,33115.67518193747,Petrol,manual,1,datsun,datsun go
2017,524602.0513590398,20978.61383231678,Diesel,manual,1,renault,renault pulse
2017,434729.23858327,44927.89526976724,Petrol,manual,1,hyundai,hyundai grand
2018,368912.1922490846,9833.263857095924,Petrol,manual,1,renault,renault kwid
2017,821675.0757063586,12434.8467625947,Diesel,manual,1,maruti,maruti baleno
2017,685024.6451979598,37529.52536658552,Petrol,manual,1,volkswagen,volkswagen polo
2014,628351.9954944754,33383.33354715395,Diesel,manual,1,toyota,toyota etios
2017,954982.7817188362,81889.71195855399,Diesel,automatic,1,chevrolet,chevrolet cruze
2014,624307.04908283,14612.558778634631,Petrol,manual,1,honda,honda city
2017,669465.5569537983,19753.99736334119,Petrol,manual,1,volkswagen,volkswagen polo
2017,848711.3393696133,30044.3710934579,Diesel,manual,1,tata,tata nexon
2015,229572.56096898776,31782.563035777024,Petrol,manual,1,hyundai,hyundai eon
2016,521977.2413729783,36497.257065914586,Diesel,manual,1,tata,tata sumo
2014,557865.6787827512,102994.95058154996,Diesel,manual,1,honda,honda city
2005,99413.92425802795,101494.7448339552,Diesel,manual,1,tata,tata indica
2006,87790.09285136762,268544.0182013768,Diesel,manual,1,tata,tata indica
2009,119899.95536823786,109686.7369372202,Diesel,manual,1,tata,tata indigo
2018,865159.9035654846,27660.398767921848,Diesel,manual,1,ford,ford ecosport
2015,492155.9714849173,71424.78469635516,Petrol,manual,1,ford,ford figo
2012,289589.69748866576,56026.23732731988,Petrol,manual,1,honda,honda city
2015,437353.9383375556,45994.22853672377,Diesel,manual,1,maruti,maruti swift
2012,747210.9369493999,85310.30240736718,Diesel,manual,1,toyota,toyota innova
2016,116455.5369830104,137561.5625138394,Petrol,manual,1,maruti,maruti omni
2006,78739.44727522567,66967.31779260543,Petrol,manual,1,maruti,maruti alto
2010,106520.4606426407,66713.28397084965,Petrol,manual,1,tata,tata indica
2018,967382.149416966,16822.773696453638,Diesel,manual,1,maruti,maruti s-cross
2013,238636.93037651072,203114.70804248613,Diesel,manual,1,mahindra,mahindra xylo
2011,469336.4400298481,98110.41202561256,Diesel,manual,1,toyota,toyota innova
2018,1101818.9149362375,34961.59852149455,Diesel,automatic,1,hyundai,hyundai verna
2005,181984.4454606141,199407.00058497995,Diesel,manual,1,toyota,toyota innova
2016,554922.3830982808,52128.39394687479,Diesel,manual,1,maruti,maruti swift
2016,468692.03422643605,42656.28155538839,Petrol,manual,1,hyundai,hyundai i20
2016,683567.1186208559,129073.4383003484,Diesel,manual,1,mahindra,mahindra scorpio
2009,151523.95971447887,59876.28649467966,Petrol,manual,1,hyundai,hyundai i10
2007,240595.01869454276,46955.87015655153,Diesel,manual,1,mahindra,mahindra bolero
2018,461733.1870053986,5180.329866069177,Petrol,manual,1,hyundai,hyundai grand
2009,158181.86815153403,54511.071978580665,Petrol,manual,1,hyundai,hyundai santro
2012,203304.73828572192,77364.14956381409,Diesel,manual,1,chevrolet,chevrolet beat
2011,565638.6392835288,61887.536441494645,Diesel,automatic,1,mahindra,mahindra scorpio
1999,56737.673312325394,37718.03056053061,Petrol,manual,1,maruti,maruti esteem
2010,186789.34446252132,102589.06324797568,Diesel,manual,1,maruti,maruti swift
2015,505706.4540759599,91147.10135649524,Diesel,manual,1,honda,honda amaze
2010,415952.1697381529,233700.5537433392,Diesel,automatic,1,mahindra,mahindra scorpio
2015,264223.7403604473,38621.24699334348,Petrol,manual,1,maruti,maruti alto
2008,86751.57923246527,70757.47789505357,Petrol,manual,1,maruti,maruti alto
2017,243828.69763886277,51949.15038544958,Petrol,manual,1,datsun,datsun redigo
2015,390680.362929439,34446.83000028057,Diesel,manual,1,hyundai,hyundai grand
2006,145276.91718287946,84231.26922975646,Petrol,automatic,1,hyundai,hyundai santro
2012,685087.9352309523,90228.07946427735,Diesel,manual,1,skoda,skoda yeti
2012,399487.6381482592,114609.92342280716,Diesel,manual,1,hyundai,hyundai verna
2013,422623.6108531963,78913.21676788275,Diesel,manual,1,ford,ford ecosport
2013,226327.6916454077,67431.27721868559,Cng,manual,1,maruti,maruti wagon
2009,208476.9622255517,130942.62958296532,Petrol,manual,1,maruti,maruti swift
2013,249524.4470661032,73774.76960087325,Cng,manual,1,maruti,maruti wagon
2010,134340.41921050398,137694.84112696114,Diesel,manual,1,volkswagen,volkswagen polo
2017,267638.701149526,29868.726662843976,Petrol,manual,1,maruti,maruti eeco
2007,162889.77404529933,64205.34541422409,Petrol,manual,1,hyundai,hyundai verna
2015,472308.79369716864,37543.86457906039,Diesel,manual,1,honda,honda jazz
2012,231784.0949876617,103185.55419695316,Petrol,manual,1,maruti,maruti sx4
2018,707877.566912033,37992.76244990388,Diesel,manual,1,hyundai,hyundai i20
2018,296028.8416296297,30875.83631318509,Petrol,manual,1,maruti,maruti alto
2018,747365.6243009242,26936.1535585874,Petrol,automatic,1,honda,honda amaze
2016,606523.1532228512,31331.56894918152,Petrol,manual,1,maruti,maruti ciaz
2016,582962.5432269494,22388.922966918806,Petrol,manual,1,hyundai,hyundai i20
2012,218924.8079165531,33449.26049374576,Petrol,manual,1,hyundai,hyundai i10
2014,639222.5532439539,26356.25399440914,Diesel,manual,1,nissan,nissan terrano
2012,319931.2932894653,62949.54449768122,Diesel,manual,1,tata,tata new
2015,248110.3354856807,32422.745646920623,Petrol,manual,1,hyundai,hyundai eon
2016,653565.6191644933,52088.02086392129,Diesel,manual,1,mahindra,mahindra bolero
2014,621065.8548118932,88093.43404641171,Diesel,manual,1,mahindra,mahindra scorpio
2014,357205.3419726778,45261.66516243027,Petrol,manual,1,maruti,maruti swift
2014,601775.6525464351,13521.792207824765,Petrol,manual,1,maruti,maruti ertiga
2011,187946.3544889493,37923.80035719295,Petrol,manual,1,maruti,maruti alto
2015,508154.1117653994,60341.8235758268,Diesel,manual,1,maruti,maruti swift
2004,104876.54009327144,59194.52526357056,Petrol,manual,1,maruti,maruti alto
2006,153754.7915216146,61241.0837904144,Petrol,manual,1,maruti,maruti wagon
2012,416874.70090919617,103261.32217462535,Diesel,manual,1,chevrolet,chevrolet tavera
2012,189561.545729738,67153.89031155345,Diesel,manual,1,tata,tata indica
2013,305687.0880853307,53622.63257374899,Diesel,manual,1,renault,renault duster
2011,230599.95474402996,75587.35153303141,Diesel,manual,1,maruti,maruti swift
2004,162405.01620669267,91913.59205630011,Petrol,manual,1,maruti,maruti wagon
2014,988021.3096509484,106665.5452104432,Diesel,manual,1,toyota,toyota innova
2018,556517.0383578021,39656.6569570914,Diesel,manual,1,mahindra,mahindra bolero
2006,190940.98168469893,47803.524798538485,Petrol,manual,1,maruti,maruti swift
2017,728846.0003184523,129689.25106399592,Diesel,manual,1,mahindra,mahindra scorpio
2005,91962.3031593736,101106.30423888715,Petrol,manual,1,maruti,maruti zen
2007,83599.77326878111,111939.782739835,Petrol,manual,1,maruti,maruti wagon
2013,227162.17639770347,13919.265015435934,Petrol,manual,1,hyundai,hyundai eon
2017,368458.2996690093,11656.000069965376,Petrol,manual,1,renault,renault kwid
2015,301898.7523122041,20455.383689119102,Petrol,manual,1,hyundai,hyundai grand
2018,470836.7911873869,6843.215611949655,Petrol,manual,1,tata,tata tigor
2012,259739.0372587581,117649.7181504549,Diesel,manual,1,maruti,maruti sx4
2012,244347.1187661816,134090.0715479521,Diesel,manual,1,volkswagen,volkswagen polo
2009,137030.58054026536,91430.9618305342,Petrol,manual,1,maruti,maruti alto
2008,113113.15500443628,94436.3880916482,Petrol,manual,1,maruti,maruti alto
2010,152991.24912120562,33110.346462243375,Petrol,manual,1,maruti,maruti alto
2000,154299.32179439766,68772.00152558011,Petrol,manual,1,maruti,maruti gypsy
2017,549132.1575832732,28199.518693336355,Diesel,manual,1,renault,renault duster
2013,154237.92973136553,57851.9960755046,Diesel,manual,1,tata,tata manza
2008,157543.0955346623,72668.70671044644,Diesel,manual,1,hyundai,hyundai verna
2013,312157.63375769305,97372.39346770316,Diesel,manual,1,hyundai,hyundai i20
2015,380326.38646268455,69949.10101464519,Diesel,manual,1,hyundai,hyundai xcent
2013,406337.38078639226,89127.28970468212,Diesel,manual,1,maruti,maruti swift
2017,552913.7575504978,8475.327082409764,Petrol,manual,1,hyundai,hyundai i20
2014,186442.7202722512,22163.852466621247,Petrol,manual,1,maruti,maruti alto
2009,247677.2569170311,95254.27065634972,Diesel,manual,1,hyundai,hyundai verna
2017,379704.6540654728,11333.907686380398,Petrol,manual,1,hyundai,hyundai grand
2017,488784.7587728796,46696.49316691403,Petrol,manual,1,maruti,maruti swift
2017,346170.40826647874,10894.56149591032,Petrol,manual,1,hyundai,hyundai i10
2014,362836.6743501029,37584.67496572762,Petrol,manual,1,hyundai,hyundai grand
2014,219327.2225539717,124950.99295010266,Diesel,manual,1,maruti,maruti swift
2017,429571.9340209484,14643.83068553288,Petrol,automatic,1,maruti,maruti ignis
2012,181814.44258298643,52406.94218644154,Petrol,manual,1,hyundai,hyundai santro
2016,490423.5136162059,64771.46191465647,Diesel,manual,1,mahindra,mahindra bolero
2016,835403.534838293,101238.21747223548,Diesel,manual,1,maruti,maruti vitara
2014,381058.8198816813,37352.83242295315,Petrol,manual,1,maruti,maruti swift
2011,192457.4255956693,77366.1088818785,Petrol,manual,1,hyundai,hyundai i10
2008,258178.34620990965,69398.17441800711,Diesel,manual,1,maruti,maruti swift
2008,129100.94005231398,59713.91020687592,Petrol,manual,1,maruti,maruti zen
2009,164552.9290125408,80863.85067473864,Petrol,manual,1,maruti,maruti a-star
2016,438915.6305935946,20500.306879836156,Diesel,manual,1,mahindra,mahindra kuv
2012,71573.75789878711,28554.00236548,Petrol,manual,1,tata,tata nano
2017,772540.1716743535,86805.76275683242,Diesel,manual,1,mahindra,mahindra xylo
2011,60783.37639889772,43013.31742155096,Petrol,manual,1,tata,tata nano
2011,361030.28505555657,165601.78727766898,Diesel,manual,1,mahindra,mahindra bolero
2016,657626.4409887374,40771.72788634944,Diesel,manual,1,mahindra,mahindra tuv
2018,1048631.3500322518,13088.463999406182,Diesel,manual,1,tata,tata safari
2012,203169.2936329593,69863.7436359562,Petrol,manual,1,hyundai,hyundai i10
2018,517502.7544918632,22803.57520957527,Petrol,automatic,1,maruti,maruti baleno
2012,201236.1631556636,84595.03926626415,Petrol,manual,1,maruti,maruti alto
2011,174444.48707532976,53671.58011897244,Petrol,manual,1,chevrolet,chevrolet spark
2013,256780.15971191635,68126.77626175575,Diesel,manual,1,ford,ford figo
2011,157040.23417981112,38399.35987292995,Petrol,manual,1,maruti,maruti alto
2018,847333.3870487259,54652.04098339447,Diesel,manual,1,maruti,maruti vitara
2012,179551.5513980696,72613.15849744332,Diesel,manual,1,tata,tata indica
2010,185000.1198866153,95885.78668062035,Diesel,manual,1,tata,tata indica
2013,206203.14579902551,141494.64502795605,Diesel,manual,1,tata,tata indica
2007,82605.07308994854,35393.51126539547,Petrol,manual,1,maruti,maruti alto
2016,482844.1258288878,56208.16399941584,Petrol,manual,1,hyundai,hyundai i20
2007,212881.94587542917,111589.20127036078,Diesel,manual,1,maruti,maruti swift
2011,150299.0854833761,79265.70528503082,Diesel,manual,1,tata,tata indica
2012,329069.32339847775,37989.87157471831,Petrol,manual,1,nissan,nissan sunny
2013,392212.2572979863,65996.76173006964,Petrol,manual,1,hyundai,hyundai verna
2017,281346.4170224165,32226.68284971408,Petrol,manual,1,renault,renault kwid
2013,319905.78445027635,83626.06243538008,Diesel,manual,1,volkswagen,volkswagen vento
2009,251683.10372805453,72164.24346962477,Petrol,manual,1,maruti,maruti swift
2008,180915.15381683316,82890.07475505407,Petrol,manual,1,chevrolet,chevrolet aveo
2013,343693.8785049138,129957.95648904004,Diesel,manual,1,honda,honda amaze
2015,219323.8675193772,56441.41736572586,Petrol,manual,1,chevrolet,chevrolet beat
2016,271998.61584092723,25228.872250243083,Petrol,manual,1,chevrolet,chevrolet beat
2015,282068.715996519,73464.37522404172,Diesel,manual,1,honda,honda amaze
2013,405644.1003438705,140474.59250950222,Petrol,manual,1,honda,honda city
2009,242379.7102683842,931322.1349795656,Petrol,manual,1,maruti,maruti swift
2013,323685.2442743855,95064.47140039936,Diesel,manual,1,honda,honda amaze
2010,247880.29977424853,54353.74581769925,Petrol,manual,1,maruti,maruti wagon
2008,146387.75032982524,59550.29428011664,Petrol,manual,1,maruti,maruti omni
2006,85711.41328632117,71895.5693358581,Petrol,manual,1,maruti,maruti esteem
2015,307291.1933742118,17002.876848158507,Petrol,manual,1,maruti,maruti alto
2016,805277.881990107,47109.06867280517,Diesel,manual,1,mahindra,mahindra xylo
2017,382549.70942424703,23534.773347250637,Petrol,manual,1,datsun,datsun go
2006,123634.76336126548,105108.13554054109,Diesel,manual,1,hyundai,hyundai elantra
2012,242301.2182267205,123128.18011035782,Diesel,manual,1,chevrolet,chevrolet beat
2014,764004.382839619,197646.5735972271,Diesel,manual,1,toyota,toyota corolla
2011,206135.29582054284,77033.50911939263,Diesel,manual,1,hyundai,hyundai i20
2010,104741.03647184889,104433.87162109624,Diesel,manual,1,tata,tata indica
2007,143899.12099589632,86094.89661882415,Petrol,manual,1,hyundai,hyundai verna
2012,294950.9993301952,168260.4005249085,Diesel,manual,1,nissan,nissan sunny
2017,240007.4550459723,46481.60821101499,Petrol,manual,1,datsun,datsun redigo
2006,72582.2839896624,111710.392216474,Petrol,manual,1,maruti,maruti wagon
2009,92933.3896167827,23291.43345527941,Diesel,manual,1,tata,tata indigo
2016,362004.22211173136,15397.879717128671,Petrol,manual,1,ford,ford figo
2007,99313.51642607267,43702.19053887071,Petrol,manual,1,hyundai,hyundai santro
2010,508584.0718497791,79109.23729343936,Petrol,manual,1,volkswagen,volkswagen passat
2012,315726.7436523144,106044.66775819204,Diesel,manual,1,toyota,toyota etios
2013,187935.771624007,62780.16174254355,Diesel,manual,1,chevrolet,chevrolet beat
2012,181375.3697552938,107709.22030614324,Diesel,manual,1,ford,ford figo
2017,643159.9005185941,17711.16786156869,Petrol,manual,1,ford,ford ecosport
2009,281174.0132240048,25945.88954215756,Petrol,manual,1,toyota,toyota corolla
2016,728614.6604959754,30274.63241189909,Diesel,manual,1,ford,ford freestyle
2015,290221.5337428846,36716.61994546322,Petrol,manual,1,hyundai,hyundai i10
2018,490998.1191661179,14393.74299866319,Petrol,manual,1,maruti,maruti ignis
2013,385877.52131888,44461.76220986233,Petrol,manual,1,toyota,toyota etios
2015,398537.9674404057,26400.678458017795,Petrol,automatic,1,maruti,maruti celerio
2014,387701.9845184429,44445.884442311566,Petrol,manual,1,toyota,toyota etios
2007,211053.43392568128,53960.57299733618,Petrol,manual,1,toyota,toyota corolla
2014,504421.9772450913,60124.25974838978,Diesel,manual,1,renault,renault duster
2014,443758.90529673785,78907.6956235673,Diesel,manual,1,volkswagen,volkswagen polo
2015,449540.7967775911,94564.5284701551,Diesel,manual,1,volkswagen,volkswagen polo
2014,261302.76651244177,54680.6458179833,Diesel,manual,1,ford,ford figo
2016,603695.1542066326,27013.853351145863,Petrol,automatic,1,honda,honda jazz
2014,284360.1547384807,196963.66556655563,Diesel,manual,1,maruti,maruti swift
2018,1252550.3111542235,53079.01862828203,Diesel,manual,1,hyundai,hyundai verna
2006,74916.04260832806,72726.36164364398,Petrol,manual,1,maruti,maruti 800
2002,71116.11214315856,87167.07167893242,Petrol,manual,1,maruti,maruti 800
2016,421790.0968182448,93431.30926908203,Diesel,manual,1,tata,tata zest
2016,833869.7572247364,61881.41856229932,Diesel,manual,1,hyundai,hyundai verna
2013,431382.2056633142,131894.1756429042,Diesel,manual,1,volkswagen,volkswagen vento
2017,735812.7163878356,65835.40454509134,Diesel,manual,1,toyota,toyota etios
2013,306430.1042533457,131956.61220648847,Diesel,manual,1,mahindra,mahindra quanto
2015,531020.1681062066,108956.3640264038,Diesel,manual,1,volkswagen,volkswagen vento
2014,555268.9552156604,73652.140180009,Diesel,manual,1,maruti,maruti ciaz
2018,522202.2487575762,78454.90324233165,Diesel,manual,1,volkswagen,volkswagen ameo
2013,77794.31846318048,22505.014717799528,Petrol,manual,1,tata,tata nano
2009,181201.7904324232,56528.871062730366,Diesel,manual,1,tata,tata manza
2007,116013.8570764406,95824.79501086308,Petrol,manual,1,maruti,maruti omni
2004,162589.30333622382,221343.8742539948,Petrol,manual,1,honda,honda city
2010,369521.5116274002,124491.84705502614,Diesel,manual,1,volkswagen,volkswagen polo
2005,63718.26948156591,147920.07915730707,Petrol,manual,1,chevrolet,chevrolet optra
2018,638642.9350162147,80790.86938748318,Diesel,manual,1,mahindra,mahindra tuv
2007,147011.08037711668,88327.47476733699,Petrol,manual,1,maruti,maruti zen
2015,580427.3511330215,67975.25752135612,Diesel,manual,1,mahindra,mahindra bolero
2014,167782.97087865497,92393.9398967332,Petrol,manual,1,maruti,maruti alto
2004,77608.0866775825,50535.51549045104,Petrol,manual,1,tata,tata indica
2013,326015.7497837951,92214.78832738414,Diesel,manual,1,maruti,maruti swift
2012,118836.53383334572,94727.70798633691,Diesel,manual,1,maruti,maruti ritz
2013,225175.43058802132,92247.56790061956,Diesel,manual,1,tata,tata sumo
2017,1411928.2881903066,67562.85150635813,Diesel,manual,1,toyota,toyota innova
2009,451401.3782299931,184968.723273702,Diesel,manual,1,toyota,toyota innova
2013,247422.91985573768,56793.462912555246,Petrol,manual,1,maruti,maruti wagon
2007,219309.18932414745,134925.44152322423,Diesel,manual,1,mahindra,mahindra bolero
2015,288474.7658905388,50836.922257782,Petrol,manual,1,maruti,maruti wagon
2012,308622.37685862806,96223.23191017073,Diesel,manual,1,tata,tata sumo
2008,72861.089488985,103163.37122972697,Petrol,manual,1,maruti,maruti alto
2007,85132.47449173598,51332.70141586127,Petrol,manual,1,tata,tata indica
2009,88371.8182061059,114326.64372325332,Diesel,manual,1,tata,tata indica
2007,77839.63419873167,66885.07920305406,Petrol,manual,1,maruti,maruti wagon
2008,364460.81585328345,89955.48394214378,Diesel,manual,1,mahindra,mahindra scorpio
2009,368365.0192170158,117318.50874549444,Diesel,automatic,1,skoda,skoda superb
2006,55355.63638078761,90377.64548064,Diesel,manual,1,tata,tata indica
2006,91177.6474348734,75570.878967085,Petrol,manual,1,ford,ford fiesta
2011,314537.0911582228,108785.84989445547,Diesel,manual,1,volkswagen,volkswagen vento
2006,84049.12381261373,73943.30059662447,Petrol,manual,1,ford,ford fiesta
2015,1028203.9786857757,95358.62691558171,Diesel,automatic,1,skoda,skoda superb
2019,1000800.1283755258,57237.30383355854,Diesel,manual,1,maruti,maruti ertiga
2015,482842.7205748613,37645.658289054096,Diesel,manual,1,mahindra,mahindra bolero
2014,658739.2526345928,13898.620538049512,Diesel,manual,1,mahindra,mahindra scorpio
2006,84408.5782193214,112575.81481966948,Petrol,automatic,1,hyundai,hyundai santro
2016,700070.4329309273,57968.708205154304,Diesel,manual,1,mahindra,mahindra thar
2017,444581.1021752983,28993.007102598272,Petrol,manual,1,hyundai,hyundai grand
2013,400234.1980414836,76375.05527642417,Diesel,manual,1,maruti,maruti swift
2008,127063.1052851874,89162.50523812509,Petrol,manual,1,ford,ford fiesta
2018,300887.27412078634,36163.879909924246,Petrol,manual,1,maruti,maruti alto
2016,539741.427683707,47268.445980543234,Diesel,manual,1,hyundai,hyundai i20
2015,366490.90377823374,81720.70987970731,Petrol,manual,1,maruti,maruti swift
2015,207998.1806161621,83307.14266563155,Petrol,manual,1,maruti,maruti wagon
2010,116582.22405945284,93652.57138873832,Petrol,manual,1,maruti,maruti alto
2017,540202.681537037,60880.14354281619,Diesel,manual,1,maruti,maruti swift
2009,131168.55644625585,76281.90959842583,Petrol,manual,1,maruti,maruti a-star
2010,209796.9434716763,89124.99207601605,Diesel,manual,1,ford,ford figo
2012,464646.1010264336,96838.24445686498,Diesel,manual,1,hyundai,hyundai verna
2012,563527.2313917645,75708.47452650729,Diesel,manual,1,hyundai,hyundai verna
2012,212409.20646703537,78879.87700744017,Petrol,manual,1,maruti,maruti alto
2001,43952.48385099368,34123.1115050935,Petrol,manual,1,maruti,maruti 800
2017,317177.22036436223,18815.94144991007,Petrol,automatic,1,renault,renault kwid
2018,673790.1523072444,32832.74022479717,Diesel,manual,1,mahindra,mahindra bolero
2017,637749.744862963,41599.02174685837,Diesel,manual,1,maruti,maruti swift
2019,638922.159850522,8163.004876568454,Petrol,manual,1,hyundai,hyundai xcent
2012,210207.8988083368,93536.43634852508,Lpg,manual,1,maruti,maruti wagon
2011,124842.14446696416,83919.07841944692,Diesel,manual,1,nissan,nissan micra
2013,208269.15028954545,15450.13103802199,Diesel,manual,1,nissan,nissan micra
2005,122679.53255246257,33756.65042999057,Petrol,manual,1,maruti,maruti zen
2008,134447.62565521745,83424.36365909592,Petrol,manual,1,maruti,maruti alto
2014,733818.7589576722,115210.35713010268,Diesel,manual,1,honda,honda city
2011,174833.04858709624,106475.51575812374,Petrol,manual,1,maruti,maruti alto
2015,1301521.7982177243,78921.51761539155,Diesel,manual,1,toyota,toyota innova
2003,73100.30286103662,87188.59460800266,Petrol,manual,1,maruti,maruti wagon
2007,92887.943724857,82063.99336089125,Petrol,manual,1,maruti,maruti alto
2006,309836.84936317574,82023.65227994874,Petrol,manual,1,honda,honda civic
2013,473465.6156038961,117713.93764036369,Diesel,manual,1,maruti,maruti swift
2015,508171.4235327296,102203.99024805008,Diesel,manual,1,maruti,maruti swift
2007,99028.68982063342,145251.18065479552,Petrol,manual,1,maruti,maruti zen
2010,375521.8998935101,93966.11813648266,Petrol,manual,1,honda,honda city
2011,179711.8143297152,96639.31557371584,Diesel,manual,1,tata,tata manza
2019,430070.368421077,136359.19867215666,Diesel,manual,1,maruti,maruti swift
2013,382650.5612322282,47090.70873005849,Diesel,manual,1,mahindra,mahindra xylo
2016,216609.0497073782,36768.27976251599,Petrol,manual,1,renault,renault kwid
2018,836161.7018725792,32569.10124559272,Diesel,manual,1,honda,honda wr-v
2014,518683.34394425247,137935.4151812967,Diesel,manual,1,maruti,maruti swift
2014,409797.2836523665,140847.28928130228,Diesel,manual,1,nissan,nissan terrano
2015,699225.9466239254,102377.42017475744,Diesel,manual,1,maruti,maruti ciaz
2019,644749.7099510243,10011.504464658552,Petrol,automatic,1,honda,honda amaze
2013,222385.50987606496,50859.65842547956,Petrol,manual,1,honda,honda brio
2005,72194.25207514878,57798.19141049864,Petrol,manual,1,maruti,maruti esteem
2011,518127.641707021,109542.71249188056,Diesel,manual,1,toyota,toyota corolla
2010,91284.73279961356,111205.40043698624,Petrol,manual,1,tata,tata indica
2010,380102.16119808855,77957.87123370863,Diesel,manual,1,mahindra,mahindra bolero
2013,203336.64994808155,108658.51263933886,Petrol,manual,1,hyundai,hyundai eon
2014,325182.0141567727,116026.01794324092,Diesel,manual,1,maruti,maruti ritz
2016,414564.67392665806,20044.15927316611,Petrol,manual,1,maruti,maruti wagon
2017,585826.2675349236,34607.230917979294,Petrol,manual,1,hyundai,hyundai i20
2015,128090.59272524324,73402.92684632013,Petrol,manual,1,maruti,maruti omni
2016,217438.9655065504,56606.72057348383,Petrol,manual,1,maruti,maruti alto
2018,721064.8951869514,56776.663530752456,Diesel,manual,1,hyundai,hyundai creta
2017,686654.8422872234,36296.55150498819,Diesel,manual,1,honda,honda jazz
2011,193024.2372922373,25383.936337232542,Diesel,manual,1,tata,tata indica
2014,527764.1876256119,101299.99146296836,Diesel,manual,1,tata,tata aria
2014,306382.5966242949,74288.3059935113,Diesel,manual,1,ford,ford fiesta
2019,595233.0713827111,8954.752027289183,Petrol,manual,1,ford,ford freestyle
2000,155754.733649611,44945.53140280116,Diesel,manual,1,mahindra,mahindra jeep
2007,77920.78326246193,76880.88104043093,Petrol,manual,1,maruti,maruti 800
2015,384945.7269587999,52772.63928749703,Diesel,manual,1,hyundai,hyundai grand
2010,83102.14550082992,47531.00841313536,Petrol,manual,1,maruti,maruti zen
2016,564350.7450937476,88837.37620866903,Diesel,manual,1,maruti,maruti ertiga
2010,410568.1621810558,181551.86401417872,Diesel,manual,1,mahindra,mahindra scorpio
2014,398446.9585020223,54957.91173339846,Diesel,manual,1,maruti,maruti swift
2000,45483.02860903907,57227.85940499741,Petrol,manual,1,maruti,maruti 800
2004,116045.44334581352,99457.893777874,Petrol,manual,1,honda,honda city
2019,625180.7861311025,18627.274338981424,Petrol,automatic,1,hyundai,hyundai grand
2017,749148.8220524598,33641.364766168204,Petrol,automatic,1,maruti,maruti ertiga
2020,787558.4751335919,5287.4566346475,Petrol,manual,1,volkswagen,volkswagen polo
2016,458475.28410771233,35750.57087402646,Diesel,manual,1,hyundai,hyundai xcent
2017,687772.3430643561,22537.72366069907,Petrol,manual,1,hyundai,hyundai verna
2004,153687.86856384284,118825.8139819354,Diesel,manual,1,mahindra,mahindra scorpio
2011,441605.1440181201,216472.51550069664,Diesel,automatic,1,skoda,skoda superb
2013,249701.98826316316,71235.22450857877,Petrol,manual,1,maruti,maruti alto
2014,509264.38340601645,78280.22572479365,Petrol,manual,1,ford,ford ecosport
2007,126837.26935502248,95395.18321611753,Petrol,manual,1,maruti,maruti zen
2012,144018.5806349343,10249.281994142822,Petrol,manual,1,chevrolet,chevrolet beat
2010,116380.89789230676,73197.39983336614,Petrol,manual,1,hyundai,hyundai accent
2012,277635.69807949825,79703.13519675744,Diesel,manual,1,toyota,toyota innova
2016,691183.5667444627,62290.12308540181,Diesel,manual,1,maruti,maruti baleno
2011,240614.2787305949,75851.93584438867,Petrol,manual,1,hyundai,hyundai i10
2011,279037.1741294852,98964.7583246508,Diesel,manual,1,hyundai,hyundai i20
2015,433474.9082763239,45416.87321959736,Petrol,automatic,1,nissan,nissan micra
2004,242272.5997351991,225506.75907124876,Diesel,automatic,1,mahindra,mahindra scorpio
2006,164352.61277946812,151932.25610315002,Petrol,manual,1,toyota,toyota corolla
2020,546827.3286649731,4952.047366660313,Petrol,manual,1,hyundai,hyundai grand
2016,428819.8968990473,112253.8823680554,Diesel,manual,1,chevrolet,chevrolet tavera
2011,278533.77475160523,101189.93504942182,Petrol,manual,1,maruti,maruti swift
2020,629518.8011980352,3792.517965312726,Petrol,automatic,1,hyundai,hyundai grand
2006,47090.045635322895,135255.0794272991,Diesel,manual,1,tata,tata indica
2015,567506.9178236001,28545.848176183576,Petrol,manual,1,hyundai,hyundai verna
2014,285502.49400473456,28209.241233247587,Lpg,manual,1,hyundai,hyundai i10
2015,615071.736687294,27859.16084439828,Petrol,manual,1,hyundai,hyundai verna
2012,182954.77855839857,119683.1651964171,Diesel,manual,1,tata,tata manza
2008,152497.11165523584,94367.55374128788,Petrol,manual,1,hyundai,hyundai i10
2017,338558.5519210696,12552.160377352298,Petrol,manual,1,maruti,maruti alto
2006,183815.01928566096,88358.69212073986,Diesel,manual,1,mahindra,mahindra bolero
2011,133504.7980080633,67856.54665796469,Petrol,manual,1,chevrolet,chevrolet spark
2008,149911.68938907946,48239.30427700788,Petrol,manual,1,hyundai,hyundai i10
2015,529141.6131534894,81663.76593090658,Diesel,manual,1,hyundai,hyundai i20
2009,121943.52026290588,71784.0810256185,Petrol,manual,1,maruti,maruti wagon
2002,86040.0613994078,81760.81169375502,Petrol,manual,1,maruti,maruti 800
2015,546003.4119801322,70846.14948477184,Diesel,manual,1,toyota,toyota etios
2019,266175.30292363215,24326.01120688447,Petrol,manual,1,renault,renault kwid
2012,631872.7111023471,74350.69310470542,Diesel,manual,1,mahindra,mahindra xuv500
2002,60873.41672524201,43731.79991112881,Petrol,manual,1,daewoo,daewoo matiz
2012,325092.70270926354,162947.27030989967,Diesel,manual,1,toyota,toyota etios
2014,188870.2845313702,104848.66687330574,Diesel,manual,1,ford,ford figo
2017,1121380.4053365297,13277.248612361587,Diesel,manual,1,tata,tata hexa
2015,374538.6059000596,71488.59610106218,Diesel,manual,1,toyota,toyota etios
2012,640564.6790538736,88587.74574180337,Diesel,manual,1,mahindra,mahindra xuv500
2019,590213.7748377766,3879.131242734359,Petrol,manual,1,honda,honda jazz
2008,115823.97894502232,35583.169477377225,Petrol,manual,1,maruti,maruti a-star
2010,190302.5611667957,124261.3704299247,Diesel,manual,1,tata,tata new
2018,909141.5369486086,45465.076205064586,Petrol,automatic,1,hyundai,hyundai verna
2012,240115.2983614969,29520.79978881973,Diesel,manual,1,tata,tata manza
2012,422409.3485340258,56707.99298619818,Diesel,manual,1,skoda,skoda laura
2009,1197099.136569965,43795.876000623226,Diesel,automatic,1,audi,audi a8
2013,155298.48663885015,48829.37806912835,Petrol,manual,1,chevrolet,chevrolet beat
2015,764465.1454258465,41222.31059198541,Petrol,manual,1,hyundai,hyundai elantra
2015,733317.6990434194,47409.899803431086,Diesel,manual,1,mahindra,mahindra xuv500
2008,94717.88665246264,176420.23815203016,Diesel,manual,1,mahindra,mahindra renault
2018,282904.81250448345,12518.36292771266,Petrol,automatic,1,datsun,datsun redi-go
2014,41899.89239256268,8210.724611295998,Petrol,manual,1,tata,tata nano
2013,688115.269619182,89668.4844894525,Diesel,automatic,1,skoda,skoda superb
2015,579972.4282723992,50352.159077276745,Diesel,manual,1,nissan,nissan terrano
2014,1404113.5340390045,40996.88815016807,Diesel,automatic,1,bmw,bmw x1
2014,323883.645144016,71455.78715846052,Diesel,manual,1,chevrolet,chevrolet enjoy
2015,385619.8779339408,57954.904898412526,Diesel,manual,1,honda,honda amaze
2017,377731.1126893782,69520.29882614923,Diesel,manual,1,mahindra,mahindra kuv
2016,741331.782183393,50082.82894910163,Petrol,automatic,1,honda,honda city
2017,364613.0719867444,41881.464378484976,Petrol,manual,1,honda,honda brio
2009,113962.82469510658,22981.67096856099,Petrol,manual,1,maruti,maruti alto
2015,388842.4230185915,58340.07456040783,Diesel,manual,1,renault,renault scala
2013,201911.8897382281,81677.89228472588,Diesel,manual,1,chevrolet,chevrolet beat
2007,181076.9984767043,176625.93419577763,Diesel,manual,1,skoda,skoda laura
2012,566741.1585690285,88832.21512503117,Diesel,manual,1,hyundai,hyundai verna
2010,338093.5904667722,91887.68187786407,Diesel,manual,1,mahindra,mahindra xylo
2010,266517.8099090255,171296.38175414654,Diesel,manual,1,maruti,maruti swift
2013,537337.3743421666,210996.24161732572,Diesel,manual,1,renault,renault duster
2013,370674.8924420864,73345.75752340938,Diesel,manual,1,ford,ford fiesta
2005,119428.1187833425,21378.91998929021,Petrol,manual,1,maruti,maruti 800
2018,365071.2137585775,16648.941028829315,Petrol,manual,1,maruti,maruti eeco
2010,378512.2303767465,159395.84507981225,Diesel,manual,1,skoda,skoda laura
2015,441989.551774415,85780.17699708782,Diesel,manual,1,nissan,nissan terrano
2010,191457.273761316,36917.004364300425,Petrol,manual,1,chevrolet,chevrolet spark
2009,156365.97073638887,49388.13621308018,Petrol,manual,1,chevrolet,chevrolet spark
2006,90259.06114343683,33942.06901339649,Petrol,manual,1,hyundai,hyundai santro
2014,144775.87987322916,139212.31030317585,Petrol,manual,1,maruti,maruti omni
2011,147308.38329161325,9699.132305390627,Diesel,manual,1,tata,tata indica
2011,151312.43739778633,85068.15244098958,Diesel,manual,1,tata,tata indica
2018,431563.0123998483,9356.598828356706,Petrol,manual,1,datsun,datsun go
2014,879116.8886460178,155103.67113563698,Diesel,manual,1,mahindra,mahindra xuv500
2010,839078.6431640686,135766.42008423994,Diesel,manual,1,toyota,toyota innova
2007,151690.06139044237,85644.8911849777,Petrol,manual,1,maruti,maruti baleno
2001,356126.35888179165,91694.30625732902,Diesel,manual,1,mercedes-benz,mercedes-benz e-class
2006,74013.71214093665,107782.161668477,Petrol,manual,1,tata,tata indica
2012,165077.3659212295,60305.85094712873,Petrol,manual,1,maruti,maruti alto
2017,660708.3552077379,25533.160546838564,Diesel,manual,1,ford,ford figo
2013,389152.5269229382,194272.412492852,Diesel,manual,1,maruti,maruti swift
2013,397234.1529950631,81642.632674845,Diesel,manual,1,volkswagen,volkswagen polo
2006,92360.08347069116,114580.08643204128,Petrol,manual,1,tata,tata indigo
2015,420346.69916625385,184632.841103875,Diesel,manual,1,maruti,maruti swift
2009,196283.220787056,106646.99835950584,Petrol,manual,1,tata,tata indica
2014,407877.3515998191,32458.85513372336,Diesel,manual,1,renault,renault scala
2018,861807.2231929508,39278.12977511157,Diesel,manual,1,ford,ford ecosport
2015,508395.41500682617,77137.75931352463,Diesel,manual,1,renault,renault duster
2012,286519.37641755765,116489.253560435,Diesel,manual,1,skoda,skoda rapid
2012,449598.67805993016,109962.58323476333,Diesel,manual,1,hyundai,hyundai i20
2020,1397746.7107561475,21564.97380402572,Diesel,manual,1,mahindra,mahindra xuv500
2015,745142.3491362829,12348.381647909837,Diesel,manual,1,renault,renault duster
2014,337732.38699354755,48552.33507353435,Petrol,manual,1,maruti,maruti wagon
2019,708482.5187035885,14715.501840335166,Petrol,manual,1,maruti,maruti baleno
2016,586756.8029383068,49705.989783150304,Diesel,manual,1,mahindra,mahindra bolero
2014,341533.8887650289,24140.667531473624,Petrol,manual,1,chevrolet,chevrolet sail
2014,490060.28363262943,75976.04763270057,Diesel,manual,1,honda,honda city
2017,462559.0913604949,54624.35406716151,Petrol,manual,1,hyundai,hyundai grand
2013,362447.00987172336,39342.776054437214,Petrol,manual,1,hyundai,hyundai grand
2015,504996.4662289089,9624.95115571327,Petrol,manual,1,maruti,maruti baleno
2016,360545.0534369937,35760.19400507198,Petrol,manual,1,maruti,maruti wagon
2010,212325.7115497272,20499.569106920822,Petrol,manual,1,maruti,maruti alto
2014,214702.9727646151,78320.19161418357,Petrol,manual,1,maruti,maruti alto
2009,244012.37525214613,42906.043683722615,Petrol,manual,1,chevrolet,chevrolet aveo
2016,963097.1373308598,134113.59240683852,Diesel,manual,1,toyota,toyota innova
2013,228466.20972092004,89711.69391619977,Diesel,manual,1,mahindra,mahindra quanto
2014,507909.1050700204,56285.6760670412,Petrol,manual,1,honda,honda city
2016,528410.4001151164,45159.23005041017,Diesel,manual,1,maruti,maruti baleno
2012,406983.6415761695,116118.84582068583,Diesel,manual,1,mahindra,mahindra xylo
2016,632041.218830759,41913.53941474733,Diesel,manual,1,honda,honda mobilio
2014,1045431.699150807,69018.70521934956,Diesel,automatic,1,hyundai,hyundai santa
2016,262339.9207650833,45470.34171817004,Petrol,manual,1,maruti,maruti alto
2010,155287.92646459764,41299.45755554104,Petrol,manual,1,tata,tata manza
2008,191653.41521086785,76689.84959201567,Petrol,manual,1,maruti,maruti alto
2014,335857.2083139733,42157.77554613102,Diesel,manual,1,force,force one
2015,455975.4286189984,17458.646186326732,Diesel,manual,1,mahindra,mahindra xylo
2019,454709.1826800851,4772.087077657468,Petrol,manual,1,hyundai,hyundai grand
2019,708835.1242455065,9159.965704590142,Diesel,manual,1,hyundai,hyundai grand
2019,306823.709815019,31028.24781263441,Petrol,manual,1,maruti,maruti alto
2019,477844.14519695926,8627.45422710784,Petrol,automatic,1,hyundai,hyundai santro
2009,282645.01823362464,54727.17813722792,Diesel,manual,1,maruti,maruti swift
2014,199818.47472126945,33465.27391521589,Petrol,manual,1,maruti,maruti alto
2009,181532.43402071611,98470.14239491892,Diesel,manual,1,skoda,skoda laura
2009,228115.5058477985,73342.33635218401,Petrol,manual,1,chevrolet,chevrolet aveo
2012,159809.8703457283,101720.65315792891,Diesel,manual,1,tata,tata indigo
2009,186490.32962179376,161630.23325935123,Diesel,manual,1,hyundai,hyundai verna
2012,331740.52498853946,95124.7067948512,Diesel,manual,1,tata,tata new
2009,104824.85185580402,56537.90045071909,Petrol,manual,1,maruti,maruti alto
2008,320096.0759287925,30827.58510910693,Petrol,manual,1,maruti,maruti wagon
2012,725722.5620138972,10790.752025322909,Petrol,manual,1,honda,honda city
2009,144772.5548462191,89322.86458582342,Diesel,manual,1,tata,tata indica
2015,509421.9879310671,100322.7304602159,Diesel,manual,1,mahindra,mahindra bolero
2012,576162.2824929496,133161.21462553355,Diesel,manual,1,mahindra,mahindra scorpio
2014,1008510.407861973,98043.0630202684,Diesel,manual,1,toyota,toyota innova
2016,483413.8854616932,23155.385258725164,Petrol,manual,1,honda,honda city
2011,165558.45713665773,72343.05783202926,Diesel,manual,1,maruti,maruti ritz
2010,166956.37224032107,52732.64182598184,Petrol,manual,1,hyundai,hyundai santro
2019,488458.34399020346,7520.608738323692,Petrol,manual,1,honda,honda brio
2011,153074.51099720114,81003.32379098404,Petrol,manual,1,maruti,maruti a-star
2018,383295.5488086185,25304.592758816325,Petrol,manual,1,maruti,maruti alto
2019,443354.381422976,8225.421499909173,Petrol,manual,1,hyundai,hyundai santro
2009,139963.95129140222,80170.75865325113,Diesel,manual,1,tata,tata indica
2011,273843.4802604278,56595.81354719372,Diesel,manual,1,volkswagen,volkswagen polo
2013,365390.2955689613,58253.01718246106,Petrol,manual,1,fiat,fiat linea
2014,104778.96647742733,27116.83473742555,Petrol,manual,1,maruti,maruti alto
2003,72783.41477504882,89093.47211815462,Petrol,manual,1,hyundai,hyundai santro
2011,293933.4348416345,78947.51200688271,Petrol,automatic,1,volkswagen,volkswagen vento
2017,174311.18327483023,59225.4643343687,Petrol,manual,1,maruti,maruti alto
2020,325051.2737873032,21755.65291858858,Petrol,manual,1,renault,renault kwid
2017,521553.6639861198,50139.08610516888,Petrol,manual,1,maruti,maruti baleno
2016,601715.428418412,91567.25220501964,Diesel,manual,1,maruti,maruti sx4
2015,483110.2884116127,58825.05650880697,Diesel,manual,1,maruti,maruti swift
2007,226207.15801292995,103346.01009545772,Diesel,manual,1,mahindra,mahindra scorpio
2013,334733.6088290761,83443.29727691007,Diesel,manual,1,hyundai,hyundai i20
2011,524955.0749644189,136799.3397112051,Diesel,manual,1,toyota,toyota innova
2006,104108.48510264645,105295.177735529,Petrol,manual,1,maruti,maruti alto
2010,278576.24198035395,55897.29104233307,Petrol,manual,1,hyundai,hyundai i20
2010,129396.96189647735,115441.6169325914,Petrol,manual,1,ford,ford figo
2014,691959.3789752204,100044.0523501177,Diesel,manual,1,honda,honda city
2012,422189.32376344857,43395.09467062615,Diesel,manual,1,chevrolet,chevrolet cruze
2009,247771.1631397752,52499.13532564468,Petrol,manual,1,maruti,maruti swift
2013,327885.5137943996,109728.42312313546,Diesel,manual,1,honda,honda amaze
2008,75779.07144479429,95880.05590336038,Petrol,manual,1,maruti,maruti alto
2018,1305784.6725750666,29790.71773979315,Diesel,manual,1,mahindra,mahindra scorpio
2007,94198.54757448756,84592.55385716174,Petrol,manual,1,maruti,maruti zen
2016,900056.9783472011,35557.535908872094,Diesel,manual,1,mahindra,mahindra xuv500
2010,131730.72042410227,81121.1763077988,Cng,manual,1,hyundai,hyundai accent
2011,254319.03233966505,64625.994230798,Diesel,manual,1,maruti,maruti swift
2005,67542.59533995969,109884.47935207844,Diesel,manual,1,tata,tata indica
2000,49005.21529335518,72389.51668587611,Petrol,manual,1,maruti,maruti wagon
2016,248721.6173354366,75514.64936598469,Petrol,manual,1,renault,renault kwid
2010,94628.49751868752,147312.91230860676,Petrol,manual,1,tata,tata indica
2012,142683.37242584454,124879.54776614232,Diesel,manual,1,tata,tata indigo
2009,189421.26240414436,61254.53783216337,Petrol,manual,1,maruti,maruti swift
2006,132516.93040297358,73704.43997683945,Petrol,automatic,1,honda,honda civic
2015,419057.0963640728,55456.84532572553,Diesel,manual,1,hyundai,hyundai xcent
2016,517516.66012434574,123992.15375734812,Diesel,manual,1,mahindra,mahindra nuvosport
2008,116443.85052723788,87246.76965322717,Petrol,manual,1,hyundai,hyundai santro
2010,341586.94517127454,132035.2193501638,Diesel,manual,1,hyundai,hyundai verna
2012,355176.0749648416,71019.68127603269,Diesel,manual,1,volkswagen,volkswagen vento
2010,101758.0200732258,45936.64854309925,Petrol,manual,1,maruti,maruti wagon
2005,80686.55628154929,131709.7144795479,Petrol,manual,1,maruti,maruti swift
2007,228793.44202261505,56332.540037030325,Petrol,manual,1,honda,honda civic
2012,225078.33966291609,71617.88918833324,Petrol,manual,1,hyundai,hyundai i10
2015,633401.7208650131,58986.80438927683,Diesel,manual,1,ford,ford ecosport
2017,630508.1561565448,40697.43836771723,Diesel,manual,1,maruti,maruti swift
2017,678644.488283087,6294.092974384951,Petrol,manual,1,toyota,toyota etios
2017,800997.8780750964,36721.672395975605,Diesel,manual,1,maruti,maruti vitara
2018,796007.0921341522,17803.313559782826,Petrol,manual,1,toyota,toyota yaris
2017,334619.573164433,16089.122688654912,Petrol,manual,1,hyundai,hyundai eon
2015,389520.4318036293,32746.249064399355,Petrol,manual,1,maruti,maruti swift
2016,688750.0286364721,67195.13133925424,Diesel,manual,1,maruti,maruti ciaz
2017,843828.606551841,30499.71656092619,Petrol,manual,1,maruti,maruti ciaz
2015,845950.7935173562,56242.14124304126,Diesel,manual,1,hyundai,hyundai creta
2015,860187.4944101666,61004.003164553695,Diesel,manual,1,hyundai,hyundai creta
2016,1235074.3599336403,67199.57683751262,Petrol,manual,1,toyota,toyota corolla
2007,71596.54880657217,62205.51071629256,Petrol,manual,1,maruti,maruti esteem
2012,235603.5843732149,87025.21938200892,Diesel,manual,1,volkswagen,volkswagen vento
2009,139948.33870880096,129646.12398698388,Petrol,automatic,1,maruti,maruti sx4
2019,436593.5209217805,16194.65434604509,Petrol,automatic,1,hyundai,hyundai santro
2019,536220.1935130035,61768.66723992889,Petrol,automatic,1,maruti,maruti swift
2016,234917.57689986605,46934.77770211655,Petrol,manual,1,chevrolet,chevrolet beat
2010,297069.70109420444,131792.60860874847,Diesel,manual,1,maruti,maruti swift
2016,663949.9753619753,56198.390373144925,Diesel,automatic,1,mahindra,mahindra tuv
2005,119975.43908154224,109909.75996822874,Petrol,manual,1,ford,ford fusion
2017,983820.0172231656,39073.2172161874,Petrol,manual,1,honda,honda city
2017,319625.01736244577,45719.06302018386,Petrol,manual,1,maruti,maruti wagon
2005,92954.3560450893,22079.04638063681,Petrol,manual,1,maruti,maruti esteem
2017,325784.363976359,30139.49890741953,Petrol,manual,1,maruti,maruti wagon
2005,83341.64027650667,39275.50026409997,Petrol,manual,1,maruti,maruti wagon
2013,397512.82871852,52457.59014358524,Petrol,manual,1,hyundai,hyundai verna
2012,167704.4377217664,70154.67361987873,Petrol,manual,1,hyundai,hyundai eon
2009,117501.77445736622,99888.9427529076,Diesel,manual,1,tata,tata sumo
2016,244978.25045013404,27183.30556747408,Petrol,manual,1,chevrolet,chevrolet sail
2012,277210.2147823759,78767.71390961955,Diesel,manual,1,tata,tata new
2013,151472.76995226106,85433.4982164648,Petrol,manual,1,hyundai,hyundai eon
2016,227580.38705112183,73723.74035473853,Petrol,manual,1,hyundai,hyundai eon
2017,745166.4186144755,26525.53308035501,Diesel,manual,1,mahindra,mahindra bolero
2011,197160.9796000257,142006.48193709692,Diesel,manual,1,chevrolet,chevrolet optra
2015,351642.76857334626,67036.40363224784,Petrol,manual,1,toyota,toyota etios
2018,1133525.4741383754,18082.6499705432,Diesel,manual,1,mahindra,mahindra scorpio
2016,254090.11067388245,23529.74734460176,Petrol,manual,1,datsun,datsun redigo
2012,295669.1787633924,46737.38106321429,Petrol,manual,1,skoda,skoda fabia
2012,201512.84610459057,55214.87604825001,Diesel,manual,1,chevrolet,chevrolet beat
2007,122703.80819428114,66094.32001652244,Petrol,manual,1,maruti,maruti zen
2006,94594.7927099085,117663.93627551771,Petrol,manual,1,maruti,maruti esteem
2013,413796.5216852866,94678.40994936618,Petrol,manual,1,volkswagen,volkswagen polo
2006,237359.5178492188,273651.599455532,Diesel,manual,1,toyota,toyota innova
2016,433880.4787788825,23701.81174756403,Diesel,manual,1,mahindra,mahindra kuv
2012,305640.7291609357,84897.37478820956,Diesel,manual,1,renault,renault fluence
2013,355441.4883373286,67176.93985511798,Petrol,manual,1,fiat,fiat linea
2013,463687.4073799672,106182.04683587894,Diesel,manual,1,renault,renault duster
2016,186658.5364169457,45817.486675303066,Petrol,manual,1,renault,renault kwid
2017,252949.17367806076,34867.88817415544,Petrol,manual,1,maruti,maruti alto
2012,384023.3191538492,88518.73274918403,Petrol,manual,1,maruti,maruti swift
2012,388001.3179619665,73259.03478952813,Petrol,manual,1,maruti,maruti swift
2014,679606.6703525713,259693.9951774281,Diesel,manual,1,toyota,toyota innova
1997,136695.81496214084,125086.10021869565,Diesel,manual,1,mahindra,mahindra jeep
2012,177854.76354587157,63731.043609869885,Lpg,manual,1,maruti,maruti wagon
2017,481790.55699652265,13512.442666732051,Petrol,manual,1,hyundai,hyundai grand
2005,324684.68011405406,129528.62248126068,Diesel,manual,1,ford,ford endeavour
2018,876130.602882881,25223.31597545456,Diesel,manual,1,mahindra,mahindra tuv
2011,365509.0511383428,365361.7039221606,Diesel,manual,1,volkswagen,volkswagen jetta
2007,71933.59802564816,49163.17557909184,Petrol,manual,1,maruti,maruti esteem
2005,155374.33701729763,55861.644412695896,Petrol,manual,1,maruti,maruti swift
2017,462589.4045375399,44507.71257452406,Diesel,manual,1,maruti,maruti swift
2008,126260.74454384652,85862.88704049854,Petrol,manual,1,hyundai,hyundai santro
2015,355732.68340581056,97510.94480098742,Diesel,manual,1,tata,tata zest
2005,75623.53108990812,75850.57845651638,Petrol,manual,1,maruti,maruti wagon
2014,701341.2534098933,122908.41291857736,Diesel,manual,1,toyota,toyota innova
2013,492083.9206009241,42537.62347076697,Diesel,manual,1,honda,honda amaze
2015,411922.252158096,78309.36188284222,Diesel,manual,1,maruti,maruti swift
2011,285306.5089787844,105472.74844460312,Diesel,manual,1,maruti,maruti sx4
2013,349806.9433410936,95872.35360201736,Diesel,manual,1,maruti,maruti swift
2011,246927.7792951656,103690.89533182264,Cng,manual,1,chevrolet,chevrolet aveo
2011,129073.18458570245,80494.80259008697,Diesel,manual,1,ford,ford figo
2013,763719.9082160447,227105.0126821184,Diesel,manual,1,toyota,toyota innova
2020,512569.9981346231,7224.793092935423,Petrol,manual,1,hyundai,hyundai elite
2017,204465.77976964263,33074.786319477374,Petrol,manual,1,datsun,datsun redigo
2015,465932.4507801287,141461.14394007114,Diesel,manual,1,tata,tata safari
2008,73292.94525426312,105753.44378122136,Petrol,manual,1,maruti,maruti alto
2013,576794.7430293891,29644.409939523008,Diesel,manual,1,mahindra,mahindra thar
2012,152192.64627557344,71878.96845652418,Cng,manual,1,maruti,maruti eeco
2018,410075.4138208218,6261.241918880836,Petrol,manual,1,hyundai,hyundai grand
2010,166880.4555878084,42604.58767915484,Petrol,manual,1,maruti,maruti alto
2016,721075.8568107665,48889.61882752984,Diesel,manual,1,maruti,maruti ertiga
2015,324423.07569312834,23593.284545723986,Petrol,manual,1,hyundai,hyundai eon
1998,54388.85237283981,37740.40364498392,Lpg,manual,1,maruti,maruti omni
2019,739419.4882029006,23492.949323333643,Diesel,manual,1,mahindra,mahindra bolero
2018,648387.1317105736,16704.99787490455,Diesel,manual,1,maruti,maruti swift
2009,81013.96547312137,54492.42801116651,Lpg,manual,1,maruti,maruti 800
2016,1252840.8940350348,57281.53304046801,Diesel,manual,1,toyota,toyota innova
2016,518671.6954161212,64898.436898645865,Petrol,manual,1,maruti,maruti swift
2008,135910.94953547593,69228.89417275548,Petrol,manual,1,hyundai,hyundai accent
2013,279291.59529091325,69822.53954018981,Diesel,manual,1,mahindra,mahindra quanto
2017,562632.6797748507,68965.98059540772,Diesel,manual,1,maruti,maruti swift
2015,423965.83207022544,59838.816259419385,Petrol,manual,1,maruti,maruti swift
2007,138407.0220552498,149038.63331537336,Petrol,manual,1,hyundai,hyundai santro
2001,48497.97132542242,86726.49433626204,Petrol,manual,1,maruti,maruti 800
2017,583954.5679328357,27419.476510005486,Petrol,manual,1,maruti,maruti baleno
2015,681116.4168101369,59450.50558350056,Diesel,manual,1,maruti,maruti swift
2015,492066.997874474,51039.920122290125,Diesel,manual,1,ford,ford figo
2013,353792.6449493396,30219.61126371501,Petrol,manual,1,hyundai,hyundai santro
2018,209782.51242793488,28745.33807393978,Petrol,manual,1,maruti,maruti alto
2015,299568.292527479,71710.8189103663,Diesel,manual,1,maruti,maruti swift
2015,273708.9496328088,17023.116974406188,Petrol,manual,1,hyundai,hyundai eon
2013,168691.5846211657,239015.6523798452,Diesel,manual,1,tata,tata indica
2008,485547.8569389192,163973.63466644645,Diesel,manual,1,toyota,toyota innova
2011,311728.5705151686,106866.84382432478,Petrol,manual,1,toyota,toyota etios
2009,132782.58061441145,59794.19305899618,Petrol,manual,1,maruti,maruti 800
2015,854954.5629025843,120951.77304825018,Diesel,manual,1,maruti,maruti swift
2009,380141.0233901313,107955.06674403952,Diesel,manual,1,mahindra,mahindra scorpio
2017,913504.4840908468,39937.46306475685,Diesel,manual,1,maruti,maruti vitara
2014,558869.0868155166,74952.96577208604,Diesel,manual,1,maruti,maruti swift
2011,333407.9878977273,122990.80298365671,Diesel,manual,1,maruti,maruti swift
2004,118585.44221289676,88016.33353459202,Petrol,manual,1,hyundai,hyundai accent
2013,143583.96434412297,187644.72795242717,Diesel,manual,1,tata,tata indica
2013,609416.2879767012,126094.24079504944,Diesel,manual,1,renault,renault duster
2010,216382.8000125434,68809.16143410442,Petrol,manual,1,maruti,maruti alto
2014,416940.53290224896,17410.102815493134,Petrol,automatic,1,honda,honda amaze
2005,233587.4345166079,79577.3535967593,Petrol,manual,1,hyundai,hyundai getz
2008,109676.67733451175,35977.73419579164,Petrol,manual,1,hyundai,hyundai santro
2010,269451.5887357891,77453.73695983867,Petrol,manual,1,maruti,maruti sx4
2012,178442.45728828397,20694.994426697813,Petrol,manual,1,maruti,maruti alto
2018,609217.3019912654,21863.271756814476,Diesel,manual,1,maruti,maruti ignis
2015,210663.73702186704,64652.859541429214,Diesel,manual,1,tata,tata indigo
2016,975496.7139037836,52125.86416366592,Diesel,manual,1,mahindra,mahindra xuv500
2017,405166.0858426376,31064.08643561657,Petrol,automatic,1,maruti,maruti alto
2016,289059.8232078909,29478.490306130752,Petrol,manual,1,hyundai,hyundai eon
2013,573340.8637863789,33149.42809458474,Diesel,manual,1,maruti,maruti swift
2014,686406.5029502366,27736.85389479961,Diesel,manual,1,nissan,nissan evalia
2017,608675.981580021,29206.717381367864,Diesel,manual,1,hyundai,hyundai grand
2014,360163.856592089,35249.909816528976,Petrol,manual,1,hyundai,hyundai i10
2016,433617.3007035998,33691.308846074564,Diesel,manual,1,mahindra,mahindra kuv
2008,224264.3675997276,32473.460587892743,Petrol,manual,1,maruti,maruti wagon
2009,188301.18864637587,28159.497326978995,Petrol,manual,1,hyundai,hyundai santro
2004,86710.74427421967,92302.11901125188,Petrol,manual,1,hyundai,hyundai santro
2013,626954.9324417522,50704.35157496277,Diesel,manual,1,hyundai,hyundai verna
2014,304270.3590001728,37998.262122684064,Petrol,manual,1,maruti,maruti eeco
2013,511997.9943791366,44032.56027776304,Petrol,manual,1,honda,honda city
2014,293160.5288915873,12156.211614845048,Petrol,manual,1,hyundai,hyundai eon
2011,197480.0866071166,41830.15989831381,Diesel,manual,1,tata,tata indica
2010,253673.41354115296,121181.6743722864,Petrol,manual,1,hyundai,hyundai i20
2004,76656.02282837043,54181.6756106872,Petrol,manual,1,maruti,maruti alto
2010,208116.3925766896,48862.35805228433,Petrol,manual,1,hyundai,hyundai i10
2014,435132.81066792377,82978.86683401167,Diesel,manual,1,mahindra,mahindra scorpio
2015,303478.6927060295,21068.33012912317,Petrol,manual,1,chevrolet,chevrolet sail
2013,411839.51986498287,48793.15452212584,Petrol,manual,1,hyundai,hyundai i20
2015,799458.3603940371,50676.989161288286,Diesel,manual,1,mahindra,mahindra xuv500
2011,562065.2003809282,91081.17407485824,Diesel,manual,1,ford,ford fiesta
2011,523153.78159724624,80071.92978657597,Diesel,manual,1,ford,ford fiesta
2018,1057116.138253253,42443.68225817615,Diesel,manual,1,renault,renault captur
2014,362716.37256069545,173767.3793967141,Diesel,manual,1,mahindra,mahindra xylo
2011,338696.869666336,168661.47481353226,Diesel,manual,1,tata,tata new
2007,176608.5960181356,82665.29676944733,Petrol,manual,1,honda,honda civic
2006,48652.95807190204,140857.2287635183,Diesel,manual,1,tata,tata indica
2013,395438.2968555452,58612.54463290274,Diesel,manual,1,renault,renault duster
2011,145389.65026476412,50594.0618861083,Diesel,manual,1,tata,tata indigo
2015,784191.6524316974,73440.79679183755,Diesel,manual,1,mahindra,mahindra scorpio
2009,433379.6444792462,93900.97806415208,Diesel,manual,1,mahindra,mahindra scorpio
2012,173145.9605904869,78741.96620282349,Diesel,manual,1,maruti,maruti swift
2007,183391.11114858225,69698.39048295199,Petrol,manual,1,honda,honda accord
2006,118442.5300533476,88969.59528645752,Petrol,manual,1,hyundai,hyundai accent
2019,931510.7445848048,43272.26413982096,Diesel,manual,1,mahindra,mahindra bolero
2011,103417.10228946195,102484.0213243548,Diesel,manual,1,tata,tata indigo
2013,231671.2901315785,70269.58240362928,Petrol,manual,1,maruti,maruti wagon
2018,663937.4890965859,25236.5262148055,Diesel,manual,1,volkswagen,volkswagen ameo
2017,426131.1111573577,40954.39711211095,Petrol,manual,1,nissan,nissan micra
2019,1006482.1167186945,4371.965683467421,Petrol,manual,1,ford,ford ecosport
2012,638940.7274463255,80940.4335534,Diesel,manual,1,mahindra,mahindra xuv500
2016,935658.4702791404,67894.58302524238,Diesel,automatic,1,mahindra,mahindra xuv500
2016,1353006.9531156498,31034.219912040156,Diesel,manual,1,mahindra,mahindra xuv500
2017,643598.6597653981,20042.36721976587,Diesel,automatic,1,maruti,maruti swift
2017,647439.5710743066,29929.81139495028,Diesel,automatic,1,maruti,maruti swift
2016,566139.0499579654,53490.75890235348,Diesel,manual,1,maruti,maruti swift
2013,671468.1375206691,39926.08982723015,Diesel,manual,1,mahindra,mahindra thar
2007,180524.1890648648,64805.088694835686,Diesel,manual,1,tata,tata new
2010,329923.78322845977,63989.86079258181,Diesel,manual,1,maruti,maruti swift
2012,423930.2029970801,32154.297587232493,Diesel,manual,1,ford,ford figo
2012,456923.7767620491,74411.78506024496,Diesel,automatic,1,hyundai,hyundai verna
2011,230167.59189918864,72101.88621666048,Diesel,manual,1,ford,ford figo
2007,125446.763119251,66588.80396538798,Petrol,manual,1,maruti,maruti alto
2012,684133.0604809084,74714.47873207013,Diesel,automatic,1,renault,renault koleos
2009,158051.1743485619,48099.347554554,Lpg,manual,1,maruti,maruti wagon
2012,319298.9356618374,92354.03375941185,Diesel,manual,1,volkswagen,volkswagen polo
2005,113226.59981360346,97368.6388107166,Diesel,manual,1,ford,ford ikon
2007,762823.3509126287,102298.25837394618,Diesel,manual,1,mercedes-benz,mercedes-benz new
2004,119937.968626207,123857.45167486984,Diesel,manual,1,mahindra,mahindra bolero
2012,326909.4852502716,94824.6150969273,Petrol,manual,1,hyundai,hyundai i20
2014,768606.659489994,81180.91483328292,Diesel,manual,1,mahindra,mahindra scorpio
2017,648922.1318943884,143239.55355748488,Diesel,manual,1,maruti,maruti ertiga
2013,222804.81029691215,36083.99115987872,Petrol,manual,1,maruti,maruti alto
2012,607433.1838062995,108897.85853930432,Diesel,manual,1,maruti,maruti ertiga
2012,186049.40142114885,145681.7785757471,Diesel,manual,1,tata,tata manza
2011,214322.8445041029,52648.51445409111,Petrol,manual,1,maruti,maruti wagon
2009,64063.97636737053,68476.03756964352,Petrol,manual,1,chevrolet,chevrolet spark
2018,1043543.4015426028,66622.16807406412,Diesel,manual,1,hyundai,hyundai creta
2014,814677.8029364413,23914.589038519603,Diesel,manual,1,ford,ford fiesta
2012,662736.2093502409,107812.35896527256,Diesel,manual,1,mahindra,mahindra xuv500
2016,248499.7357956153,44829.83074125059,Petrol,manual,1,renault,renault kwid
2011,175541.25138256414,97564.48678356934,Diesel,manual,1,volkswagen,volkswagen polo
2012,257314.0807379081,105663.6802339944,Diesel,manual,1,mahindra,mahindra quanto
2013,1019903.9709294448,90028.16337036053,Diesel,manual,1,toyota,toyota innova
2009,233573.30266671767,164148.86496625995,Diesel,manual,1,maruti,maruti swift
2015,576003.8438911851,50974.79153173057,Diesel,manual,1,mahindra,mahindra scorpio
2012,36425.176922921455,31730.164837750275,Petrol,manual,1,tata,tata nano
2016,583065.5505255841,46912.36548961686,Diesel,manual,1,hyundai,hyundai creta
2012,242035.7366879552,119083.7062299893,Petrol,manual,1,maruti,maruti sx4
2017,598255.2877661904,22443.38592335754,Petrol,automatic,1,hyundai,hyundai grand
2016,715942.0185714168,7271.385216567429,Petrol,manual,1,maruti,maruti swift
2015,668859.2334348687,11108.819609500568,Petrol,manual,1,maruti,maruti ertiga
2017,566975.8219958205,9942.888408087512,Petrol,automatic,1,hyundai,hyundai grand
2016,262228.6554579301,42732.84076482928,Petrol,manual,1,chevrolet,chevrolet beat
2015,750347.4286553864,38429.51126602706,Diesel,manual,1,maruti,maruti s-cross
2012,239117.73033721783,42238.83024164047,Petrol,manual,1,hyundai,hyundai i10
2013,1246235.1288127964,47708.97972157736,Diesel,automatic,1,audi,audi a6
2005,72781.6887098844,51324.154114616416,Petrol,manual,1,hyundai,hyundai santro
2012,389986.7930470965,59957.635650625234,Diesel,manual,1,skoda,skoda laura
2015,827848.7425840172,60357.08058598897,Petrol,manual,1,hyundai,hyundai verna
2017,572860.0383974481,54829.27706697517,Diesel,manual,1,maruti,maruti swift
2014,349034.8468404045,162752.41087264402,Diesel,manual,1,chevrolet,chevrolet enjoy
2009,137354.46700444006,96302.59006582965,Petrol,manual,1,maruti,maruti alto
2008,114816.37994725922,99044.36830571374,Diesel,manual,1,tata,tata indigo
2013,191261.19456531416,64776.346990721904,Diesel,manual,1,tata,tata indica
2014,268114.82515768846,59648.32090325073,Diesel,manual,1,fiat,fiat grande
2012,453860.611708034,26527.187441190566,Diesel,manual,1,maruti,maruti swift
2016,484134.7445841436,34617.650157012366,Petrol,manual,1,maruti,maruti swift
2012,267952.81940611784,39310.31978945778,Petrol,manual,1,maruti,maruti alto
2012,252714.4017243782,64750.41389262841,Diesel,manual,1,volkswagen,volkswagen polo
2017,820952.5031126606,28719.646202483065,Diesel,manual,1,mahindra,mahindra thar
2016,929600.5248807826,84242.91018651838,Diesel,manual,1,tata,tata safari
2018,627453.4970335383,43141.70628848973,Petrol,manual,1,maruti,maruti baleno
2011,889279.7922270052,115116.55064384904,Diesel,manual,1,mitsubishi,mitsubishi pajero
2006,152246.00172260051,69901.60925205577,Petrol,manual,1,maruti,maruti alto
2006,318322.67394350644,136347.36428666016,Diesel,manual,1,mahindra,mahindra scorpio
2005,109358.0528164314,80760.54608914549,Petrol,manual,1,maruti,maruti wagon
2015,570607.937627274,65329.533920865295,Diesel,manual,1,hyundai,hyundai i20
2016,327857.8197115872,25905.92307885902,Petrol,manual,1,maruti,maruti swift
2015,217604.9225920679,32182.39001215641,Petrol,manual,1,maruti,maruti swift
2017,183858.9767144968,28221.183177447525,Petrol,manual,1,maruti,maruti alto
2018,467489.45779831865,4037.734271035847,Diesel,manual,1,mahindra,mahindra thar
2014,308025.79287512816,31376.693137178198,Petrol,manual,1,maruti,maruti ritz
2008,96648.80480403655,89304.90511709556,Diesel,manual,1,tata,tata indigo
2013,196677.8529862466,56899.31580166992,Diesel,manual,1,tata,tata indica
2012,155178.3781646022,91645.98602665337,Diesel,manual,1,tata,tata indica
2014,265269.814294933,48252.41865577985,Diesel,manual,1,fiat,fiat grande
2012,447014.8776024527,32339.45924006657,Diesel,manual,1,maruti,maruti swift
2016,466344.1131519944,41862.49088147985,Petrol,manual,1,maruti,maruti swift
2012,259431.13780771097,32575.16276454163,Petrol,manual,1,maruti,maruti alto
2012,261907.12221225924,57179.660955077794,Diesel,manual,1,volkswagen,volkswagen polo
2017,807780.2848901596,15113.963745913488,Petrol,manual,1,tata,tata nexon
2017,814963.8201545402,25200.188832738357,Diesel,manual,1,mahindra,mahindra thar
2016,904228.3401664256,72753.59551545957,Diesel,manual,1,tata,tata safari
2012,999123.2006850597,93363.22187293346,Diesel,manual,1,toyota,toyota innova
2018,635458.333164216,33084.45922577691,Petrol,manual,1,maruti,maruti baleno
2011,803421.0878293462,121300.24743047424,Diesel,manual,1,mitsubishi,mitsubishi pajero
2013,167633.3402915041,74193.76253672503,Petrol,manual,1,maruti,maruti 800
2006,173090.5784108665,57763.18030686132,Petrol,manual,1,maruti,maruti alto
2006,320808.5623254632,121893.41563203756,Diesel,manual,1,mahindra,mahindra scorpio
2015,345189.2369762481,40298.56338268713,Petrol,manual,1,datsun,datsun go
2006,84857.53204284616,35356.46211612979,Petrol,manual,1,maruti,maruti 800
2005,105206.56415308776,107230.7126593746,Petrol,manual,1,maruti,maruti wagon
2008,63657.03816883856,106268.37152545128,Petrol,manual,1,tata,tata indica
2012,307429.03224338294,85678.96338603865,Diesel,manual,1,hyundai,hyundai verna
2018,663146.8140260461,25822.012594111173,Diesel,manual,1,maruti,maruti vitara
2005,163530.32141954475,46791.67194667016,Petrol,manual,1,hyundai,hyundai santro
2013,412632.372086051,66685.92714455786,Diesel,manual,1,renault,renault fluence
2010,219310.34729980576,96185.55410558711,Diesel,manual,1,hyundai,hyundai verna
2008,105655.15119209944,106192.46047707173,Diesel,manual,1,maruti,maruti swift
2012,254942.83554575956,154497.1289246562,Diesel,manual,1,maruti,maruti swift
2017,560442.7106944403,33319.60697403459,Diesel,manual,1,ford,ford figo
2015,414618.1433801042,76568.77060724508,Diesel,manual,1,maruti,maruti swift
2015,241644.55016925948,107859.61629287004,Petrol,manual,1,datsun,datsun go
2019,703690.0024370631,4637.411942848509,Diesel,manual,1,maruti,maruti swift
2013,196613.94772630848,41939.98838240276,Petrol,manual,1,chevrolet,chevrolet beat
2016,957135.739890772,69475.92287242084,Diesel,automatic,1,hyundai,hyundai creta
2017,695239.5519814842,46893.71896559594,Diesel,automatic,1,skoda,skoda rapid
2019,743990.8587179179,24862.092770536863,Diesel,automatic,1,maruti,maruti swift
2007,105799.97180850682,110300.39511345507,Petrol,manual,1,maruti,maruti alto
2019,1014859.5336326482,35299.39310907442,Diesel,manual,1,tata,tata hexa
2016,266899.05219879607,26418.68342129667,Petrol,manual,1,renault,renault kwid
2009,146441.376336777,34371.70672179675,Diesel,manual,1,tata,tata indica
2010,182862.6898658592,44417.31721600837,Petrol,manual,1,tata,tata manza
2010,142864.46850895678,115164.28017759309,Diesel,manual,1,maruti,maruti ritz
2011,235472.8790254256,81465.75960890866,Petrol,manual,1,maruti,maruti swift
2013,357477.81284255406,52716.992004875,Petrol,manual,1,maruti,maruti swift
2006,95471.426087338,101242.73766665188,Petrol,manual,1,maruti,maruti alto
2007,192217.42780513,206094.51131759412,Diesel,manual,1,mahindra,mahindra bolero
2012,181686.0595030388,44648.33087889176,Diesel,manual,1,tata,tata indica
2019,315821.61856373964,15532.967361644543,Petrol,manual,1,renault,renault kwid
2018,782134.1702119544,45689.88542422712,Petrol,manual,1,hyundai,hyundai verna
2000,61868.1053396426,56081.8326200582,Petrol,manual,1,maruti,maruti zen
2010,86930.81391075157,59826.61569324847,Petrol,manual,1,fiat,fiat punto
2018,455201.67420027975,9015.087913068342,Petrol,manual,1,hyundai,hyundai xcent
2013,229288.01773246287,37834.34345296998,Petrol,manual,1,hyundai,hyundai eon
2010,233502.81036922932,69644.10623261443,Diesel,manual,1,tata,tata new
2005,134611.09054746386,51820.54066353734,Petrol,manual,1,maruti,maruti wagon
2002,106589.78758211884,80620.82438876992,Petrol,manual,1,maruti,maruti alto
2010,518510.27112331765,96512.8264792084,Diesel,manual,1,mahindra,mahindra scorpio
2018,344168.7980604737,28649.00999456292,Petrol,manual,1,mahindra,mahindra kuv
2010,117764.9727343964,65743.82880005192,Petrol,manual,1,maruti,maruti a-star
2006,55140.17489743588,78390.7708969769,Diesel,manual,1,tata,tata indica
2005,74561.06542619957,62675.563749142624,Petrol,manual,1,hyundai,hyundai santro
2003,58377.88929909715,40553.64237117,Petrol,manual,1,maruti,maruti 800
2008,119744.18027169256,56606.986252684095,Petrol,manual,1,maruti,maruti alto
2004,114298.52346230144,93426.0708366895,Petrol,manual,1,honda,honda city
2008,128012.04722515968,175678.26565636872,Lpg,manual,1,maruti,maruti wagon
1998,62790.98762064983,74127.93977932248,Petrol,manual,1,maruti,maruti zen
2012,138936.54675925942,80303.47660686333,Diesel,manual,1,tata,tata indigo
2019,671714.1861744474,46227.05057890842,Petrol,manual,1,maruti,maruti baleno
2016,335054.70740449923,53907.95154050781,Petrol,manual,1,honda,honda amaze
2014,313096.3796281638,13063.651567189185,Petrol,manual,1,maruti,maruti wagon
2006,61328.641764211454,114294.35068749018,Petrol,manual,1,hyundai,hyundai santro
2014,510924.5054509589,84004.1234652874,Diesel,manual,1,tata,tata safari
2014,518636.5852738352,115506.72154550986,Diesel,manual,1,maruti,maruti ertiga
2013,337905.5449641405,72238.84081524279,Diesel,manual,1,hyundai,hyundai verna
2012,153692.67775780187,137790.69797709948,Diesel,manual,1,ford,ford fiesta
2016,160030.90011856912,128528.41115851204,Petrol,manual,1,chevrolet,chevrolet beat
2018,526099.1323339293,7807.306046336718,Petrol,manual,1,maruti,maruti baleno
2018,497828.17237877,12006.833366916231,Petrol,manual,1,volkswagen,volkswagen ameo
2012,115839.3642066742,64052.77720766603,Diesel,manual,1,tata,tata indica
2008,241303.8944741281,49556.54614751924,Petrol,manual,1,hyundai,hyundai verna
2011,194891.15584694507,67083.38870524493,Diesel,manual,1,ford,ford figo
2006,143296.9125734325,36883.22552363521,Petrol,manual,1,chevrolet,chevrolet aveo
2016,529837.927322295,29572.91635845466,Petrol,manual,1,tata,tata zest
2013,414072.1449931408,73657.55202767812,Diesel,manual,1,tata,tata safari
2009,286747.7724861548,57226.66466910697,Diesel,manual,1,mahindra,mahindra bolero
2020,918696.7617501256,4384.658008920621,Diesel,manual,1,hyundai,hyundai venue
2017,723879.4668517495,28955.12076377188,Diesel,manual,1,honda,honda wr-v
2011,481242.67572721565,36605.95463219467,Diesel,manual,1,hyundai,hyundai verna
2011,239609.81186211563,50202.65261661201,Petrol,manual,1,maruti,maruti wagon
2018,741699.6880660945,45237.35285668399,Diesel,manual,1,maruti,maruti swift
2011,177002.86052513213,53344.8644670397,Petrol,manual,1,ford,ford figo
2011,192734.3658592389,118145.17879977856,Diesel,manual,1,maruti,maruti ritz
2004,296694.0384088665,129854.09149425356,Diesel,manual,1,mahindra,mahindra bolero
2019,1031608.2541372142,36717.05148784679,Diesel,manual,1,tata,tata hexa
2001,55526.86551218643,42460.912005307655,Petrol,manual,1,hyundai,hyundai santro
2017,604085.1068443339,9958.114140793292,Petrol,manual,1,hyundai,hyundai i20
2015,482545.5711826297,93000.97825806851,Diesel,manual,1,nissan,nissan terrano
2016,395980.14164880174,62240.189006068926,Petrol,manual,1,mahindra,mahindra kuv
2016,255569.0574090207,23318.053792856925,Petrol,manual,1,renault,renault kwid
2017,318683.8956809172,27305.9221389714,Petrol,manual,1,maruti,maruti wagon
2011,249392.4390053809,51132.32317428528,Petrol,manual,1,hyundai,hyundai i10
2014,200058.8874463018,23914.47302202102,Petrol,manual,1,maruti,maruti alto
2019,492609.4424741922,12343.377105484944,Petrol,manual,1,maruti,maruti ignis
2009,156244.99310930425,25577.51760401044,Diesel,manual,1,tata,tata indica
2010,176828.97331647648,51466.1234726973,Petrol,manual,1,chevrolet,chevrolet spark
2009,180066.38036693636,47092.93615587411,Petrol,manual,1,chevrolet,chevrolet spark
2010,206354.2899500666,53672.169601724185,Petrol,manual,1,tata,tata manza
2018,864050.0035443718,46587.90487375994,Diesel,manual,1,hyundai,hyundai creta
2017,1107834.2162533444,46188.03955735765,Diesel,automatic,1,tata,tata hexa
2008,363429.1553444368,28786.88181495761,Petrol,manual,1,toyota,toyota corolla
2010,145872.4498923937,80586.42153216896,Diesel,manual,1,maruti,maruti ritz
2014,187511.32174918355,92257.84767655592,Diesel,manual,1,tata,tata manza
2016,272283.9250774467,45629.08823596502,Diesel,manual,1,maruti,maruti swift
2007,74202.08464513838,67528.6170453531,Petrol,manual,1,maruti,maruti wagon
2014,161621.52364008935,67038.19162076605,Petrol,manual,1,chevrolet,chevrolet beat
2011,161816.4569628134,64684.95821562706,Petrol,manual,1,hyundai,hyundai accent
2010,111997.117052972,63554.01153540109,Petrol,manual,1,tata,tata manza
2016,429259.53869967087,77706.74921152367,Diesel,manual,1,ford,ford figo
2013,251514.0723678165,99417.1433967256,Lpg,manual,1,hyundai,hyundai i10
2013,806859.5264726327,209209.9095414836,Diesel,manual,1,toyota,toyota innova
2014,523689.4212272464,87544.48172672628,Diesel,manual,1,mahindra,mahindra scorpio
2007,124772.28767180142,88993.36085187669,Petrol,manual,1,maruti,maruti alto
2010,139934.47343513343,75934.22893903255,Petrol,manual,1,chevrolet,chevrolet beat
2012,359125.8885431585,140859.5051791693,Diesel,manual,1,mahindra,mahindra scorpio
2014,487123.10943313566,77072.68322318805,Diesel,manual,1,maruti,maruti swift
2018,290114.9022465333,33628.32004437342,Petrol,manual,1,maruti,maruti alto
2008,100544.34502492112,63478.53757550322,Petrol,manual,1,maruti,maruti alto
2018,925221.1559597722,42962.75785495634,Diesel,manual,1,maruti,maruti s-cross
2019,685105.1044351152,20520.718800977786,Diesel,manual,1,ford,ford freestyle
2013,195175.8643216543,108088.21805856732,Diesel,manual,1,ford,ford figo
2009,146036.02415712355,56112.39500813034,Petrol,manual,1,maruti,maruti wagon
2009,113602.6479229882,121582.94701894544,Petrol,manual,1,hyundai,hyundai accent
2010,315660.6978749772,118630.16701697194,Petrol,manual,1,toyota,toyota innova
2019,328779.8253166211,113382.80225431576,Cng,manual,1,maruti,maruti alto
2016,261737.336086004,130796.19084507014,Petrol,manual,1,maruti,maruti ritz
2010,143993.745839948,129191.78558842228,Petrol,manual,1,chevrolet,chevrolet aveo
2020,910490.0043932884,8333.736557095981,Petrol,manual,1,tata,tata altroz
2013,342344.1079519355,43303.17648686165,Petrol,manual,1,volkswagen,volkswagen polo
2010,164800.99778521416,79884.85213396295,Petrol,manual,1,hyundai,hyundai i10
2008,45808.2148696729,56426.97162918739,Petrol,manual,1,chevrolet,chevrolet spark
2008,161756.0877300591,82055.36347001251,Diesel,manual,1,mahindra,mahindra bolero
2008,147528.79844814556,102252.74887919512,Diesel,manual,1,mahindra,mahindra bolero
2010,302028.2491782915,89212.79880243973,Petrol,manual,1,skoda,skoda superb
2018,273247.9774681488,15641.58152508002,Petrol,manual,1,maruti,maruti alto
2016,350720.5688793075,44173.91813367312,Diesel,manual,1,tata,tata tiago
2010,215175.0635031643,46240.09183514423,Petrol,manual,1,maruti,maruti wagon
2016,381208.5187689171,44131.47177527836,Diesel,manual,1,tata,tata tiago
2015,253465.24651496997,29010.847214770747,Petrol,manual,1,maruti,maruti alto
2002,64421.65293264094,135063.19064903934,Petrol,manual,1,hyundai,hyundai santro
2016,393197.4170610671,37832.31815861769,Diesel,manual,1,tata,tata tiago
2008,174887.4016269395,135678.63812427103,Diesel,manual,1,skoda,skoda laura
2017,758054.1765828322,64933.39782072404,Diesel,manual,1,maruti,maruti ciaz
2015,1200453.9872719422,61990.18322614073,Diesel,automatic,1,mahindra,mahindra xuv500
2014,251741.4932426238,65213.279346656775,Petrol,manual,1,hyundai,hyundai eon
2019,1256437.3256466433,28210.715360200225,Diesel,manual,1,tata,tata safari
2014,849859.5938156685,61407.13318864217,Diesel,manual,1,mahindra,mahindra scorpio
2014,776478.681588737,53352.16758727757,Diesel,manual,1,mahindra,mahindra scorpio
2016,242818.47037597813,64773.98200947292,Petrol,manual,1,maruti,maruti alto
2011,292475.61899305385,87844.35132541847,Diesel,manual,1,hyundai,hyundai i20
2017,558655.8651590373,37888.8921494398,Diesel,manual,1,hyundai,hyundai grand
2015,109332.32992720684,39362.063817326925,Petrol,manual,1,tata,tata nano
2013,405402.4348580699,79709.87634582624,Diesel,manual,1,volkswagen,volkswagen polo
2013,394652.3285836213,89011.00200834249,Petrol,manual,1,maruti,maruti swift
2007,165900.0040152296,77170.47348027535,Diesel,manual,1,hyundai,hyundai verna
1998,916288.5184868382,36053.9723069979,Petrol,automatic,1,mercedes-benz,mercedes-benz e-class
2013,99390.90991178056,22700.132973421045,Petrol,manual,1,maruti,maruti alto
2014,313634.07495324285,84916.03266151714,Diesel,manual,1,tata,tata xenon
2013,88253.37577806514,28365.425506870284,Petrol,manual,1,maruti,maruti alto
2013,335942.5957758158,131496.2610546154,Diesel,manual,1,hyundai,hyundai verna
2013,181557.4217134974,40646.33109491235,Petrol,manual,1,maruti,maruti omni
2019,299530.4678951795,10500.275318231656,Petrol,manual,1,maruti,maruti alto
2019,387940.0397884605,11302.98720571186,Petrol,manual,1,renault,renault kwid
2012,209574.60086927668,80570.65513246393,Petrol,manual,1,hyundai,hyundai eon
2009,158169.75309728173,98685.06879621778,Diesel,manual,1,ford,ford fiesta
2003,57313.39834621923,4265.898813283459,Petrol,manual,1,maruti,maruti alto
2006,53980.303477680696,101768.50592156604,Petrol,manual,1,maruti,maruti alto
2009,79919.70548587851,85901.97498384245,Lpg,manual,1,maruti,maruti omni
2012,137089.27804062425,69907.82865585975,Petrol,manual,1,maruti,maruti alto
2008,118674.46894171966,81769.34488282316,Petrol,manual,1,hyundai,hyundai verna
2006,115642.56368959228,129936.81836752324,Diesel,manual,1,ford,ford fiesta
2012,256391.8028686293,128872.87046790142,Diesel,manual,1,tata,tata new
2016,488678.8175873739,52371.67292374216,Diesel,manual,1,toyota,toyota etios
2018,1234666.9223684531,49717.90495952358,Diesel,manual,1,mahindra,mahindra xuv500
2018,587891.3354633709,16564.534540761277,Diesel,manual,1,maruti,maruti baleno
2015,271274.0653472188,64346.3464412234,Petrol,manual,1,tata,tata zest
2015,75760.54152068512,60228.49874701739,Petrol,manual,1,tata,tata nano
2015,432322.2435744166,88758.69892536124,Diesel,manual,1,maruti,maruti swift
2017,298767.10264229897,74588.06709271364,Petrol,manual,1,renault,renault kwid
2012,321711.22787541687,31725.291339186133,Petrol,automatic,1,maruti,maruti wagon
2012,435090.27241969167,93992.0255925684,Diesel,manual,1,maruti,maruti swift
2009,189998.51133228664,115939.32720251044,Petrol,manual,1,hyundai,hyundai santro
2019,637073.4994585349,40513.45737070403,Petrol,manual,1,maruti,maruti swift
2017,531762.4952206144,3879.258186549679,Petrol,manual,1,hyundai,hyundai grand
2007,203620.69912250413,167349.79677537738,Diesel,manual,1,mahindra,mahindra scorpio
2017,432317.8777443777,33894.321080554684,Diesel,manual,1,tata,tata tiago
2014,221391.44742627267,60817.66755829428,Petrol,manual,1,chevrolet,chevrolet spark
2012,339139.279816779,64480.17315211614,Petrol,manual,1,maruti,maruti sx4
2019,597561.0561489391,16106.47571234895,Petrol,manual,1,hyundai,hyundai elite
2014,292663.0327916851,48559.811675337216,Petrol,manual,1,maruti,maruti wagon
2013,216815.0878989525,72756.12068795325,Petrol,manual,1,hyundai,hyundai accent
2012,302713.27374154434,45488.796505629776,Petrol,manual,1,honda,honda brio
2014,320894.5014185926,39498.33741036897,Petrol,manual,1,honda,honda brio
2011,380098.208026813,49985.24779103879,Petrol,manual,1,hyundai,hyundai verna
2013,386880.32059082994,35160.26035964465,Petrol,manual,1,hyundai,hyundai i20
2009,234642.6305034848,72149.80469642488,Petrol,manual,1,hyundai,hyundai i10
2013,350770.43214049994,78276.21274246402,Petrol,automatic,1,hyundai,hyundai i10
2013,380291.4801196985,73455.02796794036,Diesel,manual,1,mahindra,mahindra quanto
2014,386824.3892297365,46414.73503405464,Petrol,manual,1,hyundai,hyundai grand
2015,262596.49300921045,28146.253212732787,Petrol,manual,1,hyundai,hyundai eon
2012,421519.2503969105,61134.27690853704,Diesel,automatic,1,hyundai,hyundai verna
2017,309365.47264121304,8977.980120882852,Petrol,manual,1,renault,renault kwid
2018,714829.2875067028,24706.73131984291,Petrol,manual,1,maruti,maruti swift
2016,332330.5716117373,26270.11959036404,Cng,manual,1,maruti,maruti wagon
2015,466203.81289236026,59382.68314217533,Petrol,automatic,1,hyundai,hyundai i10
2015,462749.6295056636,68933.36459352468,Petrol,automatic,1,hyundai,hyundai grand
2008,279625.05345304223,63362.17801636361,Diesel,manual,1,maruti,maruti swift
2012,271862.9305029906,72904.35668088138,Petrol,manual,1,maruti,maruti omni
1999,63065.18059389093,101221.65197141549,Petrol,manual,1,hyundai,hyundai accent
2005,64712.48107500088,89132.35120821159,Petrol,manual,1,hyundai,hyundai getz
2016,252044.25890203824,33309.203808417966,Petrol,manual,1,chevrolet,chevrolet sail
2016,233938.41458826623,88630.7897627609,Petrol,manual,1,hyundai,hyundai eon
2011,187504.75030210585,104942.86019474785,Diesel,manual,1,chevrolet,chevrolet optra
2016,260120.2713832664,21031.737936345373,Petrol,manual,1,datsun,datsun redigo
2017,601459.101349673,144161.2905490891,Diesel,manual,1,honda,honda wr-v
2014,398451.5103360748,88137.52661556845,Diesel,manual,1,hyundai,hyundai i20
2016,500083.5810845632,44827.1721858278,Diesel,manual,1,maruti,maruti swift
2011,264743.9422535002,30710.09480958968,Petrol,manual,1,maruti,maruti zen
2010,173462.71440538866,38926.89414523726,Petrol,manual,1,maruti,maruti a-star
2018,326812.1675010123,11897.130499326042,Petrol,manual,1,renault,renault kwid
2013,380689.02803295705,91235.8047696989,Diesel,manual,1,mahindra,mahindra bolero
2010,203281.43098100464,67085.5334312297,Petrol,manual,1,hyundai,hyundai i10
2006,97592.95356100384,130066.53557031164,Petrol,manual,1,hyundai,hyundai santro
2010,232244.87577371675,56199.645484967215,Petrol,manual,1,maruti,maruti wagon
2015,260058.90107885623,48920.341427382096,Petrol,manual,1,maruti,maruti alto
2013,474627.8310877834,70434.30324572122,Diesel,manual,1,toyota,toyota etios
2017,639053.3024849563,5383.732250272714,Petrol,manual,1,ford,ford ecosport
2010,214665.4119459034,92470.59340502598,Diesel,manual,1,hyundai,hyundai verna
2011,218833.28600653555,63637.844476529644,Diesel,manual,1,hyundai,hyundai verna
2011,80733.60677872505,9569.201324624772,Petrol,manual,1,tata,tata nano
2011,444095.4383244495,146170.44346567444,Diesel,manual,1,toyota,toyota innova
2011,228291.04378502868,57773.376803619285,Petrol,manual,1,hyundai,hyundai i20
2013,296221.98198754335,79845.68231530408,Diesel,manual,1,hyundai,hyundai i20
2018,465920.40693850897,37555.01526135117,Petrol,manual,1,tata,tata zest
2017,818428.680084046,35111.7700541716,Diesel,manual,1,ford,ford ecosport
2007,113559.98419300758,83986.21442304725,Petrol,manual,1,hyundai,hyundai accent
2015,462478.7520268672,113369.42820473666,Diesel,manual,1,mahindra,mahindra xylo
2011,442060.01971317024,99028.66174202012,Diesel,manual,1,mahindra,mahindra scorpio
2009,172802.5007882021,87176.0046669474,Diesel,manual,1,maruti,maruti ritz
2006,228840.4243488786,113659.23917068834,Petrol,manual,1,honda,honda civic
2017,218568.508512346,40610.14198873109,Petrol,manual,1,maruti,maruti omni
2014,574400.2479232313,78614.55582262059,Diesel,manual,1,mahindra,mahindra xuv500
2018,638629.8473080993,15118.176057392126,Diesel,manual,1,ford,ford ecosport
2012,124639.55583553162,47283.28472015195,Diesel,manual,1,chevrolet,chevrolet beat
2013,161276.62349214294,52812.09328785409,Diesel,manual,1,tata,tata indigo
2011,135277.2064696968,62085.26237126403,Diesel,manual,1,tata,tata indigo
2011,204249.05363776695,71941.41114517047,Diesel,manual,1,tata,tata indica
2020,529211.3671006585,94672.443771881,Diesel,manual,1,maruti,maruti ertiga
2018,1407252.3466473815,46466.50374767212,Diesel,manual,1,isuzu,isuzu d-max
2010,368010.0513531237,79800.64141168346,Petrol,manual,1,skoda,skoda superb
2019,1424197.163249093,15576.66381642028,Diesel,manual,1,nissan,nissan kicks
2015,204948.85227743065,43952.83260800787,Petrol,manual,1,maruti,maruti swift
2011,317534.2405480528,121165.34054366844,Diesel,manual,1,maruti,maruti swift
2018,644581.8546338138,69072.34671930813,Diesel,manual,1,mahindra,mahindra bolero
2014,184000.100617808,43674.3777996651,Petrol,manual,1,maruti,maruti alto
2017,533356.4470472129,87812.5947428574,Diesel,manual,1,volkswagen,volkswagen ameo
2016,364918.63353524107,87610.19072374549,Diesel,manual,1,maruti,maruti ritz
2013,352592.1144543078,148801.70627728035,Diesel,manual,1,mahindra,mahindra xylo
2012,416824.71944055206,176918.40774114744,Diesel,manual,1,renault,renault duster
2005,141338.72448284563,90921.0862400762,Cng,manual,1,hyundai,hyundai santro
2015,309603.0526792812,71272.06362809023,Diesel,manual,1,maruti,maruti swift
2014,545797.9018851725,78154.89292025627,Diesel,manual,1,mahindra,mahindra xuv500
2015,376534.7128135856,51603.25098264656,Petrol,manual,1,maruti,maruti wagon
2010,121665.74326968216,80423.96116951048,Petrol,manual,1,chevrolet,chevrolet beat
2006,166307.62071738686,178115.9085520151,Diesel,manual,1,hyundai,hyundai tucson
2008,72748.72046539317,132613.5367291805,Diesel,manual,1,tata,tata indigo
2019,892721.3506535668,16801.912149694082,Diesel,manual,1,ford,ford ecosport
2014,462544.901253166,156235.1664740657,Diesel,manual,1,maruti,maruti swift
2015,461155.6764056255,70037.70768465273,Diesel,manual,1,hyundai,hyundai i20
2005,72161.1683447528,151166.83318660135,Petrol,manual,1,hyundai,hyundai santro
2013,354073.61364644143,124916.87236410636,Diesel,manual,1,honda,honda amaze
2012,303867.1014979779,95723.98509296226,Petrol,manual,1,hyundai,hyundai i20
2010,127921.98953988834,85850.12300612227,Petrol,manual,1,hyundai,hyundai santro
2013,430030.0212370705,92239.22362671312,Diesel,manual,1,hyundai,hyundai verna
2014,375937.20454459125,105428.42645612956,Diesel,manual,1,maruti,maruti swift
2012,226526.54554942605,110876.2246213059,Diesel,manual,1,nissan,nissan micra
2010,338090.53058508487,161936.5848151746,Diesel,automatic,1,mahindra,mahindra scorpio
2009,106082.83371429372,58438.60121577941,Diesel,manual,1,tata,tata sumo
2014,175772.2068956676,40789.20280388213,Petrol,manual,1,hyundai,hyundai eon
2014,327021.2591385971,108238.8205040652,Diesel,manual,1,hyundai,hyundai i20
2015,296212.39693182294,55220.10380455739,Diesel,manual,1,hyundai,hyundai grand
2016,297142.1978657152,34704.774997379085,Petrol,manual,1,renault,renault kwid
2015,283077.99650822073,17020.860361661944,Petrol,manual,1,hyundai,hyundai eon
2018,1453883.495721661,13258.533077475173,Petrol,automatic,1,hyundai,hyundai creta
2017,1091565.6919557408,10848.435932475944,Petrol,automatic,1,hyundai,hyundai verna
2016,678784.4052806074,8143.226863562871,Petrol,manual,1,maruti,maruti swift
2015,817932.9314304922,39396.59205646594,Diesel,manual,1,maruti,maruti s-cross
2015,790126.4838590728,61668.3783088844,Petrol,manual,1,hyundai,hyundai verna
2017,837415.1685454001,23796.22934364589,Petrol,automatic,1,volkswagen,volkswagen polo
2015,421561.1317570741,50114.11122978554,Diesel,manual,1,renault,renault pulse
2016,411390.3451464603,46498.74463811981,Petrol,automatic,1,maruti,maruti celerio
2014,454444.915210151,26673.006854007483,Petrol,manual,1,honda,honda brio
2016,782223.522832452,57063.56265183012,Diesel,manual,1,maruti,maruti baleno
2015,1045887.8316018042,44903.49101556433,Diesel,automatic,1,hyundai,hyundai creta
2015,819613.1224788054,66680.46872742231,Petrol,manual,1,honda,honda city
2019,679665.63760616,3297.240627885509,Petrol,automatic,1,hyundai,hyundai elite
2018,564871.002428509,9327.887711951847,Petrol,manual,1,tata,tata tiago
2017,379138.4107347624,56231.19232725886,Petrol,manual,1,maruti,maruti celerio
2001,82857.41225700834,81389.63906275497,Petrol,manual,1,maruti,maruti omni
2004,143375.5471189256,77391.64619873579,Petrol,manual,1,opelcorsa,opelcorsa 1.6gls
2014,192384.92660816468,62747.21063227044,Petrol,manual,1,hyundai,hyundai eon
2014,366213.2139376721,112996.83572185277,Diesel,manual,1,chevrolet,chevrolet tavera
2009,389260.5763538184,152773.4401830305,Diesel,automatic,1,mahindra,mahindra scorpio
2003,85797.32853317028,128994.48632809156,Petrol,manual,1,hyundai,hyundai santro
2016,382997.368187461,72817.46325375087,Petrol,manual,1,honda,honda brio
2015,415277.2538920186,20305.139653103248,Petrol,manual,1,datsun,datsun go
2009,142740.899086882,91147.16723649496,Petrol,manual,1,hyundai,hyundai i10
2012,213812.6604446956,73598.79893428402,Petrol,manual,1,maruti,maruti wagon
2011,146188.26778677743,161944.30356226073,Petrol,manual,1,hyundai,hyundai santro
2012,149851.87339524346,85441.73837357099,Diesel,manual,1,tata,tata indica
2006,89204.77676800085,46997.44477432023,Petrol,manual,1,maruti,maruti 800
2007,306459.21912571235,116630.63142474204,Diesel,manual,1,mahindra,mahindra bolero
2017,265008.7101902068,56167.46169958722,Petrol,manual,1,renault,renault kwid
2011,208456.67110746927,39774.68873810697,Petrol,manual,1,maruti,maruti alto
2009,110587.851539615,34819.830672163764,Petrol,manual,1,chevrolet,chevrolet aveo
2008,144322.72285654303,100337.37052038916,Petrol,manual,1,hyundai,hyundai i10
2020,1070793.0839997756,8931.716676254611,Diesel,manual,1,hyundai,hyundai creta
2018,1261977.4112117745,17608.898814317192,Petrol,manual,1,honda,honda city
2016,852055.2020778941,50308.08251669768,Diesel,manual,1,honda,honda br-v
2010,170859.67547635728,95633.51147269573,Diesel,manual,1,ford,ford figo
2004,106382.34326664257,70308.0037840759,Petrol,manual,1,maruti,maruti zen
2014,1316245.2050468477,115865.64138064237,Diesel,automatic,1,skoda,skoda octavia
2018,320846.19471387746,9554.66575248638,Petrol,manual,1,renault,renault kwid
2004,72767.2438830999,102315.65902180196,Petrol,manual,1,maruti,maruti wagon
2012,169440.20532344037,124018.12667389611,Diesel,manual,1,chevrolet,chevrolet beat
2012,158245.5272990342,41563.15033504183,Diesel,manual,1,chevrolet,chevrolet beat
2013,220116.46403680253,75338.59113687587,Diesel,manual,1,chevrolet,chevrolet sail
2018,744423.8758937956,17501.316113479657,Diesel,manual,1,honda,honda jazz
2002,133572.26588244765,99180.0513655876,Petrol,manual,1,honda,honda city
2018,1249737.0630188324,34590.97060294615,Petrol,manual,1,honda,honda city
2018,983304.2269723348,16796.341297956173,Diesel,manual,1,ford,ford ecosport
2016,220455.44625963856,34022.82953710475,Petrol,manual,1,hyundai,hyundai eon
2008,118815.4084556554,144566.62279503196,Diesel,manual,1,hyundai,hyundai getz
2011,162510.53743645764,60042.43545200347,Petrol,manual,1,maruti,maruti swift
2018,987216.777345268,14231.866989749344,Diesel,automatic,1,maruti,maruti vitara
2017,585835.7442579403,36462.96268277194,Diesel,manual,1,renault,renault lodgy
2019,539509.2314993138,47444.2399797253,Petrol,manual,1,maruti,maruti swift
2008,83965.30771743531,101832.95572223466,Petrol,manual,1,maruti,maruti alto
2019,340309.56927937974,49202.87368478682,Petrol,manual,1,maruti,maruti celerio
2017,763759.5746668819,16117.170638709722,Diesel,manual,1,renault,renault captur
2016,536514.165214391,34127.888840170526,Petrol,manual,1,toyota,toyota etios
2016,513644.4362442793,54071.45403549257,Diesel,manual,1,hyundai,hyundai creta
2012,228703.4659979932,130733.88530440551,Petrol,manual,1,maruti,maruti sx4
2017,581887.4139697726,22390.596715830798,Petrol,automatic,1,hyundai,hyundai grand
2016,646841.0405214884,7772.252187521386,Petrol,manual,1,maruti,maruti swift
2015,663331.1015109189,13263.582162942255,Petrol,manual,1,maruti,maruti ertiga
2017,561293.6911308189,10206.442439487177,Petrol,automatic,1,hyundai,hyundai grand
2016,224053.81986754705,41852.67393899221,Petrol,manual,1,chevrolet,chevrolet beat
2015,779012.2419856868,37607.465744581896,Diesel,manual,1,maruti,maruti s-cross
2012,211041.43540256977,53866.404370498414,Petrol,manual,1,hyundai,hyundai i10
2013,1419590.1851977515,64947.26847872215,Diesel,automatic,1,audi,audi a6
2005,81447.44675256993,50464.97614926775,Petrol,manual,1,hyundai,hyundai santro
2012,351114.4223819411,57834.82148370653,Diesel,manual,1,skoda,skoda laura
2015,803540.3542970319,62315.7892004059,Petrol,manual,1,hyundai,hyundai verna
2017,568332.3789873457,40566.750368695975,Diesel,manual,1,maruti,maruti swift
2016,586912.4784574454,42609.93762258323,Diesel,manual,1,hyundai,hyundai creta
2012,233917.68488382985,126257.53568332717,Petrol,manual,1,maruti,maruti sx4
2017,593241.3698583056,22263.109668773093,Petrol,automatic,1,hyundai,hyundai grand
2016,661807.1751648767,5742.409206858288,Petrol,manual,1,maruti,maruti swift
2015,647657.9329337103,12491.192563200198,Petrol,manual,1,maruti,maruti ertiga
2017,536246.984814959,8570.225044887897,Petrol,automatic,1,hyundai,hyundai grand
2016,242114.67704425377,34590.95165345731,Petrol,manual,1,chevrolet,chevrolet beat
2015,749713.6246822155,37719.327840588885,Diesel,manual,1,maruti,maruti s-cross
2012,248614.7136860872,44250.218059339786,Petrol,manual,1,hyundai,hyundai i10
2013,1415717.9606264196,47800.874049594815,Diesel,automatic,1,audi,audi a6
2005,74327.51078524871,58189.2383759502,Petrol,manual,1,hyundai,hyundai santro
2012,415051.7388359633,59092.481815047584,Diesel,manual,1,skoda,skoda laura
2015,735888.2968414063,64552.43361187868,Petrol,manual,1,hyundai,hyundai verna
2017,593850.189375444,37944.81333650914,Diesel,manual,1,maruti,maruti swift
2017,659581.089509787,70015.05297042013,Diesel,manual,1,maruti,maruti baleno
2011,152637.113762005,63898.94569483152,Petrol,manual,1,chevrolet,chevrolet spark
2011,155959.3248474478,71060.11524502281,Petrol,manual,1,maruti,maruti alto
2018,487627.0582871994,11900.025964440016,Petrol,manual,1,datsun,datsun go
2006,175315.74400511786,209530.69457196948,Diesel,manual,1,hyundai,hyundai accent
2017,431526.23069947056,70795.98707028125,Petrol,manual,1,renault,renault kwid
2016,287253.70099117694,24701.55436649232,Petrol,manual,1,tata,tata tiago
2012,226185.10747000063,8197.781670756283,Petrol,manual,1,maruti,maruti alto
2019,461764.8734991928,9959.697596341652,Petrol,manual,1,tata,tata tigor
2002,83526.6236833192,81690.10463260039,Diesel,manual,1,hyundai,hyundai accent
2012,301238.0414349971,127609.13135295684,Diesel,manual,1,nissan,nissan sunny
2005,85703.63814331927,63863.74565349056,Petrol,manual,1,hyundai,hyundai santro
2015,739228.6602259404,42128.00124674099,Diesel,automatic,1,mahindra,mahindra xuv500
2005,75986.38037432166,64991.534707797546,Petrol,manual,1,hyundai,hyundai santro
2019,510136.1555652826,4083.0969867872254,Petrol,automatic,1,hyundai,hyundai santro
2013,171629.82495263944,24916.49637857013,Petrol,manual,1,nissan,nissan micra
2008,131198.90019202337,58600.990077007125,Petrol,automatic,1,honda,honda city
2011,1066372.237705914,55101.40482486042,Diesel,automatic,1,mercedes-benz,mercedes-benz e-class
2005,52719.58924732069,25564.47215230628,Petrol,manual,1,maruti,maruti alto
2006,1136695.2949792512,28048.736444209997,Diesel,automatic,1,bmw,bmw 7
2010,182403.11710990293,44155.179736039296,Petrol,manual,1,hyundai,hyundai verna
2011,234858.65843259363,50716.2913652054,Petrol,manual,1,hyundai,hyundai i10
2017,333585.7557369712,10829.362247707895,Petrol,manual,1,datsun,datsun go
2015,461642.9760498592,45949.05398652507,Diesel,manual,1,renault,renault duster
2014,494197.1313558108,41178.3647994972,Diesel,manual,1,honda,honda city
2015,847153.3865766384,53062.62643683984,Diesel,manual,1,volkswagen,volkswagen jetta
2019,880141.0375218802,16672.319511670303,Diesel,manual,1,mahindra,mahindra marazzo
2014,482447.4442360425,82362.32419779908,Diesel,manual,1,ford,ford ecosport
2009,142486.22339618023,101567.2226328606,Petrol,manual,1,chevrolet,chevrolet spark
2019,450770.39421867527,3112.8688877081563,Petrol,manual,1,maruti,maruti celerio
2010,107650.19729915926,86401.81237623455,Diesel,manual,1,tata,tata indica
2015,676680.5623170623,84829.73848060025,Diesel,manual,1,ford,ford ecosport
2011,91864.4231287224,62283.6586879199,Diesel,manual,1,tata,tata indica
2017,248817.3335088377,20426.67755769288,Petrol,manual,1,hyundai,hyundai eon
2014,285496.68117959826,126185.91552609947,Diesel,manual,1,maruti,maruti swift
2014,286606.2662653456,27078.93049919227,Petrol,manual,1,maruti,maruti wagon
2017,635347.2767313909,48103.35219744835,Petrol,manual,1,honda,honda brv
2016,262647.58639857493,64830.20430274323,Petrol,manual,1,renault,renault kwid
2016,251693.82461196952,71276.1454930237,Petrol,manual,1,renault,renault kwid
2014,1103765.061133759,151280.641611274,Diesel,automatic,1,skoda,skoda octavia
2012,162407.018861006,46651.08875596074,Diesel,manual,1,chevrolet,chevrolet beat
2018,735933.0738634749,18244.998493753068,Diesel,manual,1,honda,honda jazz
2018,1248908.300368195,29167.065456084496,Petrol,manual,1,honda,honda city
2011,186484.82212085804,61694.711331611696,Petrol,manual,1,maruti,maruti swift
2018,930389.9768516156,15154.365215290913,Diesel,automatic,1,maruti,maruti vitara
2019,321005.0413438808,53682.56386602938,Petrol,manual,1,maruti,maruti celerio
2017,750831.5781735275,11883.153348600015,Diesel,manual,1,renault,renault captur
2018,800428.3402613071,26056.50394036243,Diesel,manual,1,honda,honda amaze
2010,335875.9577214243,66168.47405532905,Petrol,automatic,1,toyota,toyota corolla
2018,654819.444153582,41208.455658817016,Petrol,manual,1,honda,honda amaze
2016,249746.3335706774,48836.98818069704,Petrol,manual,1,maruti,maruti alto
2018,826279.4003465548,49533.46838999918,Diesel,manual,1,honda,honda amaze
2018,721118.7495361386,52174.14700548299,Petrol,manual,1,honda,honda amaze
2017,530729.5534295256,17778.322448840358,Petrol,manual,1,hyundai,hyundai grand
2016,457528.4734799049,20897.30802975865,Petrol,manual,1,mahindra,mahindra kuv
2008,147879.54401423107,133878.552120278,Petrol,manual,1,maruti,maruti zen
2019,1034759.5709100676,32583.20017762684,Diesel,manual,1,maruti,maruti ertiga
2015,751565.5885738399,40617.291367800106,Diesel,manual,1,renault,renault lodgy
2013,383247.7599116412,79027.91360357798,Petrol,manual,1,maruti,maruti swift
2007,181843.65240236465,93543.51131467414,Diesel,manual,1,hyundai,hyundai verna
1998,1061163.851441512,37197.15269567114,Petrol,automatic,1,mercedes-benz,mercedes-benz e-class
2013,99858.82610306858,24953.13609010409,Petrol,manual,1,maruti,maruti alto
2014,285383.36463405885,102867.967451376,Diesel,manual,1,tata,tata xenon
2013,86777.2294639293,29520.374840480086,Petrol,manual,1,maruti,maruti alto
2016,316152.0524038784,20449.64636331848,Petrol,manual,1,renault,renault kwid
1998,71371.18047371412,66526.12403824185,Petrol,manual,1,maruti,maruti omni
2015,637367.8421425648,49899.873527895616,Diesel,manual,1,maruti,maruti swift
2014,376674.2492489405,39953.60654579034,Petrol,manual,1,maruti,maruti wagon
2005,72436.46311629975,72519.01146400353,Petrol,manual,1,maruti,maruti wagon
2012,406630.7402706913,63298.55214491104,Diesel,manual,1,hyundai,hyundai i20
2013,285298.83058564074,69666.16937041219,Petrol,manual,1,hyundai,hyundai santro
2014,1088034.2780404738,108961.55782729531,Diesel,manual,1,toyota,toyota innova
2015,229932.74799019704,61138.00689466776,Petrol,manual,1,maruti,maruti omni
2013,1051793.2295331513,40388.44561332803,Petrol,automatic,1,mercedes-benz,mercedes-benz b
2015,1135515.6718461146,70403.60651794053,Diesel,manual,1,mahindra,mahindra xuv500
2010,270066.2086056905,133045.1174523452,Diesel,manual,1,skoda,skoda fabia
2012,380822.5105887598,150009.15930837835,Diesel,manual,1,toyota,toyota etios
2015,455770.5583029488,60042.97851999419,Diesel,manual,1,toyota,toyota etios
2012,368602.6557075839,158716.06283147357,Diesel,manual,1,toyota,toyota etios
2013,473360.8144316483,129873.38310341086,Diesel,manual,1,mahindra,mahindra scorpio
2017,649232.8665955793,24640.764689311472,Petrol,manual,1,hyundai,hyundai grand
2019,1397089.1551229053,10275.176039850632,Diesel,manual,1,hyundai,hyundai verna
2019,1343150.949251213,4786.056789984442,Diesel,manual,1,volkswagen,volkswagen vento
2018,491831.59745514696,14592.919339352318,Petrol,manual,1,hyundai,hyundai santro
2019,816488.4639062656,10410.585217121794,Diesel,manual,1,ford,ford figo
2012,333636.33802872046,47627.041579823,Diesel,manual,1,renault,renault pulse
2018,1009526.847876854,18630.50261582269,Petrol,manual,1,maruti,maruti ciaz
2017,895468.2984019793,25959.5447042939,Petrol,manual,1,nissan,nissan terrano
2018,968588.5277334718,22073.835893580657,Petrol,manual,1,maruti,maruti ciaz
2013,297080.9058103711,66117.76658043425,Diesel,manual,1,tata,tata manza
2008,637058.3818166303,74446.51644460432,Petrol,manual,1,toyota,toyota camry
2010,160471.72747191362,71036.1392391557,Petrol,manual,1,maruti,maruti alto
2015,299214.7746803325,68074.3048180347,Diesel,manual,1,maruti,maruti sx4
2017,573338.8453221219,74642.00827280377,Diesel,manual,1,renault,renault duster
2018,732169.517632062,24513.040169289365,Petrol,manual,1,maruti,maruti swift
2003,89756.30382453324,99660.62777010573,Petrol,automatic,1,toyota,toyota corolla
2019,471969.6786568819,16035.45735441357,Petrol,manual,1,maruti,maruti celerio
2013,376972.8784401294,84842.09472413597,Diesel,manual,1,tata,tata safari
2018,546376.1805644342,26589.745655655774,Petrol,manual,1,hyundai,hyundai grand
2013,221301.416012746,53117.387744842985,Petrol,manual,1,maruti,maruti alto
2018,586922.0987613053,11284.542916525512,Petrol,manual,1,tata,tata nexon
2018,312259.72606444627,41231.047351967856,Petrol,manual,1,maruti,maruti alto
2010,236321.5306091886,40159.018679240646,Lpg,manual,1,maruti,maruti wagon
2015,714284.1408790201,44372.62575400947,Diesel,manual,1,maruti,maruti ertiga
2018,279373.4319045989,16393.774455806277,Petrol,manual,1,maruti,maruti omni
2017,800374.2124116517,65683.8803110367,Diesel,manual,1,mahindra,mahindra bolero
2017,446355.3512118685,90044.24089401892,Petrol,manual,1,maruti,maruti celerio
2009,210697.79144678332,50792.47818464872,Diesel,manual,1,chevrolet,chevrolet beat
2014,312573.21877935296,35823.93966210621,Petrol,manual,1,maruti,maruti eeco
2013,491255.9508136005,60492.08169974243,Diesel,manual,1,renault,renault duster
2016,685827.4562685149,54429.724401367945,Diesel,manual,1,maruti,maruti swift
2009,256524.08928521475,57391.221252642994,Petrol,manual,1,maruti,maruti swift
2007,130063.38822266788,80060.5002459598,Petrol,manual,1,hyundai,hyundai santro
2010,108996.36223386406,62665.26601719841,Petrol,manual,1,chevrolet,chevrolet spark
2012,355145.5114042176,61083.1057821854,Diesel,manual,1,maruti,maruti swift
2016,252890.45084134076,5858.916051430556,Petrol,manual,1,maruti,maruti omni
2009,381317.91173414007,313835.9186963413,Diesel,manual,1,toyota,toyota innova
2018,648656.2281451002,31927.573581544475,Petrol,manual,1,maruti,maruti swift
2018,821805.2166002905,18919.76975447465,Diesel,manual,1,maruti,maruti swift
2018,289498.3514162571,17714.726218024378,Petrol,manual,1,hyundai,hyundai eon
2007,86488.74596672866,119221.48464520354,Petrol,manual,1,maruti,maruti alto
2013,365137.7899752495,52308.693563008455,Petrol,manual,1,maruti,maruti wagon
2013,267654.34930472553,83134.27049493471,Diesel,manual,1,ford,ford figo
2011,693653.491882634,222691.3319573564,Diesel,manual,1,toyota,toyota innova
2005,172027.84712769938,265833.598299688,Diesel,manual,1,mahindra,mahindra scorpio
2011,331527.0642108553,143798.83888033472,Diesel,manual,1,mahindra,mahindra xylo
2018,1341099.5767590986,25856.29206141712,Petrol,automatic,1,honda,honda city
2010,271243.0469947127,66429.18023802388,Petrol,manual,1,honda,honda jazz
2018,1010620.6915216768,22976.38201897365,Petrol,manual,1,honda,honda city
2018,829091.905579276,32246.100675302507,Diesel,manual,1,honda,honda amaze
2014,311376.62409649306,74148.19017642716,Petrol,manual,1,maruti,maruti celerio
2006,163752.8435572832,79750.06131668821,Petrol,manual,1,maruti,maruti swift
2018,669209.7401388779,70199.73559114571,Petrol,manual,1,honda,honda amaze
2010,256080.7829229596,48451.987257885456,Petrol,manual,1,maruti,maruti ritz
2014,506275.8177650175,101237.8928999008,Diesel,manual,1,honda,honda city
2016,218578.44305436552,33462.5719326257,Petrol,manual,1,hyundai,hyundai eon
2009,132714.78109554385,82801.81145363579,Petrol,manual,1,maruti,maruti alto
2015,935951.2429138212,136085.9880581911,Diesel,manual,1,toyota,toyota innova
2013,722950.3164501279,94262.95571399566,Diesel,manual,1,nissan,nissan terrano
2016,593823.1552234389,106802.26744763528,Diesel,manual,1,maruti,maruti baleno
2015,488884.2471896374,59738.9709309986,Diesel,manual,1,nissan,nissan sunny
2012,418588.91832713207,60063.54166613654,Diesel,manual,1,toyota,toyota etios
2018,95449.88301598976,24003.59331530805,Petrol,manual,1,hyundai,hyundai eon
2016,642196.7902816483,97750.85672555982,Diesel,manual,1,hyundai,hyundai i20
2017,659931.8061025498,64893.529088070514,Diesel,manual,1,mahindra,mahindra tuv
2010,135147.31618046496,118906.08044267882,Petrol,manual,1,hyundai,hyundai getz
2018,523099.52139866166,8257.019689565477,Petrol,manual,1,toyota,toyota etios
2012,911871.2566709392,94020.82417343868,Diesel,manual,1,toyota,toyota innova
2013,350192.6976278756,41511.11931700329,Petrol,manual,1,hyundai,hyundai i20
2019,836434.6372983339,9814.580541513544,Petrol,manual,1,hyundai,hyundai elite
2013,1092448.8389829237,136376.48389730617,Diesel,manual,1,toyota,toyota innova
2011,360946.4336757587,106564.6926683821,Diesel,manual,1,toyota,toyota etios
2016,556577.3462951964,56901.2719077703,Diesel,manual,1,maruti,maruti swift
2014,725226.6239894055,110628.10568991546,Diesel,manual,1,mahindra,mahindra scorpio
2019,259607.18152919368,44700.95288512427,Petrol,manual,1,renault,renault kwid
2015,300428.8311030964,54606.07988762541,Petrol,manual,1,maruti,maruti alto
2011,325403.7962512157,104942.19863102408,Petrol,manual,1,honda,honda city
2014,713255.9438140163,126592.1982092856,Diesel,manual,1,honda,honda city
2009,122899.76265284453,84452.97512407282,Petrol,manual,1,maruti,maruti alto
2009,150301.85806014857,104822.5127485394,Diesel,manual,1,maruti,maruti swift
2015,286515.6037252382,99024.5855636444,Diesel,manual,1,honda,honda amaze
2011,156230.2962544091,83824.17011507934,Petrol,manual,1,maruti,maruti swift
2003,130255.95550780144,107606.90708584544,Petrol,manual,1,honda,honda city
2016,951060.6990940808,107232.69511442908,Diesel,manual,1,hyundai,hyundai creta
2007,97878.56271857016,67911.23745586423,Petrol,manual,1,maruti,maruti wagon
2015,426244.0727954547,90931.59172571205,Diesel,manual,1,honda,honda jazz
2004,28629.470017280328,59162.2641803746,Petrol,manual,1,maruti,maruti 800
2009,185661.7938656315,34603.67825035186,Petrol,manual,1,mahindra,mahindra renault
2010,233493.6829624893,97710.0054678029,Diesel,manual,1,tata,tata indigo
2018,1258824.8502047549,9312.098195532437,Diesel,manual,1,mahindra,mahindra marazzo
2017,426925.91658752726,38943.11608779117,Diesel,manual,1,toyota,toyota etios
2017,582249.9418192318,12761.97568147674,Diesel,manual,1,honda,honda amaze
2017,532248.8285093025,38748.56660722864,Petrol,automatic,1,maruti,maruti ciaz
2018,1043887.3455742848,27158.00429026605,Diesel,manual,1,hyundai,hyundai verna
2015,471618.79785511264,26958.25835772996,Petrol,manual,1,maruti,maruti swift
2011,257661.17929365905,27290.371855023797,Petrol,manual,1,maruti,maruti wagon
2013,383154.34976741497,109247.25562718204,Petrol,manual,1,ford,ford ecosport
2013,744200.6631167519,40446.63854319924,Diesel,manual,1,mahindra,mahindra xuv500
2009,186653.4933494828,24425.344145116534,Petrol,manual,1,maruti,maruti wagon
2017,334324.6249194664,6360.279078451782,Petrol,automatic,1,renault,renault kwid
2017,623669.4185649217,31346.866111977244,Diesel,manual,1,maruti,maruti swift
2017,319307.968962449,18155.900416939672,Petrol,manual,1,renault,renault kwid
2015,282661.5518809223,28832.13129630611,Petrol,manual,1,maruti,maruti alto
2014,289281.7280961979,26541.414311382552,Petrol,automatic,1,maruti,maruti wagon
2012,728509.1047897913,50790.7241855043,Diesel,manual,1,mahindra,mahindra xuv500
2015,851556.5027865183,58296.91687749213,Diesel,manual,1,toyota,toyota innova
2011,235316.6483700536,48529.03159754543,Diesel,manual,1,maruti,maruti ritz
2013,549657.0378866307,47393.54620065024,Diesel,manual,1,hyundai,hyundai verna
2016,999898.1065323128,77828.42136139076,Diesel,manual,1,mahindra,mahindra xuv500
2012,555692.164302341,71580.28330660619,Diesel,manual,1,mahindra,mahindra scorpio
2014,205917.38223667405,72222.17488562973,Petrol,manual,1,maruti,maruti wagon
2014,222881.7318170025,63133.645126584895,Petrol,manual,1,maruti,maruti wagon
2009,282432.415229643,103730.48119690764,Diesel,manual,1,mahindra,mahindra xylo
2008,251701.5201042365,88118.7331364382,Diesel,manual,1,fiat,fiat 500
2019,635729.3344515963,10330.871314827746,Petrol,manual,1,renault,renault triber
2014,252447.67179830564,117424.31906522933,Diesel,manual,1,fiat,fiat grande
2012,498602.9049386181,143811.65430804229,Diesel,manual,1,tata,tata new
2017,853526.3988999247,23935.368564530498,Diesel,manual,1,mahindra,mahindra tuv
2020,458588.1976624821,5824.820382624398,Petrol,manual,1,tata,tata altroz
2016,531108.5440339423,47949.27403914466,Diesel,manual,1,hyundai,hyundai creta
2016,411106.7239056207,26300.02927734726,Petrol,manual,1,hyundai,hyundai grand
2014,605535.9647418306,53414.34387596342,Diesel,manual,1,honda,honda city
2019,621123.0445095334,25376.53204234841,Petrol,manual,1,maruti,maruti wagon
2020,528695.5788215295,4224.806836132361,Petrol,manual,1,hyundai,hyundai santro
2018,1474062.9106103086,33270.12084858876,Diesel,automatic,1,mahindra,mahindra xuv500
2018,640351.7316447757,8937.1792806564,Petrol,automatic,1,maruti,maruti baleno
2013,200398.2658174864,45128.1510732564,Diesel,manual,1,chevrolet,chevrolet beat
2015,262448.15777584846,4465.79763677194,Petrol,automatic,1,maruti,maruti alto
2010,78477.2353371412,89458.39175820825,Petrol,manual,1,tata,tata indica
2014,397310.3760857423,21226.99462928225,Petrol,manual,1,hyundai,hyundai grand
2009,84248.5771872752,82647.70029140293,Diesel,manual,1,tata,tata indica
2016,523635.8242737772,75177.20716815323,Petrol,manual,1,hyundai,hyundai i20
2019,424873.0595950874,5584.177440641316,Petrol,manual,1,hyundai,hyundai eon
2018,472410.4167854599,47542.27239129863,Petrol,manual,1,tata,tata tigor
2017,463097.54102566856,37197.04793110255,Diesel,manual,1,hyundai,hyundai xcent
2010,86201.12744224485,75300.46373620238,Cng,manual,1,maruti,maruti alto
2010,242813.12388682528,35941.94812662466,Petrol,manual,1,hyundai,hyundai i20
2000,20209.35491498543,46471.13173135747,Petrol,manual,1,ford,ford ikon
2013,125393.5825502618,95736.70331080176,Diesel,manual,1,chevrolet,chevrolet beat
2004,86446.79527329892,69920.48906190097,Petrol,manual,1,maruti,maruti zen
2012,116566.36802967532,98559.52055073172,Diesel,manual,1,chevrolet,chevrolet beat
2012,277080.7607384313,24896.707283625376,Diesel,manual,1,chevrolet,chevrolet optra
2012,274689.9600357588,20174.24702193596,Diesel,manual,1,chevrolet,chevrolet optra
2009,153740.84208245258,23414.1709571116,Petrol,manual,1,maruti,maruti a-star
2013,216947.19520006693,10417.303242617125,Petrol,manual,1,chevrolet,chevrolet spark
2018,762140.1628675119,28742.22843444592,Diesel,manual,1,honda,honda wr-v
2010,137050.13880317085,127010.96344206466,Petrol,manual,1,hyundai,hyundai accent
2014,562040.6935903794,89699.39160722098,Diesel,manual,1,maruti,maruti ertiga
2016,414945.7688701043,24036.84692021644,Petrol,manual,1,mahindra,mahindra kuv
2016,378739.6364886636,23127.13425727449,Petrol,manual,1,maruti,maruti alto
2015,559884.3482903456,26985.85578225714,Diesel,manual,1,maruti,maruti swift
2007,678264.9424900413,206776.02633326323,Diesel,manual,1,mitsubishi,mitsubishi montero
2012,179571.97955318366,67631.11177401876,Diesel,manual,1,tata,tata indica
2013,426502.3778303039,41536.58661340585,Diesel,manual,1,hyundai,hyundai i20
2013,461552.0985920131,50350.66302717739,Diesel,manual,1,hyundai,hyundai i20
2004,194595.0206104792,107056.12801613942,Diesel,manual,1,ford,ford endeavour
2012,148207.10619879336,65628.61994805888,Petrol,manual,1,hyundai,hyundai eon
2011,247832.37022483948,41319.64909347512,Petrol,manual,1,nissan,nissan micra
2001,63208.02901800536,61912.37269972738,Petrol,manual,1,maruti,maruti 800
2008,188116.99817370507,48164.683357881,Petrol,manual,1,maruti,maruti swift
2010,228888.5020523783,94215.9053410274,Diesel,manual,1,maruti,maruti swift
2018,551280.6848006304,29813.199855883864,Diesel,manual,1,maruti,maruti ignis
2012,233798.30108110947,99332.76807031626,Petrol,manual,1,maruti,maruti sx4
2015,226198.10977664517,80470.21470315591,Diesel,manual,1,tata,tata indigo
2006,173651.40632560648,141536.63204158287,Petrol,manual,1,maruti,maruti alto
2019,879424.0334947832,36994.00729793652,Diesel,manual,1,mahindra,mahindra bolero
2016,960161.5930626156,43530.42239346264,Diesel,manual,1,mahindra,mahindra xuv500
2013,192824.3040949294,81986.55754961539,Diesel,manual,1,tata,tata indigo
2010,106418.62644263996,76094.28517298767,Diesel,manual,1,tata,tata indica
2006,104873.65877086887,35478.10728097876,Petrol,manual,1,hyundai,hyundai santro
2017,339306.0951819139,29619.42399489853,Petrol,automatic,1,maruti,maruti alto
2018,541334.7349525884,8946.633817299788,Petrol,automatic,1,tata,tata tiago
2016,331534.9031911156,24324.787377097196,Petrol,manual,1,hyundai,hyundai eon
2013,573527.3983003742,31507.954646902912,Diesel,manual,1,maruti,maruti swift
2014,669684.1449166222,30253.017333856707,Diesel,manual,1,nissan,nissan evalia
2017,599769.7530884332,23703.75987318501,Diesel,manual,1,hyundai,hyundai grand
2014,361032.18270665954,37020.10339888033,Petrol,manual,1,hyundai,hyundai i10
2016,466941.3227646304,29991.88500841879,Diesel,manual,1,mahindra,mahindra kuv
2008,234705.62566350977,39110.73965895764,Petrol,manual,1,maruti,maruti wagon
2009,184389.01379991756,31550.669139935824,Petrol,manual,1,hyundai,hyundai santro
2001,86585.48574799388,73105.06871511345,Petrol,manual,1,maruti,maruti zen
2013,399442.4638183506,40820.10395020666,Diesel,manual,1,maruti,maruti swift
2017,664079.081765733,23619.930960377544,Diesel,manual,1,maruti,maruti baleno
2010,383393.2666374947,40840.119717939626,Petrol,manual,1,hyundai,hyundai i10
2012,284116.74660544365,74693.73838707864,Diesel,manual,1,tata,tata manza
2006,62436.97905120744,157752.53620959184,Lpg,manual,1,maruti,maruti omni
2003,103168.01104072457,97378.25625594008,Diesel,manual,1,maruti,maruti zen
2015,577893.842069738,93254.68635059854,Diesel,manual,1,fiat,fiat linea
2008,202918.04170907635,61532.65444995637,Petrol,manual,1,hyundai,hyundai santro
2018,931500.2985916934,17037.480010806372,Diesel,manual,1,ford,ford aspire
2018,824423.4022494215,12964.627131807549,Petrol,manual,1,ford,ford aspire
2018,835575.4187038287,28514.541937853657,Diesel,manual,1,ford,ford freestyle
2016,706413.956847199,112151.43605203983,Petrol,manual,1,honda,honda city
2016,568997.9919722402,126702.98193015489,Diesel,manual,1,honda,honda jazz
2016,650564.4438586418,101446.1054369789,Petrol,manual,1,honda,honda jazz
2015,109603.61985711576,29238.91676616984,Petrol,manual,1,maruti,maruti alto
2017,343778.2692863291,59052.731913513344,Diesel,manual,1,tata,tata bolt
2020,499058.2610111561,4560.734183055251,Petrol,manual,1,maruti,maruti swift
2008,103766.53802527276,78018.13169154138,Petrol,manual,1,chevrolet,chevrolet aveo
2000,94857.10087190154,87696.14673926747,Petrol,manual,1,maruti,maruti wagon
2019,965699.6645021716,19263.54699818632,Diesel,manual,1,maruti,maruti vitara
2019,759457.5105951412,8803.724519618694,Petrol,manual,1,tata,tata nexon
2014,549697.8941384738,59886.35467107879,Petrol,manual,1,hyundai,hyundai i20
2012,714509.5188500315,51182.211874194974,Diesel,automatic,1,volkswagen,volkswagen jetta
2016,491906.9796851562,10451.040865357283,Petrol,manual,1,honda,honda amaze
2017,1046313.0308173288,10476.123672227845,Petrol,manual,1,hyundai,hyundai creta
2015,727443.1312926078,77223.33583220655,Diesel,manual,1,mahindra,mahindra xuv500
2013,645679.8547961029,101546.82447161626,Diesel,manual,1,renault,renault duster
2014,441230.7856974029,26427.27281572452,Petrol,manual,1,hyundai,hyundai i20
2007,74666.87958633546,56028.80508817965,Petrol,manual,1,hyundai,hyundai santro
2013,317197.1663463537,63842.78990666418,Diesel,manual,1,mahindra,mahindra bolero
2015,334259.0564335883,45613.920376299255,Diesel,manual,1,fiat,fiat avventura
2017,225010.88148006587,15376.379061142949,Petrol,manual,1,datsun,datsun redigo
2012,319252.16168254043,43254.95120682838,Diesel,manual,1,chevrolet,chevrolet cruze
2013,436179.4914659554,45827.25789005819,Petrol,manual,1,volkswagen,volkswagen jetta
2013,1205665.0279911463,57868.2952457825,Diesel,automatic,1,audi,audi a4
2009,211254.90367465527,56752.824559107205,Petrol,automatic,1,honda,honda civic
2017,852119.6744288594,14643.579970887298,Petrol,automatic,1,volkswagen,volkswagen polo
2012,160009.05897283688,119191.85568769988,Diesel,manual,1,chevrolet,chevrolet beat
2014,515643.3808928972,99315.92455188016,Diesel,manual,1,mahindra,mahindra scorpio
2006,89063.34083352238,93396.06784013624,Petrol,manual,1,maruti,maruti swift
2014,678022.5339827511,91753.37130414092,Diesel,manual,1,toyota,toyota innova
2019,614473.1744220651,15596.36520057933,Petrol,manual,1,tata,tata tigor
2008,61927.8906046429,153176.99830779235,Petrol,manual,1,maruti,maruti alto
2015,486507.6569545137,48377.11608053621,Diesel,manual,1,mahindra,mahindra xylo
2017,610910.4532756621,57860.519830361154,Petrol,manual,1,mahindra,mahindra kuv
2017,357217.9055926049,60247.24183114312,Petrol,manual,1,maruti,maruti wagon
2012,210608.51829525924,75084.97614530509,Diesel,manual,1,chevrolet,chevrolet beat
2008,110364.5629356731,150885.7846935421,Diesel,manual,1,hyundai,hyundai getz
2012,146494.88981818742,75218.24072916467,Petrol,manual,1,hyundai,hyundai eon
2003,73498.7395395045,100377.03329264712,Diesel,manual,1,maruti,maruti zen
2013,355563.30153380724,92991.0060951348,Diesel,manual,1,honda,honda amaze
2011,905775.3763427152,91058.33983035944,Diesel,automatic,1,bmw,bmw x1
2014,458301.9453859293,117400.4350668965,Diesel,manual,1,mahindra,mahindra scorpio
2019,598134.8778533308,5105.916862745066,Petrol,manual,1,hyundai,hyundai elite
2010,103887.73873580412,67134.70294154977,Petrol,manual,1,chevrolet,chevrolet beat
2011,246605.25452454155,39706.92974538771,Petrol,manual,1,hyundai,hyundai i10
2006,77901.98673261135,42571.51309618336,Petrol,manual,1,tata,tata indigo
2014,640421.7167443109,87138.035394232,Diesel,manual,1,honda,honda city
2019,1045357.0755557296,22777.62522607184,Diesel,manual,1,hyundai,hyundai verna
2012,378692.2714703929,75966.11994301103,Diesel,manual,1,hyundai,hyundai verna
2015,545401.2894305732,73515.43552388658,Diesel,manual,1,volkswagen,volkswagen polo
2017,577584.6076057504,58881.660195672,Petrol,manual,1,hyundai,hyundai i20
2019,706346.7660112425,31434.19430465843,Diesel,manual,1,hyundai,hyundai elite
2017,461958.93843782565,14516.649771160191,Petrol,automatic,1,hyundai,hyundai grand
2011,252698.3041713777,86593.19469993752,Diesel,manual,1,maruti,maruti ritz
2018,1314600.2141182823,21144.036978966516,Diesel,manual,1,mahindra,mahindra xuv500
2018,306792.40832001885,17425.737698383746,Petrol,manual,1,renault,renault kwid
2017,782147.740685941,22163.29802796124,Petrol,manual,1,ford,ford ecosport
2009,131102.89649662122,91466.086523041,Diesel,manual,1,fiat,fiat grande
2012,306252.36086470383,41515.5748816092,Petrol,manual,1,skoda,skoda fabia
2012,272963.7102381602,76898.35426280634,Diesel,manual,1,volkswagen,volkswagen polo
2013,685024.8620612422,54779.39717807327,Petrol,manual,1,ford,ford ecosport
2010,203669.33936666657,81493.65691647604,Petrol,manual,1,chevrolet,chevrolet aveo
2009,135132.4549129335,71090.74470482187,Petrol,manual,1,chevrolet,chevrolet aveo
2012,235550.8949344917,145742.12418518408,Diesel,manual,1,ford,ford figo
2004,388103.6313124471,82959.06166504812,Diesel,manual,1,ford,ford endeavour
2017,424116.1025897977,92661.9475301308,Petrol,manual,1,ford,ford aspire
2015,158808.0740647217,81754.3523364397,Petrol,manual,1,hyundai,hyundai eon
2019,439249.98612030654,12276.505420993415,Petrol,manual,1,tata,tata tiago
2013,355837.42391698464,93805.85118356912,Petrol,manual,1,maruti,maruti swift
2011,133874.92057286898,55121.78034611831,Petrol,manual,1,chevrolet,chevrolet spark
2012,164278.55579358758,56514.55752009142,Diesel,manual,1,chevrolet,chevrolet beat
2014,484852.4365934209,77826.75049016855,Petrol,manual,1,ford,ford ecosport
2015,514266.555458192,68580.97025982819,Petrol,manual,1,volkswagen,volkswagen polo
2012,209718.85461925692,96067.68865120094,Diesel,manual,1,ford,ford fiesta
2013,657018.3709451022,88586.85222188919,Diesel,manual,1,mahindra,mahindra xuv500
2010,389345.2318832647,58077.47540061705,Petrol,manual,1,honda,honda city
2000,93359.78032404475,124130.10138175618,Petrol,manual,1,maruti,maruti zen
2014,435331.2402082508,104961.14048379878,Diesel,manual,1,maruti,maruti swift
2018,597321.7127475104,24526.797656464423,Diesel,manual,1,maruti,maruti swift
2007,145302.61498331485,72378.75780383649,Petrol,manual,1,maruti,maruti wagon
2013,180269.21744610483,96547.32531404732,Diesel,manual,1,tata,tata indigo
2018,683127.8829630397,60370.016158229184,Diesel,manual,1,maruti,maruti baleno
2002,144166.2421873425,49550.789117670094,Diesel,manual,1,mahindra,mahindra jeep
2008,85253.44444684025,84168.03227765093,Petrol,manual,1,maruti,maruti alto
2016,247839.9063570728,91816.56503779012,Diesel,manual,1,maruti,maruti celerio
2005,54617.22080963361,66327.73776086832,Petrol,manual,1,maruti,maruti esteem
2007,64486.89606232107,141366.07077590827,Petrol,manual,1,maruti,maruti alto
2008,285763.27099108155,84757.98054081008,Diesel,automatic,1,volkswagen,volkswagen jetta
2015,326410.863679456,71106.01425703031,Diesel,manual,1,maruti,maruti swift
2015,757431.1032672403,29260.2995217946,Diesel,manual,1,hyundai,hyundai i20
2011,275384.5896139799,123910.47211855304,Diesel,manual,1,ford,ford figo
2012,350345.6340187104,135896.1813055966,Diesel,manual,1,hyundai,hyundai i20
2006,136358.23639248,82105.94818215443,Petrol,manual,1,maruti,maruti alto
2010,336746.47942626744,123463.60355621268,Diesel,manual,1,mahindra,mahindra xylo
2012,679269.0177806843,120713.77582278966,Diesel,manual,1,mahindra,mahindra xuv500
2009,315406.7722982526,211958.65001235527,Diesel,manual,1,mahindra,mahindra bolero
2014,1193055.0942253005,232405.58781071816,Diesel,manual,1,toyota,toyota innova
2012,416340.08649241726,59680.4369147241,Petrol,manual,1,ford,ford fiesta
2019,440512.51557411446,3015.7894014067933,Petrol,manual,1,tata,tata tiago
2006,147945.80265521683,86884.29379975786,Petrol,manual,1,maruti,maruti alto
2013,279084.5766429462,132386.28252614377,Diesel,manual,1,maruti,maruti ritz
2014,310106.05050705164,49714.91990138723,Petrol,manual,1,hyundai,hyundai xcent
2006,131811.590726459,76634.51693531912,Petrol,manual,1,chevrolet,chevrolet optra
2005,19280.99458979545,29452.130867540436,Petrol,manual,1,ford,ford ikon
2005,254938.06650923283,68553.23694320064,Petrol,manual,1,hyundai,hyundai getz
2008,126916.47150879586,36525.086025178105,Petrol,manual,1,hyundai,hyundai santro
2010,264898.0159843781,83011.36373538231,Petrol,manual,1,maruti,maruti sx4
2012,206802.612654984,59758.8191493843,Diesel,manual,1,tata,tata indigo
2005,64257.01037398677,5142.328635040492,Petrol,manual,1,ford,ford ikon
2016,575888.4752147603,73781.15799475816,Diesel,manual,1,maruti,maruti swift
2014,461300.1337059182,87241.66529481954,Diesel,manual,1,maruti,maruti swift
2009,83389.3322749199,140179.6189544189,Diesel,manual,1,tata,tata indica
2015,261303.98301205089,33266.96997903963,Diesel,manual,1,maruti,maruti swift
2009,187896.2380972121,210861.10577893237,Diesel,manual,1,maruti,maruti swift
2018,297017.5539715678,21835.180812709248,Petrol,manual,1,renault,renault kwid
2017,807094.6200504384,18900.929039989493,Petrol,manual,1,ford,ford ecosport
2009,112675.49353936128,90350.09187424564,Diesel,manual,1,fiat,fiat grande
2017,457993.56236511946,31568.258575951244,Petrol,manual,1,mahindra,mahindra kuv
2012,488260.86579772056,38967.73079658321,Diesel,manual,1,tata,tata new
2017,229354.43337973207,48494.89520311551,Petrol,manual,1,renault,renault kwid
2012,666060.8540000223,62936.10768450293,Diesel,manual,1,toyota,toyota innova
2010,237220.6257469801,60195.91028463086,Petrol,manual,1,hyundai,hyundai i20
2010,103296.23488061008,73080.18359199548,Diesel,manual,1,fiat,fiat punto
2017,336174.1727680641,44726.05314366554,Petrol,manual,1,renault,renault kwid
2018,503049.6135219461,82861.65734654592,Petrol,manual,1,hyundai,hyundai xcent
2012,270083.78212968004,69170.2083604758,Diesel,manual,1,maruti,maruti ritz
2010,1007064.2874528662,108965.48150869524,Petrol,automatic,1,audi,audi q5
2010,123770.96470714056,56379.43416959307,Petrol,manual,1,hyundai,hyundai i10
2018,510360.588838094,24014.48595282861,Petrol,manual,1,tata,tata tiago
2013,378533.3074304031,92767.22297689956,Diesel,manual,1,renault,renault duster
2012,352753.49954537745,105185.11957454406,Petrol,manual,1,skoda,skoda rapid
2003,60892.326799651135,47365.09382877611,Petrol,manual,1,maruti,maruti 800
2012,329972.9998521929,56299.81212670374,Petrol,manual,1,hyundai,hyundai santro
2012,371144.6104186625,77937.69943823753,Diesel,manual,1,hyundai,hyundai i20
2014,532014.0884312441,111863.73547459448,Diesel,manual,1,ford,ford ecosport
2012,283398.58294033946,93114.51037842808,Petrol,manual,1,nissan,nissan sunny
2012,236314.4438175311,126479.65892715972,Diesel,manual,1,maruti,maruti swift
2012,724664.7380791799,156943.3103730635,Diesel,manual,1,toyota,toyota innova
2018,309449.8445924984,26807.29966377266,Petrol,manual,1,maruti,maruti eeco
2004,85215.7956479308,102292.42000146268,Petrol,manual,1,maruti,maruti alto
2020,1186508.1420762097,8925.381917127534,Diesel,manual,1,mahindra,mahindra scorpio
2017,351151.509586527,35799.86033758159,Petrol,automatic,1,renault,renault kwid
2015,568451.545381383,59215.64061706157,Diesel,manual,1,maruti,maruti swift
2012,479411.1321658471,25601.949995811217,Diesel,manual,1,hyundai,hyundai verna
2008,124012.7795935932,25290.15894802727,Petrol,manual,1,maruti,maruti alto
2018,760020.9477470192,21848.75023277001,Diesel,manual,1,mahindra,mahindra tuv
2008,96884.66688002164,24133.606127625077,Petrol,manual,1,maruti,maruti alto
2011,125702.1964850053,90742.71760928367,Petrol,manual,1,maruti,maruti alto
2011,172610.3314202066,47780.57625806696,Petrol,manual,1,maruti,maruti wagon
2014,516457.3528592505,97575.11421756078,Petrol,manual,1,hyundai,hyundai verna
2009,267531.0426953313,57985.87130012352,Petrol,manual,1,honda,honda city
2014,616530.3575597045,33045.17566998293,Diesel,manual,1,hyundai,hyundai elantra
2008,209241.0501742362,62154.13051084067,Petrol,automatic,1,honda,honda city
2011,279945.8753164134,147264.62255154335,Diesel,manual,1,volkswagen,volkswagen vento
2016,693554.2686842333,65329.31339185507,Diesel,manual,1,maruti,maruti swift
2016,1324393.642348898,109807.87189355724,Diesel,automatic,1,toyota,toyota innova
2012,226472.79004846548,110569.11986805047,Diesel,manual,1,maruti,maruti ritz
2008,99491.7850740718,88825.23360461481,Petrol,manual,1,hyundai,hyundai getz
2017,1233295.4660603642,69771.62276932111,Diesel,automatic,1,mahindra,mahindra xuv500
2013,231620.099301836,124708.10628302352,Diesel,manual,1,mahindra,mahindra quanto
2009,132554.1175593464,44748.41191719106,Diesel,manual,1,tata,tata indigo
2012,308081.2460994192,45911.79049994987,Petrol,manual,1,hyundai,hyundai i20
2010,236613.088146236,90291.70920856214,Petrol,manual,1,honda,honda city
2014,618128.0029775779,45084.971757501226,Petrol,manual,1,hyundai,hyundai verna
2012,193130.8127676205,49678.27277233918,Petrol,manual,1,hyundai,hyundai i10
2014,311556.6030304611,140043.73246395527,Diesel,manual,1,chevrolet,chevrolet enjoy
2018,404599.6297692355,16183.090128982083,Petrol,automatic,1,tata,tata tiago
2015,278199.0282974402,48282.42567675024,Petrol,manual,1,maruti,maruti alto
2016,444409.25173458224,28994.883473328773,Petrol,manual,1,hyundai,hyundai xcent
2012,478405.4053895697,70020.1383559015,Diesel,manual,1,hyundai,hyundai verna
2010,42358.67756574495,80953.95776897739,Petrol,manual,1,tata,tata nano
2011,428869.1538330155,59075.85259534356,Petrol,manual,1,honda,honda city
2013,211115.2501072286,58201.83091638176,Petrol,manual,1,maruti,maruti wagon
2018,899803.1937478732,8463.79041573759,Petrol,automatic,1,ford,ford ecosport
2010,176913.4452033867,85672.64899024907,Cng,manual,1,maruti,maruti eeco
2015,500215.723677493,30545.29050359688,Petrol,manual,1,hyundai,hyundai i20
2016,578115.2998469196,54249.89565692491,Diesel,manual,1,hyundai,hyundai creta
2012,220262.33453860032,124327.8985312665,Petrol,manual,1,maruti,maruti sx4
2017,549916.4737744841,21799.179503874784,Petrol,automatic,1,hyundai,hyundai grand
2016,669794.2495069669,6384.846593188951,Petrol,manual,1,maruti,maruti swift
2015,568723.5476060796,10509.413198595,Petrol,manual,1,maruti,maruti ertiga
2017,551197.9543266335,10225.921198537406,Petrol,automatic,1,hyundai,hyundai grand
2016,254873.5993952472,36944.361940674826,Petrol,manual,1,chevrolet,chevrolet beat
2015,742457.9967534103,53375.98163084027,Diesel,manual,1,maruti,maruti s-cross
2012,218293.7205402288,52183.15547368876,Petrol,manual,1,hyundai,hyundai i10
2013,1298225.1159276222,47543.187269703085,Diesel,automatic,1,audi,audi a6
2005,77679.25338541601,47776.656883443466,Petrol,manual,1,hyundai,hyundai santro
2012,392177.2035016313,43089.8087517832,Diesel,manual,1,skoda,skoda laura
2015,772149.7091091454,66058.15315339169,Petrol,manual,1,hyundai,hyundai verna
2017,583363.215254912,40744.7287813838,Diesel,manual,1,maruti,maruti swift
2019,438515.4435722391,39198.46978498298,Petrol,manual,1,maruti,maruti ignis
2019,446972.75863753824,34462.172928133514,Petrol,manual,1,maruti,maruti ignis
2012,561828.5121119982,132520.83670233615,Diesel,manual,1,maruti,maruti ertiga
2013,219333.33872515627,60463.769700032506,Petrol,manual,1,tata,tata manza
2008,72748.82047032047,106681.46434194318,Petrol,manual,1,tata,tata indica
2010,303693.724904623,224451.7650484948,Diesel,manual,1,tata,tata new
2019,689148.7791971946,12438.451995906173,Diesel,manual,1,ford,ford aspire
2017,265026.5506019766,25244.619048455606,Petrol,manual,1,maruti,maruti eeco
2019,494484.3094573175,13653.372885953197,Petrol,manual,1,hyundai,hyundai grand
2012,150896.7142321359,66033.48474304118,Petrol,manual,1,hyundai,hyundai eon
2006,97544.6023523325,68963.25026149229,Petrol,manual,1,maruti,maruti alto
2001,65312.54357716676,94502.06640287544,Petrol,manual,1,maruti,maruti wagon
2004,99539.16040120448,71286.31951846468,Petrol,manual,1,maruti,maruti alto
2012,779462.3122103079,131708.12248307705,Diesel,manual,1,toyota,toyota innova
2016,504688.1618524328,102753.78336023436,Diesel,manual,1,nissan,nissan terrano
2016,485885.4347686935,121162.80822598869,Diesel,manual,1,nissan,nissan terrano
2009,580762.9337049531,214839.83670611784,Diesel,manual,1,toyota,toyota innova
2012,424512.1322557547,78989.87258862835,Diesel,manual,1,toyota,toyota corolla
2015,471036.79396589234,69522.10830771414,Petrol,manual,1,honda,honda amaze
2009,151674.81693898156,61636.871883730455,Petrol,manual,1,maruti,maruti wagon
2014,692739.4781575375,80932.89380836225,Diesel,manual,1,hyundai,hyundai verna
2013,191028.342540039,52370.80726255215,Diesel,manual,1,chevrolet,chevrolet beat
1999,68269.75389963463,60816.98361043847,Petrol,manual,1,maruti,maruti zen
2005,104271.37146918828,116597.95541190475,Diesel,manual,1,hyundai,hyundai accent
2006,91359.82660628912,76453.838522531,Petrol,manual,1,maruti,maruti esteem
2016,544833.6961248157,58454.42880967537,Diesel,manual,1,hyundai,hyundai xcent
2017,632759.5046319515,19741.178658174336,Diesel,manual,1,honda,honda jazz
2001,62093.5310517299,76801.50767260401,Petrol,manual,1,maruti,maruti zen
2011,236551.01931721083,90290.99975002329,Diesel,manual,1,toyota,toyota etios
2019,474769.6416207696,8494.931089269736,Cng,manual,1,hyundai,hyundai santro
2010,185846.94982693915,95999.8651915623,Petrol,manual,1,fiat,fiat linea
2011,208784.81572441995,113931.98062387457,Diesel,manual,1,ford,ford figo
2011,139415.00628364822,84658.99792167915,Diesel,manual,1,ford,ford figo
2009,135297.4244644095,53910.80939497679,Petrol,manual,1,maruti,maruti zen
2015,306960.9807411754,46963.61889321148,Diesel,manual,1,honda,honda amaze
2019,519694.84803246026,15670.789852710364,Petrol,manual,1,maruti,maruti celerio
2017,407550.9604049284,19664.851493378763,Petrol,manual,1,tata,tata tigor
2016,345349.9164335862,16855.197303815054,Petrol,manual,1,tata,tata zest
2012,185126.18030457423,92799.8255308371,Diesel,manual,1,volkswagen,volkswagen polo
2016,473604.6923403473,41601.6504722021,Diesel,manual,1,ford,ford figo
2014,980290.0813695816,190043.2139584161,Diesel,manual,1,toyota,toyota innova
2014,588567.0932779899,151743.1289599536,Diesel,manual,1,mahindra,mahindra xuv500
2015,322486.1760795347,43709.75650624521,Petrol,manual,1,honda,honda brio
2017,423504.6176923738,14145.076932335638,Petrol,manual,1,honda,honda amaze
2017,381780.80358234624,73772.40148945924,Diesel,manual,1,honda,honda amaze
2019,766365.6820526517,10508.836352934475,Petrol,manual,1,maruti,maruti baleno
2016,303455.63524118246,49911.958400838615,Cng,manual,1,maruti,maruti alto
2012,731798.9506572506,96369.02878681988,Diesel,automatic,1,bmw,bmw x1
2007,97839.49779196177,78229.00935084466,Lpg,manual,1,maruti,maruti wagon
2015,279017.5812195689,72844.37529522809,Petrol,manual,1,hyundai,hyundai grand
2012,125619.90351772256,208824.698264716,Diesel,manual,1,tata,tata indica
2016,606883.2767804891,40104.15026853971,Diesel,manual,1,hyundai,hyundai i20
2017,531523.9463455593,23091.522540118327,Diesel,manual,1,maruti,maruti swift
2013,1006857.9583057496,117395.87176213716,Diesel,manual,1,toyota,toyota innova
2010,292501.9304730941,137534.88225785905,Diesel,manual,1,hyundai,hyundai verna
2017,614687.9640356121,127683.0552794209,Diesel,manual,1,maruti,maruti swift
2013,223608.22751440745,134015.31285792452,Diesel,manual,1,skoda,skoda rapid
2014,1061422.4758182252,108298.98496650827,Diesel,automatic,1,audi,audi q3
2018,228267.04031767917,26894.856204985404,Petrol,manual,1,hyundai,hyundai eon
2018,242877.182813996,33095.5841436601,Petrol,manual,1,hyundai,hyundai eon
2015,634658.7044610019,70232.3060896296,Diesel,manual,1,mahindra,mahindra scorpio
2016,409612.10656987655,20886.26197287421,Petrol,manual,1,hyundai,hyundai grand
2015,151391.97793757764,53078.42326704093,Diesel,manual,1,mahindra,mahindra scorpio
2014,495459.9905384419,82462.42393794276,Diesel,manual,1,maruti,maruti ertiga
2007,75385.47349544676,33618.16374096303,Petrol,manual,1,maruti,maruti alto
2006,238698.42732944095,71332.12061790448,Petrol,automatic,1,hyundai,hyundai sonata
2006,249728.9213739021,70114.84875471244,Petrol,automatic,1,hyundai,hyundai sonata
2018,601213.8207692937,31314.83240857876,Diesel,manual,1,mahindra,mahindra bolero
2010,587611.4681175179,119154.70781257674,Diesel,manual,1,nissan,nissan x-trail
2011,280550.8422300522,154124.81005101715,Diesel,manual,1,mahindra,mahindra xylo
2013,114163.00993182548,140140.87151754,Diesel,manual,1,tata,tata indigo
2011,81091.13950918854,70337.3433458634,Petrol,manual,1,tata,tata indigo
2011,187674.07114392144,132603.87939932113,Diesel,manual,1,nissan,nissan micra
2016,443408.712198113,35424.30247649738,Petrol,manual,1,nissan,nissan micra
2013,253858.1139105433,81589.73283159552,Diesel,manual,1,maruti,maruti swift
2017,738403.6941451706,28188.708441642637,Diesel,manual,1,hyundai,hyundai i20
2015,433716.7031952225,48429.57361228877,Diesel,manual,1,hyundai,hyundai grand
2019,231045.8550433757,4512.271314490401,Petrol,manual,1,maruti,maruti alto
2016,372098.64683426096,11458.584125684229,Petrol,manual,1,hyundai,hyundai xcent
2016,608762.4506044212,68986.48290703808,Diesel,manual,1,ford,ford ecosport
2005,73047.7989384592,23683.209045389835,Petrol,manual,1,hyundai,hyundai getz
2015,374914.843333494,42632.27921240123,Petrol,manual,1,maruti,maruti swift
2008,133677.59404000058,45809.46665175474,Petrol,manual,1,maruti,maruti alto
2013,297162.41439571785,62780.148806341705,Diesel,manual,1,mahindra,mahindra scorpio
2019,1112293.5974391412,4302.755738766644,Diesel,manual,1,nissan,nissan kicks
2018,720240.3811002282,15798.79104864384,Petrol,manual,1,honda,honda amaze
2013,536254.2800262718,43056.3404973462,Diesel,manual,1,maruti,maruti ritz
2018,850093.3155753802,11242.361077061512,Petrol,manual,1,honda,honda jazz
2012,357492.3567361441,54195.27718126975,Petrol,manual,1,volkswagen,volkswagen polo
2016,1258128.7893755883,25177.608173167788,Diesel,manual,1,honda,honda br-v
2019,1138773.3892531332,10522.706742232103,Diesel,manual,1,honda,honda wr-v
2009,33279.27682100806,55443.00454382046,Petrol,manual,1,tata,tata nano
2017,1145139.2373590136,42936.435788466726,Petrol,manual,1,honda,honda br-v
2017,1285106.6942057754,34052.0731246288,Diesel,manual,1,honda,honda br-v
2018,637319.1261166651,30090.74208883554,Petrol,manual,1,hyundai,hyundai elite
2016,349847.30308299366,43431.0035519412,Petrol,manual,1,maruti,maruti alto
2009,246789.5888227806,83372.29392568587,Petrol,manual,1,hyundai,hyundai i10
2005,248663.90924822373,214451.16827634448,Diesel,manual,1,mahindra,mahindra scorpio
2016,722138.1180390634,89685.9311423505,Diesel,manual,1,hyundai,hyundai i20
2012,298069.33360552683,108254.42090613022,Diesel,manual,1,maruti,maruti ritz
2009,705669.4525064086,217400.09499963844,Diesel,manual,1,toyota,toyota innova
2017,466835.6946188054,29743.64792408941,Petrol,automatic,1,maruti,maruti celerio
2013,371708.20034041087,27599.095945975885,Petrol,manual,1,nissan,nissan micra
2010,232581.32394939792,44792.06096877264,Petrol,manual,1,maruti,maruti alto
2012,313413.9963879706,104258.9208544914,Petrol,manual,1,nissan,nissan sunny
2018,570845.3706734426,26029.58922291332,Petrol,manual,1,maruti,maruti swift
2011,117780.1421083594,131259.81566200618,Diesel,manual,1,tata,tata indica
2008,333281.04448756145,164832.1336290502,Diesel,manual,1,toyota,toyota innova
2011,396706.6294424402,77304.6227930902,Diesel,manual,1,hyundai,hyundai verna
2010,274206.0986933662,43726.79589981665,Petrol,manual,1,maruti,maruti wagon
2008,159069.37163039512,52364.91151692253,Petrol,manual,1,maruti,maruti omni
2006,87596.83642334983,65982.08742785665,Petrol,manual,1,maruti,maruti esteem
2015,279777.9945511221,17694.9937688862,Petrol,manual,1,maruti,maruti alto
2015,215748.15438703788,39625.012217713454,Petrol,manual,1,maruti,maruti celerio
2005,149022.60376366723,95367.50434965803,Petrol,manual,1,hyundai,hyundai santro
2018,334855.0031099296,12687.469553059986,Petrol,automatic,1,maruti,maruti wagon
2019,711367.6559813317,21585.39759844551,Diesel,manual,1,maruti,maruti swift
2017,277056.98343770846,41963.7763453722,Petrol,manual,1,maruti,maruti alto
2016,543375.2037152508,76542.69123616892,Diesel,manual,1,maruti,maruti swift
2002,46065.68140575809,106885.3487066742,Diesel,manual,1,ambassador,ambassador classic
2018,822842.0049387383,18640.31329875583,Petrol,manual,1,maruti,maruti ciaz
2016,518837.0410985131,23257.728787152533,Diesel,manual,1,ford,ford figo
2010,200525.35194487547,99920.7137932099,Petrol,manual,1,hyundai,hyundai i20
2014,540368.1989511441,59505.40821171238,Petrol,manual,1,hyundai,hyundai i20
2013,179463.50986838018,43863.48286967409,Petrol,manual,1,chevrolet,chevrolet spark
2010,217706.1463834643,62215.13669135617,Diesel,manual,1,fiat,fiat linea
2015,229705.5354528432,41749.6729523565,Petrol,manual,1,chevrolet,chevrolet beat
2012,243402.29153248956,43282.9746790592,Petrol,manual,1,ford,ford figo
2011,518888.4148382,76563.24417232651,Diesel,automatic,1,skoda,skoda superb
2015,397375.6296981096,27862.951251870178,Petrol,manual,1,hyundai,hyundai grand
2013,490168.95173062384,98465.44516102536,Diesel,manual,1,tata,tata safari
2014,308058.86004368064,28883.82097893288,Petrol,manual,1,chevrolet,chevrolet sail
2011,304011.738695092,51920.15109032562,Petrol,manual,1,volkswagen,volkswagen vento
2011,262087.0710324366,18030.021369165723,Petrol,manual,1,ford,ford classic
2014,338566.5722230494,55445.11007606626,Petrol,manual,1,honda,honda brio
2014,513470.46681920544,60666.34215539552,Diesel,manual,1,chevrolet,chevrolet cruze
2008,96987.30292978253,36143.35017288379,Petrol,manual,1,maruti,maruti zen
2012,275070.3490220717,45984.47704264375,Petrol,manual,1,honda,honda brio
2012,451100.31695132697,38986.71937497268,Petrol,manual,1,honda,honda city
2016,723316.9138098417,71360.30525308911,Diesel,manual,1,hyundai,hyundai verna
2012,266938.9567816066,38040.840442531495,Petrol,manual,1,honda,honda brio
2012,214434.54892226288,57159.29379676853,Petrol,manual,1,hyundai,hyundai eon
2012,196980.16470750145,59076.09177794626,Diesel,manual,1,chevrolet,chevrolet beat
2015,177718.55086044635,111577.53113843086,Petrol,manual,1,maruti,maruti wagon
2012,139204.05704189485,42481.2058920544,Petrol,manual,1,maruti,maruti alto
1999,72473.27240527823,77132.26674061378,Petrol,manual,1,maruti,maruti zen
2018,937105.2200052215,23244.859180369865,Diesel,manual,1,mahindra,mahindra bolero
2019,935522.1347757692,13101.256387805834,Petrol,automatic,1,maruti,maruti ertiga
2013,457938.47907583526,86357.50395863572,Petrol,manual,1,maruti,maruti swift
1998,50867.39326447538,68995.65833779523,Petrol,manual,1,maruti,maruti 800
2013,412442.7151664434,88119.0462314681,Diesel,manual,1,ford,ford fiesta
2009,1299176.8385297025,44898.86306939591,Diesel,automatic,1,bmw,bmw 5
2007,273176.73984211334,81730.14084861007,Diesel,manual,1,mahindra,mahindra bolero
2014,376180.36879367096,58275.3065093279,Diesel,manual,1,honda,honda city
2011,231642.91728593464,148340.68240934363,Diesel,manual,1,tata,tata indica
2015,826727.6375052257,46293.43428484834,Petrol,manual,1,hyundai,hyundai creta
2014,187992.32739199064,69967.31961671982,Petrol,manual,1,maruti,maruti alto
2017,917837.9154713246,60991.329069462176,Diesel,manual,1,mahindra,mahindra scorpio
2016,225259.0546869806,64973.29654497832,Petrol,manual,1,maruti,maruti alto
2015,464970.0089535861,155288.261968857,Diesel,manual,1,ford,ford figo
2012,337782.0130401482,81801.38503628533,Diesel,manual,1,maruti,maruti sx4
2018,871806.8434509328,49343.26995642997,Diesel,manual,1,hyundai,hyundai elite
2017,1319362.752779633,33262.84319630281,Diesel,manual,1,hyundai,hyundai verna
2011,175569.76776448847,120073.09767282289,Diesel,manual,1,chevrolet,chevrolet optra
2017,928928.8956793004,27103.3988389708,Diesel,manual,1,maruti,maruti s-cross
2010,157274.8150883776,95603.07388913057,Petrol,manual,1,hyundai,hyundai santro
2017,417968.4995188671,123175.2438019778,Diesel,manual,1,mahindra,mahindra tuv
2016,363565.0434474219,85605.14093433965,Diesel,manual,1,mahindra,mahindra quanto
2010,272888.8376086122,77736.57058633283,Diesel,manual,1,tata,tata indica
2008,136386.60523259194,52393.35932149296,Petrol,manual,1,tata,tata indigo
2002,87515.47151984143,75730.95417004958,Petrol,manual,1,hyundai,hyundai santro
2009,141532.80887337468,133622.92079434762,Petrol,automatic,1,maruti,maruti sx4
2014,317501.5334641624,67929.35386244493,Diesel,automatic,1,volkswagen,volkswagen vento
2012,773870.8996364563,55079.46581071059,Diesel,automatic,1,volkswagen,volkswagen jetta
2012,294960.8133641793,70481.86848631722,Diesel,manual,1,tata,tata indica
2010,335501.1216405279,48676.594808563845,Petrol,manual,1,honda,honda city
2010,302074.56283611525,97658.75412808397,Diesel,automatic,1,volkswagen,volkswagen jetta
2017,948846.7461659482,47402.46798290959,Diesel,automatic,1,volkswagen,volkswagen vento
2011,368492.8673974013,11843.827314802584,Petrol,manual,1,honda,honda jazz
2017,390095.8244866857,9577.517386802714,Petrol,manual,1,maruti,maruti eeco
2017,564633.3209352093,10195.054043393033,Petrol,automatic,1,maruti,maruti wagon
2017,582043.7829804483,8445.976058849987,Petrol,manual,1,hyundai,hyundai grand
2012,276735.7280575745,48754.64462715981,Petrol,manual,1,volkswagen,volkswagen polo
2018,1475391.4465470093,20037.863777004557,Diesel,manual,1,hyundai,hyundai creta
2015,487180.7690187219,25046.76173724864,Petrol,manual,1,hyundai,hyundai grand
2014,284953.24632225634,40301.72717338438,Petrol,manual,1,hyundai,hyundai eon
2014,473938.3685400674,57551.70208777297,Diesel,manual,1,hyundai,hyundai xcent
2010,77863.758156102,59913.83810940042,Petrol,manual,1,tata,tata nano
2015,416411.9139380295,27918.619971771783,Petrol,manual,1,toyota,toyota etios
2016,564825.4818282801,48788.01314625105,Diesel,manual,1,maruti,maruti swift
2013,335810.74087513285,38143.60280220523,Petrol,automatic,1,hyundai,hyundai i10
2012,373455.7990309314,41227.186962180014,Diesel,manual,1,volkswagen,volkswagen vento
2015,589216.4937904504,47556.287820852456,Diesel,automatic,1,skoda,skoda rapid
2019,681779.1989690864,8137.615050104248,Petrol,automatic,1,hyundai,hyundai elite
2016,283430.06709837384,33259.07400382348,Petrol,manual,1,maruti,maruti alto
2012,155646.86446662128,110044.08810783742,Diesel,manual,1,tata,tata indica
2007,416556.8808823111,256073.26296298316,Diesel,manual,1,toyota,toyota innova
2011,293598.2453212421,122851.94763100184,Diesel,manual,1,volkswagen,volkswagen vento
2006,93631.39594167522,110824.87910669023,Petrol,manual,1,hyundai,hyundai santro
2008,151840.29576674846,117348.4034723448,Petrol,manual,1,maruti,maruti swift
2014,377163.7733910846,109490.74533079549,Diesel,manual,1,maruti,maruti swift
2006,96456.60993877116,70596.05471229447,Petrol,manual,1,maruti,maruti alto
2008,270838.9451532672,305076.8096720354,Diesel,manual,1,mahindra,mahindra scorpio
2011,277160.35161348345,55481.00267098848,Diesel,manual,1,skoda,skoda fabia
2009,188346.50438438175,45654.63424608348,Petrol,manual,1,maruti,maruti zen
2012,247230.52289190496,342063.85402302904,Diesel,manual,1,maruti,maruti swift
2014,188492.25356746305,44216.16632625488,Petrol,manual,1,maruti,maruti alto
2011,467970.34050584375,47394.11296822305,Petrol,manual,1,toyota,toyota corolla
2010,320465.5059047891,83641.66199719021,Petrol,manual,1,ford,ford fiesta
2015,708003.0752645666,74184.45801269029,Diesel,manual,1,hyundai,hyundai verna
2017,590679.5873119308,88981.53218857842,Diesel,manual,1,maruti,maruti swift
2017,396197.8494030272,20149.16179856965,Petrol,manual,1,maruti,maruti wagon
2014,523209.1100269686,122112.70071993471,Diesel,manual,1,maruti,maruti swift
1996,197691.5584280205,68767.9437846877,Diesel,manual,1,mahindra,mahindra jeep
2017,384267.39838074695,21571.61706563411,Petrol,manual,1,maruti,maruti wagon
2010,143117.27553052566,77508.35177578517,Cng,manual,1,maruti,maruti zen
2011,255553.6119108844,142501.4234337976,Diesel,manual,1,maruti,maruti ritz
2014,275117.8394847496,35694.97464702878,Diesel,manual,1,maruti,maruti swift
2016,314054.22500049,74884.33340553692,Petrol,manual,1,tata,tata bolt
2015,463465.3343814401,156094.96115911385,Diesel,manual,1,maruti,maruti swift
2017,784742.1385482872,42073.12137716102,Petrol,automatic,1,skoda,skoda rapid
2014,365471.6435200565,56640.24449359556,Diesel,manual,1,hyundai,hyundai i20
2016,647559.7897145264,23628.154127253754,Petrol,manual,1,hyundai,hyundai i20
2016,703134.1030103898,21464.533004478108,Petrol,manual,1,hyundai,hyundai i20
2007,535840.0175165891,80345.34417462946,Petrol,manual,1,tata,tata new
2015,314859.7190922348,30119.609592084693,Petrol,manual,1,maruti,maruti celerio
2008,154726.12384020907,52637.35607534051,Petrol,manual,1,maruti,maruti swift
2014,315777.6603434986,96185.43168581506,Petrol,manual,1,hyundai,hyundai grand
2004,75338.33521693332,64401.47951226218,Petrol,manual,1,hyundai,hyundai santro
2014,207006.25673909223,93204.92938006498,Diesel,manual,1,tata,tata manza
2016,210367.93705246592,42431.89918466295,Petrol,manual,1,hyundai,hyundai eon
2009,71702.44924377333,125507.02558697836,Petrol,manual,1,tata,tata indica
2011,163465.2653284016,79226.85165035097,Diesel,manual,1,tata,tata manza
2017,272864.2184829324,19489.020075162225,Petrol,manual,1,hyundai,hyundai eon
2018,277393.593389245,20566.960313738666,Petrol,manual,1,maruti,maruti eeco
2014,635265.3276032767,31396.4451153651,Diesel,manual,1,honda,honda city
2019,514375.4911319256,7618.582834023459,Petrol,manual,1,maruti,maruti swift
2008,145374.5360647133,27368.788007048104,Petrol,manual,1,hyundai,hyundai i10
2017,425561.7540455548,30884.79031535519,Petrol,manual,1,maruti,maruti swift
2009,102320.73471859822,117229.2281360316,Diesel,manual,1,ford,ford fiesta
2014,179718.39121718577,65486.73059252154,Petrol,manual,1,maruti,maruti alto
2010,233441.05425222783,37962.47563404598,Petrol,manual,1,hyundai,hyundai i20
2006,84054.76454523625,56207.63359116835,Petrol,manual,1,maruti,maruti zen
2015,400078.5714250954,11530.389652435892,Petrol,manual,1,hyundai,hyundai grand
2019,281600.63119143905,45376.104448561615,Petrol,manual,1,maruti,maruti alto
2016,713450.7885509479,34442.54822001171,Diesel,manual,1,honda,honda amaze
2010,122872.04828123865,57169.35107741398,Petrol,manual,1,maruti,maruti zen
2017,952391.0379898554,51248.23430662826,Diesel,manual,1,maruti,maruti ertiga
2017,659463.9156179695,64251.44942077091,Diesel,manual,1,maruti,maruti swift
2013,367345.2353131336,107590.35535232,Petrol,manual,1,renault,renault duster
2017,859250.4154829269,64128.81744732344,Diesel,manual,1,mahindra,mahindra tuv
2017,631526.244590531,70137.97365249589,Diesel,manual,1,mahindra,mahindra bolero
2017,193989.9043109712,43184.45171015916,Petrol,manual,1,maruti,maruti omni
2009,156294.26214917464,105752.75763098568,Diesel,manual,1,tata,tata new
2007,48830.54355308626,80699.35042733619,Cng,manual,1,maruti,maruti omni
2015,534990.2169367903,90035.97705648051,Petrol,manual,1,hyundai,hyundai i20
2014,461705.8763453405,81125.97863454321,Petrol,manual,1,hyundai,hyundai i20
2012,139464.52646905958,92589.55476959364,Petrol,manual,1,chevrolet,chevrolet spark
2014,470876.98011286405,131288.25771004707,Diesel,manual,1,toyota,toyota etios
2016,518081.06275096687,22943.785845022896,Petrol,manual,1,volkswagen,volkswagen polo
2008,130718.73358474251,75009.67335644223,Petrol,manual,1,maruti,maruti zen
2015,574659.655492529,61107.17146433544,Diesel,manual,1,maruti,maruti swift
2015,601043.4435818515,39562.07354651355,Petrol,manual,1,hyundai,hyundai elite
2009,141387.5258113762,92316.4976544703,Diesel,manual,1,tata,tata indica
2020,341374.3516934572,5700.019617721064,Petrol,manual,1,maruti,maruti alto
2013,287545.9352691517,123158.33282972804,Diesel,manual,1,tata,tata indica
2010,678322.3904104412,188479.95357770304,Diesel,manual,1,toyota,toyota innova
2012,168141.4595889054,80905.53337301983,Diesel,manual,1,chevrolet,chevrolet beat
2010,151187.16755095345,68356.6234440535,Diesel,manual,1,fiat,fiat grande
2015,568570.4851980685,20314.77101794598,Petrol,manual,1,honda,honda mobilio
2013,339263.832962723,83611.99817397674,Diesel,manual,1,mahindra,mahindra quanto
2004,243493.7855341473,176263.25798984215,Diesel,manual,1,mahindra,mahindra bolero
2008,115896.20772699449,106314.8396812638,Diesel,manual,1,tata,tata indica
2008,118900.11886065268,58202.24203044661,Petrol,manual,1,maruti,maruti wagon
2018,227736.7010911512,6334.1657107274905,Petrol,manual,1,renault,renault kwid
2014,173879.0623347223,98258.65919208972,Petrol,manual,1,maruti,maruti alto
2014,307806.6544775816,65282.19656881908,Petrol,manual,1,maruti,maruti wagon
2010,245168.85836514767,35132.58136396395,Petrol,manual,1,hyundai,hyundai i20
2010,146762.40831940586,115388.7635555488,Diesel,manual,1,tata,tata indigo
2004,58293.39475879789,33344.172885195025,Petrol,manual,1,maruti,maruti 800
2006,544766.9360818452,88891.81456947212,Diesel,manual,1,skoda,skoda laura
2013,303866.7527478074,151065.30767026337,Diesel,manual,1,mahindra,mahindra quanto
2019,424563.8350622305,16109.201270732352,Petrol,automatic,1,hyundai,hyundai santro
2009,73495.41222165659,73934.46603127355,Petrol,manual,1,maruti,maruti alto
2014,264969.8678046994,106189.6581908522,Diesel,manual,1,maruti,maruti ritz
2019,586308.3697350393,20490.332536210644,Petrol,automatic,1,maruti,maruti swift
2019,1267562.5408574278,9991.921822663391,Diesel,automatic,1,kia,kia seltos
2019,428367.96645377215,14050.774684452965,Petrol,manual,1,hyundai,hyundai santro
2019,493363.5218973997,11859.723841116132,Cng,manual,1,maruti,maruti eeco
2012,204238.812195396,69744.47551713965,Petrol,manual,1,toyota,toyota etios
2016,366672.2202997767,49969.15578374662,Diesel,manual,1,ford,ford figo
2012,204425.79554505987,100030.84008157256,Diesel,manual,1,volkswagen,volkswagen vento
2018,285306.2816267935,21472.6178923998,Petrol,manual,1,hyundai,hyundai eon
2017,734809.2688707786,45973.98393369524,Diesel,manual,1,maruti,maruti ciaz
2009,199790.6841304597,105107.22026396276,Diesel,manual,1,tata,tata new
2010,243456.4593521428,58136.73093168671,Petrol,manual,1,maruti,maruti swift
2012,176577.4208344898,33811.90036709108,Petrol,manual,1,maruti,maruti alto
2007,120373.8391549694,108947.85659553156,Diesel,manual,1,mahindra,mahindra renault
2014,407429.6353817979,158860.89725251196,Diesel,manual,1,maruti,maruti swift
2011,226215.18797511808,82350.32409575731,Petrol,manual,1,maruti,maruti alto
2010,208337.82019916823,74655.27720096445,Petrol,manual,1,maruti,maruti alto
2009,124476.35542763952,103413.59683282816,Diesel,manual,1,ford,ford ikon
2016,337678.258206013,41300.045555350815,Petrol,manual,1,tata,tata tiago
2011,437680.7858620374,112226.7295752867,Petrol,automatic,1,honda,honda city
2014,483014.83717050514,49974.162786861285,Petrol,manual,1,honda,honda city
2017,273366.2916452354,67996.6341527889,Petrol,manual,1,maruti,maruti alto
2014,438472.90122431953,52972.04915478263,Petrol,automatic,1,ford,ford ecosport
2009,295435.26291144686,221741.9956980656,Diesel,manual,1,maruti,maruti swift
2019,540993.9929695338,89895.44625527113,Petrol,manual,1,hyundai,hyundai xcent
2013,315194.1144144821,64836.472051712575,Diesel,manual,1,hyundai,hyundai i20
2012,389918.33773352863,70151.82470901206,Diesel,manual,1,volkswagen,volkswagen jetta
2018,772710.660425636,24570.050289660176,Diesel,automatic,1,maruti,maruti vitara
2016,428599.6936888832,52397.67433438947,Petrol,manual,1,hyundai,hyundai grand
2018,1164017.3138408994,30452.29245128633,Diesel,manual,1,hyundai,hyundai creta
2011,266978.27034917,116004.45231432846,Diesel,manual,1,maruti,maruti swift
2015,420443.77992503153,73347.53026226921,Diesel,manual,1,hyundai,hyundai grand
2012,400901.0328754363,96535.3339205194,Diesel,manual,1,skoda,skoda laura
2007,104607.0643982188,177930.14616303126,Petrol,manual,1,ford,ford fiesta
2010,924654.1955286212,47591.88950755541,Diesel,automatic,1,audi,audi a6
2012,359412.1689092216,121134.52645310518,Diesel,automatic,1,chevrolet,chevrolet cruze
2015,450072.8773095276,80918.69732244649,Diesel,manual,1,maruti,maruti swift
2013,386204.9439425658,72983.69835060353,Diesel,manual,1,maruti,maruti swift
2013,242206.1261550847,86455.66805227687,Diesel,manual,1,maruti,maruti ertiga
2012,46634.589869313,32613.789456537597,Petrol,manual,1,tata,tata nano
2006,72509.31162227032,92939.71532647448,Petrol,manual,1,maruti,maruti wagon
2013,459310.30644649774,27321.790842057915,Diesel,manual,1,maruti,maruti swift
2013,303045.2993207531,67126.91943462515,Cng,manual,1,maruti,maruti wagon
2016,525060.0499009279,26025.854813068065,Petrol,manual,1,honda,honda jazz
2016,645807.7737404573,49068.76754175808,Diesel,manual,1,maruti,maruti ciaz
2013,441640.268851853,22498.56143294778,Diesel,manual,1,hyundai,hyundai i20
2011,1250260.4669481623,47890.60072540222,Diesel,automatic,1,audi,audi a4
2016,689724.4082304989,59648.16329014378,Diesel,manual,1,maruti,maruti ciaz
2018,917493.9618518084,8938.926942879358,Diesel,manual,1,maruti,maruti vitara
2014,288494.6289038429,49990.720422738006,Diesel,manual,1,chevrolet,chevrolet beat
2011,264204.8047538612,69262.4799332053,Petrol,manual,1,maruti,maruti ritz
2016,641217.7654143804,72867.40441245628,Diesel,manual,1,maruti,maruti baleno
2016,319336.1632468697,110802.44124565508,Petrol,manual,1,hyundai,hyundai xcent
2014,334643.57226603443,58436.95279496686,Diesel,manual,1,chevrolet,chevrolet beat
2012,285580.9622301898,82925.08993749233,Diesel,manual,1,tata,tata new
2012,308344.6590153198,102331.931346957,Diesel,manual,1,renault,renault fluence
2009,110363.82243210996,61197.292930291806,Petrol,manual,1,maruti,maruti wagon
2006,94386.36406180926,71513.65661423045,Petrol,manual,1,hyundai,hyundai accent
2009,114140.07793933286,109051.678123294,Diesel,manual,1,ford,ford fiesta
2016,270952.0998190092,33912.73546503527,Petrol,manual,1,hyundai,hyundai eon
2009,279957.4419636496,45270.0615838835,Petrol,manual,1,hyundai,hyundai i20
2018,639277.3396521413,51784.25990557662,Diesel,manual,1,mahindra,mahindra scorpio
2007,99878.84648773567,112820.6950032623,Petrol,manual,1,hyundai,hyundai getz
2020,528280.9835458441,7224.340313904214,Cng,manual,1,maruti,maruti eeco
2012,205758.05521673293,28489.66975420311,Diesel,manual,1,tata,tata indigo
2009,118738.3337859404,128763.27292663485,Petrol,manual,1,maruti,maruti a-star
2008,106454.54841155432,114355.4665044937,Petrol,manual,1,maruti,maruti alto
2016,161844.19349504597,25053.02705134813,Petrol,manual,1,maruti,maruti alto
2016,485205.1641796824,41056.20676176624,Petrol,manual,1,toyota,toyota etios
2005,47469.61010002243,64612.80515222591,Petrol,manual,1,ford,ford ikon
2007,92221.63461151494,64327.394154806345,Petrol,manual,1,chevrolet,chevrolet aveo
2018,481801.8088624567,26702.27668865971,Petrol,manual,1,hyundai,hyundai grand
2014,414232.8426886099,39614.98310971796,Petrol,manual,1,volkswagen,volkswagen polo
2006,456944.8969938355,121747.08833418024,Petrol,automatic,1,bmw,bmw 5
2019,872920.3421124268,8729.272833850406,Diesel,manual,1,maruti,maruti s-cross
2015,543034.6097497102,95309.94412809525,Diesel,manual,1,maruti,maruti swift
2009,328398.4104864199,20405.49537751913,Diesel,manual,1,hyundai,hyundai verna
2013,282139.14611746825,67702.5176598981,Petrol,manual,1,maruti,maruti wagon
2015,286606.58819986694,49626.13707350096,Petrol,manual,1,maruti,maruti celerio
2011,316043.58726450533,78139.65051326226,Diesel,manual,1,volkswagen,volkswagen vento
2010,339004.90716688044,87678.08962664256,Diesel,manual,1,tata,tata new
2008,234586.64700043376,118592.655900252,Diesel,manual,1,hyundai,hyundai verna
2012,357222.3980421636,121028.90156281256,Diesel,manual,1,maruti,maruti swift
2005,72131.03107366314,63165.25857612529,Petrol,manual,1,maruti,maruti wagon
2008,208904.0158793745,108975.24244608187,Diesel,manual,1,skoda,skoda laura
2011,322413.6757696642,75198.9436397795,Diesel,manual,1,chevrolet,chevrolet cruze
2016,969930.710153349,67862.7494905849,Diesel,manual,1,mahindra,mahindra scorpio
2012,111062.92060116449,46816.42176042308,Petrol,manual,1,maruti,maruti alto
2009,123203.34599295384,106522.57378108674,Petrol,manual,1,maruti,maruti alto
2009,297200.56212720444,96859.25853472792,Petrol,manual,1,honda,honda city
2016,321618.894302189,66234.93995278503,Petrol,manual,1,maruti,maruti celerio
2005,98481.94692089512,76152.63533332487,Petrol,manual,1,maruti,maruti wagon
2006,144969.61150517283,148767.8970804868,Petrol,manual,1,maruti,maruti alto
2010,113108.257758723,65048.01463989847,Petrol,manual,1,maruti,maruti alto
2017,402346.1591568472,37528.39870058654,Diesel,manual,1,toyota,toyota etios
2017,555516.083483006,13815.84999955466,Diesel,manual,1,honda,honda amaze
2017,490468.6404426852,40213.02226410975,Petrol,automatic,1,maruti,maruti ciaz
2013,309628.534572896,28827.63383013445,Diesel,manual,1,mahindra,mahindra quanto
2018,1170552.2466017113,24219.64523331027,Diesel,manual,1,hyundai,hyundai verna
2015,433502.1581435311,28784.438808175644,Petrol,manual,1,maruti,maruti swift
2011,265036.4353834175,29402.968255925647,Petrol,manual,1,maruti,maruti wagon
2013,358681.2075329044,94731.74324296086,Petrol,manual,1,ford,ford ecosport
2013,724884.4978902317,33950.40428046707,Diesel,manual,1,mahindra,mahindra xuv500
2017,317831.6049169252,8333.125759603683,Petrol,automatic,1,renault,renault kwid
2009,183918.7458484388,28034.336503725324,Petrol,manual,1,maruti,maruti wagon
2017,628998.930549436,38963.741102436026,Diesel,manual,1,maruti,maruti swift
2017,303356.56061830546,17088.255699861107,Petrol,manual,1,renault,renault kwid
2012,220003.35682104743,39010.587509336125,Petrol,manual,1,hyundai,hyundai eon
2014,291048.81752565346,23357.105753185577,Petrol,automatic,1,maruti,maruti wagon
2017,399758.53803965496,53845.22512150417,Diesel,manual,1,mahindra,mahindra bolero
2012,724805.2601745317,55674.51886632728,Diesel,manual,1,mahindra,mahindra xuv500
2015,909987.3768575168,55817.92025123239,Diesel,manual,1,toyota,toyota innova
2016,352987.9465399441,25869.053672820937,Petrol,manual,1,maruti,maruti wagon
2007,270268.7288791143,9585.78297732217,Petrol,manual,1,maruti,maruti zen
2005,121399.83421382098,101019.91589261474,Diesel,manual,1,mahindra,mahindra scorpio
2015,326483.05526906933,128512.4950424285,Diesel,manual,1,maruti,maruti celerio
2017,383103.3707680456,31014.634050977485,Petrol,manual,1,maruti,maruti celerio
2012,513531.5599797581,111194.68833923622,Diesel,manual,1,hyundai,hyundai verna
2013,215753.8950443476,95054.53367473076,Diesel,manual,1,nissan,nissan sunny
2008,116086.64440440394,73849.09540710691,Petrol,manual,1,ford,ford fiesta
2007,74276.07286432725,53510.42949649715,Petrol,manual,1,hyundai,hyundai santro
2017,879965.3221320405,14527.778629921346,Petrol,manual,1,maruti,maruti swift
2014,487429.9297502509,310398.3085765608,Diesel,manual,1,maruti,maruti swift
2012,577084.2884845582,173379.5417925477,Diesel,manual,1,mahindra,mahindra scorpio
2016,279118.70490113564,37671.95498366856,Petrol,manual,1,datsun,datsun go
2008,196092.4070347509,46580.37856470733,Petrol,manual,1,hyundai,hyundai i10
2007,124391.07651556596,87598.04999533012,Diesel,manual,1,ford,ford fiesta
2011,272773.7721710212,158061.00434448442,Diesel,manual,1,toyota,toyota etios
2002,118400.47036130076,49732.9909138072,Petrol,manual,1,maruti,maruti alto
2010,421773.2972574117,113240.06355081896,Diesel,manual,1,toyota,toyota innova
2010,149108.21297970923,110460.49420888005,Diesel,manual,1,tata,tata indigo
2018,767591.977139407,32537.00005706833,Diesel,manual,1,mahindra,mahindra bolero
2013,107495.15910432544,79402.00410342033,Petrol,manual,1,maruti,maruti 800
2017,863620.7618025304,12039.6336803486,Petrol,automatic,1,volkswagen,volkswagen polo
2015,255238.14130933443,33281.05937836397,Petrol,manual,1,maruti,maruti alto
2008,191992.46844052448,61964.84884791444,Petrol,manual,1,maruti,maruti wagon
2014,254388.15412104147,64980.27263119219,Petrol,manual,1,maruti,maruti omni
2015,479557.399357203,47629.15534889507,Petrol,automatic,1,hyundai,hyundai xcent
2019,706529.1725524412,4759.960948855683,Diesel,manual,1,maruti,maruti swift
2019,696143.9470276018,5039.804287204801,Diesel,manual,1,maruti,maruti swift
2012,242964.25856053407,52932.33651453197,Petrol,manual,1,hyundai,hyundai eon
2013,251997.87122608468,65438.581926313214,Cng,manual,1,maruti,maruti alto
2011,220705.86933356192,94404.9214250593,Petrol,manual,1,maruti,maruti ritz
2011,296198.49416327645,64260.67304163439,Petrol,manual,1,hyundai,hyundai i20
2012,309464.541469239,68540.94383019849,Petrol,manual,1,maruti,maruti wagon
2017,550566.4785494274,46048.72128242968,Petrol,manual,1,maruti,maruti swift
2012,372279.78436210856,98893.09604249352,Petrol,manual,1,volkswagen,volkswagen vento
2012,86113.28308338267,20128.23411203996,Petrol,manual,1,tata,tata nano
2015,687222.6160025747,54395.71969868463,Diesel,manual,1,maruti,maruti ertiga
2015,455919.5930457978,44839.32094966343,Petrol,manual,1,honda,honda amaze
2014,133655.95349296238,42698.63575190266,Petrol,manual,1,tata,tata nano
2016,707154.8739730903,90051.4300613761,Diesel,manual,1,maruti,maruti ciaz
2011,271355.1373066353,65342.66100207675,Diesel,manual,1,nissan,nissan micra
2018,500400.6685028853,59743.19132915069,Petrol,automatic,1,maruti,maruti baleno
2017,590400.2489851761,109413.2195906782,Diesel,manual,1,ford,ford figo
2011,285823.887651962,104307.6488183236,Diesel,manual,1,volkswagen,volkswagen vento
2015,404589.6297116756,82838.57319787695,Diesel,manual,1,renault,renault pulse
2002,31737.904441272232,96009.87288807642,Petrol,manual,1,opelcorsa,opelcorsa 1.4
2018,1249845.9407088298,20954.38883498938,Diesel,manual,1,mahindra,mahindra xuv500
2017,698838.8320278986,50641.4844343669,Petrol,manual,1,maruti,maruti ciaz
2012,446933.4618048258,37509.07805352467,Diesel,manual,1,maruti,maruti swift
2014,492722.4699289632,60959.43206390074,Diesel,manual,1,maruti,maruti swift
2008,548105.742083388,73908.53038584653,Diesel,manual,1,toyota,toyota innova
2017,972994.4932397614,52219.70053072842,Petrol,manual,1,volkswagen,volkswagen jetta
2015,461764.8764674518,93578.98643388,Diesel,manual,1,honda,honda mobilio
2014,418625.7632182284,77598.5237315247,Diesel,manual,1,volkswagen,volkswagen polo
2004,42252.61306448619,55365.79514187631,Petrol,manual,1,maruti,maruti 800
2014,518952.7927676143,76019.65235128319,Diesel,manual,1,toyota,toyota innova
2007,85809.83924995865,113195.93982245984,Petrol,manual,1,maruti,maruti 800
2014,54778.82944807517,44289.781588907295,Petrol,manual,1,tata,tata nano
2001,86475.19152662468,84082.57772617675,Diesel,manual,1,mahindra,mahindra bolero
2019,190999.48910098968,22670.53893215847,Petrol,manual,1,maruti,maruti alto
2015,318092.26081281336,42512.00091450287,Petrol,manual,1,ford,ford figo
2017,247178.48636259648,52548.91449937277,Diesel,manual,1,tata,tata tiago
2016,236955.5223078203,57338.72236888597,Diesel,manual,1,tata,tata zest
2008,84759.3442546294,80217.77564879209,Diesel,manual,1,tata,tata indica
2010,492767.4212911932,141737.43289021737,Diesel,manual,1,toyota,toyota innova
2005,318076.86773412937,108938.6374009802,Diesel,manual,1,toyota,toyota innova
2012,492374.36570141057,117683.882549367,Diesel,manual,1,toyota,toyota innova
2016,815425.7875280419,67382.33836685597,Diesel,manual,1,maruti,maruti ertiga
2016,771365.8144287977,57446.67352729778,Diesel,manual,1,hyundai,hyundai creta
2016,458248.55463905545,56923.257072653,Petrol,manual,1,honda,honda amaze
2010,113615.10879586102,77498.31506589119,Diesel,manual,1,tata,tata indica
2012,410081.1308269202,98847.562996467,Diesel,manual,1,chevrolet,chevrolet tavera
2015,537676.2133204867,16097.638642623968,Petrol,manual,1,ford,ford figo
2017,850361.1765691502,43388.45573874503,Diesel,manual,1,ford,ford ecosport
2015,250311.9112718284,36352.20288164378,Petrol,manual,1,hyundai,hyundai i10
1998,39001.2445146161,36047.16003023719,Petrol,manual,1,maruti,maruti 800
2012,119509.12536851036,74275.63762000963,Petrol,manual,1,chevrolet,chevrolet spark
2015,207519.3505122412,82417.32777982781,Petrol,manual,1,hyundai,hyundai eon
2011,110297.56937841044,65246.17611553204,Diesel,manual,1,tata,tata indica
2003,73445.93741660695,61909.99248212026,Petrol,manual,1,hyundai,hyundai santro
2016,247858.8668763834,108436.89902097567,Diesel,manual,1,tata,tata bolt
2005,100206.48474553422,24531.544951076678,Petrol,manual,1,maruti,maruti 800
2015,567287.3010044432,5030.898866949096,Petrol,manual,1,hyundai,hyundai i20
2018,642424.8134352881,8850.816494924422,Petrol,manual,1,hyundai,hyundai i20
2014,344530.54008401494,73650.94060207644,Petrol,manual,1,ford,ford figo
2011,341934.2811887509,96168.57288414388,Diesel,manual,1,maruti,maruti sx4
2016,448513.8883199975,102356.18738387414,Diesel,manual,1,honda,honda amaze
2011,198506.28549421363,137306.98447195964,Diesel,manual,1,tata,tata manza
2013,217179.10060862364,11593.796863415,Diesel,manual,1,nissan,nissan micra
2005,58702.36294627432,4577.890317600137,Petrol,manual,1,ford,ford ikon
2009,345012.9236034466,112398.53969968538,Diesel,automatic,1,skoda,skoda superb
2012,147998.70389565112,52930.80000064242,Diesel,manual,1,chevrolet,chevrolet beat
2011,138487.31711608925,72008.54871795482,Diesel,manual,1,tata,tata indica
2015,687300.7643201337,43576.54279178903,Diesel,automatic,1,chevrolet,chevrolet cruze
2014,221788.86764702667,33290.94663763494,Petrol,manual,1,nissan,nissan micra
2013,137444.3198124329,78926.32269050661,Diesel,manual,1,chevrolet,chevrolet beat
2007,57711.39028181998,58139.79166159386,Petrol,manual,1,maruti,maruti 800
2005,125423.3506863728,140301.67499165062,Diesel,manual,1,mahindra,mahindra scorpio
2005,101901.6668995684,102447.61921599648,Diesel,manual,1,hyundai,hyundai accent
2004,85166.33843187953,72346.54802237097,Petrol,manual,1,maruti,maruti zen
2012,114130.748166514,104404.23931209448,Diesel,manual,1,chevrolet,chevrolet beat
2005,134992.07941143052,37229.73460318789,Petrol,manual,1,maruti,maruti zen
2013,416254.1354722803,18565.15116556971,Diesel,manual,1,chevrolet,chevrolet enjoy
2001,66236.44073721865,140099.26435085366,Petrol,manual,1,maruti,maruti wagon
2017,411976.2117915131,45151.88894827106,Petrol,manual,1,nissan,nissan micra
2014,287385.6857274664,45807.43920945506,Petrol,manual,1,hyundai,hyundai eon
2008,73082.0736194833,52222.553144083744,Petrol,manual,1,tata,tata indica
2015,278747.68141364475,33177.44475688473,Diesel,manual,1,chevrolet,chevrolet sail
2013,195239.33101306483,85794.67234782016,Diesel,manual,1,tata,tata indigo
2018,511789.9229128712,12351.790931506546,Petrol,manual,1,hyundai,hyundai elite
2014,343165.29044288566,106316.87874462134,Diesel,manual,1,chevrolet,chevrolet enjoy
2017,422253.1227357442,21169.16505350398,Petrol,automatic,1,maruti,maruti wagon
2015,285102.58749340085,22979.268302989,Petrol,manual,1,renault,renault kwid
2016,404118.8644257475,21363.49516430448,Petrol,manual,1,maruti,maruti celerio
2016,460030.9971140821,38714.75099812157,Petrol,manual,1,ford,ford figo
2012,260646.46162553123,47904.87924699954,Petrol,manual,1,hyundai,hyundai eon
2016,653446.7027850348,49399.10088784184,Diesel,manual,1,ford,ford ecosport
2015,268935.450984227,56214.54534450264,Petrol,manual,1,maruti,maruti alto
2016,352694.57866004854,57878.99475016671,Petrol,manual,1,ford,ford figo
2014,236693.74580131413,40154.2130226513,Petrol,manual,1,maruti,maruti 800
2015,861124.7946170877,114972.09451714918,Diesel,manual,1,mahindra,mahindra xuv500
2019,811380.5737400545,9536.264639704075,Petrol,manual,1,tata,tata nexon
2013,318914.88085482054,46980.925576403744,Diesel,manual,1,honda,honda amaze
2016,317276.8922582397,26746.13765958208,Petrol,manual,1,maruti,maruti alto
2018,681408.0040966851,22340.846027099487,Petrol,manual,1,hyundai,hyundai i20
2014,290979.303914539,38671.108795001615,Petrol,manual,1,datsun,datsun go
2018,650045.9652450167,46560.61502150487,Diesel,automatic,1,maruti,maruti swift
2011,273203.87117464625,19325.10905287205,Petrol,manual,1,hyundai,hyundai i10
2011,416212.4452108423,68286.54583098012,Diesel,manual,1,chevrolet,chevrolet captiva
2010,460670.1476876083,103721.73381217186,Diesel,manual,1,mahindra,mahindra scorpio
2008,284146.3275944221,130799.30114734553,Diesel,manual,1,tata,tata new
2010,164710.16600437724,83269.70931295409,Petrol,manual,1,maruti,maruti wagon
2014,198800.38700629596,56233.68557334712,Petrol,manual,1,hyundai,hyundai eon
2015,624149.7709758607,49825.31395165286,Diesel,manual,1,maruti,maruti ertiga
2014,283806.60189539334,45301.79564783452,Petrol,manual,1,maruti,maruti wagon
2015,81149.77374666698,19606.400577229328,Petrol,manual,1,tata,tata nano
2016,651430.6599148462,75101.32708316656,Diesel,manual,1,mahindra,mahindra tuv
2015,310506.75562566647,77591.61064508691,Diesel,manual,1,hyundai,hyundai grand
2017,1162919.04850501,30921.289844871146,Diesel,manual,1,honda,honda brv
2017,810812.7693138669,26884.915533369127,Diesel,manual,1,hyundai,hyundai verna
2010,1063401.7867053282,170833.70159152074,Diesel,manual,1,toyota,toyota fortuner
2014,173948.80906539163,81935.41232185629,Petrol,manual,1,maruti,maruti alto
2014,228170.36479567192,32718.039105410586,Diesel,manual,1,mahindra,mahindra verito
2009,185950.85145726887,61677.17884560788,Petrol,manual,1,hyundai,hyundai verna
2005,316656.7962458382,79210.71198101387,Diesel,manual,1,mahindra,mahindra bolero
2015,239523.7700515712,141615.47219143133,Petrol,manual,1,tata,tata zest
2008,90330.65387230698,83837.50608597751,Petrol,manual,1,maruti,maruti 800
2001,63964.87204963239,70547.35870859404,Petrol,manual,1,hyundai,hyundai santro
2017,545439.6529779198,31096.75470184739,Petrol,manual,1,hyundai,hyundai grand
2017,954593.703306718,57102.96689164368,Diesel,manual,1,hyundai,hyundai verna
2007,102516.86570339128,49600.20676694355,Petrol,manual,1,maruti,maruti alto
2016,727801.9352431782,154389.99926938227,Diesel,manual,1,renault,renault duster
2017,314465.2933425477,91100.58850420133,Petrol,manual,1,maruti,maruti wagon
2014,1092492.151968727,90509.6296963718,Diesel,manual,1,toyota,toyota innova
2008,71072.60963708682,104263.0139176386,Diesel,manual,1,tata,tata indigo
2016,555090.1644997278,48124.51161399664,Diesel,manual,1,maruti,maruti swift
2012,138201.85585982123,104423.551443945,Diesel,manual,1,tata,tata indigo
2008,127941.9058878688,76742.80976935744,Petrol,manual,1,hyundai,hyundai i10
2016,588009.061024288,26233.096045037106,Petrol,manual,1,hyundai,hyundai i20
2010,159459.2436288065,58930.05257627201,Diesel,manual,1,tata,tata xenon
2011,395985.5422817241,51704.54219198548,Petrol,manual,1,volkswagen,volkswagen vento
2015,325988.8278413076,31723.410363210176,Petrol,manual,1,maruti,maruti alto
2015,555055.9051348488,29067.671607588138,Petrol,manual,1,maruti,maruti baleno
2016,585514.9085707685,54040.37000578019,Diesel,manual,1,hyundai,hyundai i20
2013,339870.89176026004,76782.50387421776,Diesel,manual,1,hyundai,hyundai grand
1992,47265.6715755643,100384.18494301748,Petrol,manual,1,maruti,maruti 800
2018,450110.3632941976,31794.428494197866,Petrol,manual,1,hyundai,hyundai grand
2018,379370.43717322446,24320.585186997472,Petrol,manual,1,renault,renault kwid
2017,707214.2850901574,50877.09806961111,Diesel,manual,1,maruti,maruti vitara
2012,649639.386432219,128299.75200311336,Diesel,manual,1,maruti,maruti ertiga
2017,657685.3300994212,78456.14593388439,Diesel,manual,1,hyundai,hyundai i20
2017,688461.0203026723,55177.23531183236,Diesel,manual,1,maruti,maruti vitara
2011,213846.00756085792,102011.29907950747,Lpg,manual,1,chevrolet,chevrolet beat
2012,360292.39446211216,126333.1719979084,Diesel,manual,1,renault,renault duster
2012,491869.1005861638,91960.05525489808,Diesel,manual,1,hyundai,hyundai verna
2015,528092.874369241,78450.35949511353,Diesel,manual,1,maruti,maruti ciaz
2014,536634.2358834906,128339.55657930534,Diesel,manual,1,honda,honda amaze
2015,220513.36499348807,20454.907756192177,Petrol,manual,1,datsun,datsun go
2018,277981.43420203787,23162.5522244065,Petrol,manual,1,maruti,maruti eeco
2010,281117.5484345958,77348.90108020716,Petrol,manual,1,skoda,skoda superb
2007,83053.42077417782,64213.66242159986,Petrol,manual,1,maruti,maruti wagon
2013,1318619.765992091,81520.11886712773,Diesel,automatic,1,mercedes-benz,mercedes-benz e-class
2018,1184177.2111727386,17258.929659346548,Diesel,manual,1,tata,tata safari
2009,254842.58937664187,79208.69432690754,Diesel,automatic,1,hyundai,hyundai verna
2017,767888.6099667419,28409.113619802363,Petrol,manual,1,honda,honda wr-v
2018,277058.8649812551,17254.115297355766,Petrol,manual,1,hyundai,hyundai eon
2017,382478.8054270939,88150.83630593157,Diesel,manual,1,hyundai,hyundai xcent
2017,601914.7382973392,26467.10689093231,Petrol,automatic,1,hyundai,hyundai elite
2012,296305.9436174468,32730.48777816384,Petrol,manual,1,honda,honda city
2017,1139628.4325301982,71209.22627868316,Diesel,automatic,1,mahindra,mahindra xuv500
2008,115685.4809829297,43374.05733535303,Petrol,manual,1,tata,tata indigo
2018,815693.7541711583,7123.061457027225,Petrol,manual,1,honda,honda city
2007,68679.66992285835,95132.37035263232,Petrol,manual,1,maruti,maruti swift
2014,171750.38546929442,79226.9755615526,Petrol,manual,1,chevrolet,chevrolet beat
2016,797167.4141898477,5612.375124784926,Petrol,manual,1,maruti,maruti ciaz
2017,274868.2937595101,27411.63011159644,Petrol,manual,1,hyundai,hyundai eon
2018,671608.2708828383,11634.151511393417,Petrol,manual,1,maruti,maruti baleno
2008,119789.17786132768,115704.99138670888,Petrol,manual,1,tata,tata indigo
2007,70637.44714712314,95637.5741312788,Petrol,manual,1,maruti,maruti swift
2007,77297.46411933344,89874.68688651842,Petrol,manual,1,hyundai,hyundai santro
2018,1435525.91853206,8778.751575214936,Petrol,automatic,1,hyundai,hyundai elantra
2013,352424.03699028486,121707.79318223706,Diesel,manual,1,nissan,nissan sunny
1998,89438.59912007976,143602.6839093636,Petrol,manual,1,honda,honda city
2018,902575.947511728,25195.276631613007,Diesel,manual,1,hyundai,hyundai verna
2017,724812.3938505983,43947.95048904876,Diesel,manual,1,maruti,maruti s-cross
2013,683455.5221329861,46836.54133045188,Diesel,manual,1,hyundai,hyundai elantra
2014,384680.2820036681,42275.83243279245,Diesel,manual,1,chevrolet,chevrolet sail
2013,533092.1463389782,77638.69451216889,Diesel,manual,1,hyundai,hyundai verna
2016,313959.4470531964,67815.82758567456,Petrol,manual,1,maruti,maruti eeco
2013,271235.5559993798,63993.27151970403,Petrol,manual,1,maruti,maruti eeco
2014,503789.24855734967,45015.83055838967,Petrol,manual,1,maruti,maruti swift
2011,377459.4893868624,113436.85643384416,Diesel,manual,1,volkswagen,volkswagen polo
2012,487408.2690947331,54383.59056827126,Petrol,manual,1,honda,honda city
2016,563215.6593170648,58505.57694671957,Diesel,manual,1,hyundai,hyundai verna
2014,239479.40259768616,47234.06325428005,Petrol,manual,1,datsun,datsun go
2010,86045.30004748238,81088.31796891365,Petrol,manual,1,chevrolet,chevrolet spark
2012,320719.1812666968,93674.8110280431,Diesel,manual,1,hyundai,hyundai i20
2013,234233.8793839427,63419.502102926366,Petrol,manual,1,maruti,maruti wagon
2011,238830.40797299688,89367.82912971449,Petrol,manual,1,hyundai,hyundai i20
2016,679915.2971374408,40562.96271043526,Diesel,manual,1,honda,honda mobilio
2008,212479.27270848656,86634.12907085943,Diesel,manual,1,tata,tata new
2015,448791.6962121516,151482.85786301593,Diesel,manual,1,volkswagen,volkswagen vento
2010,207205.3168608596,117328.50080802196,Diesel,manual,1,maruti,maruti swift
2018,446986.4220023158,13852.28300346233,Petrol,manual,1,maruti,maruti wagon
2008,95089.21062018596,100328.86026709597,Petrol,manual,1,tata,tata indica
2012,173413.45604651346,170668.131619479,Lpg,manual,1,hyundai,hyundai eon
2016,243494.4586910838,39543.18673982678,Petrol,manual,1,datsun,datsun redigo
1999,48152.70117931496,48404.76095739671,Petrol,manual,1,maruti,maruti 800
2007,513983.0897072929,124195.70581727124,Petrol,manual,1,maruti,maruti grand
2016,347101.0652241185,71146.60749879006,Petrol,manual,1,mahindra,mahindra kuv
2016,341081.4068312272,27552.90837137885,Petrol,manual,1,hyundai,hyundai eon
2016,636434.1055158541,33614.31349346598,Petrol,manual,1,maruti,maruti swift
2012,251094.16486039132,52973.11497718215,Diesel,manual,1,tata,tata manza
2018,416784.5903099536,38188.622085444775,Diesel,manual,1,tata,tata tiago
2015,267828.6233820588,47585.61225109986,Petrol,manual,1,maruti,maruti wagon
2003,47007.22915332359,46456.52244930399,Petrol,manual,1,hyundai,hyundai santro
2015,100385.48341276396,27759.299321463488,Petrol,manual,1,tata,tata nano
2015,472443.0567539406,73725.56886671824,Diesel,manual,1,nissan,nissan terrano
2010,121550.15090080154,75852.14595702701,Lpg,manual,1,maruti,maruti wagon
2008,130706.79144597902,100329.4838994244,Petrol,manual,1,hyundai,hyundai i10
2013,165309.90638186203,67726.81734502906,Petrol,manual,1,hyundai,hyundai eon
2019,176493.96579067927,5137.959752491817,Petrol,manual,1,maruti,maruti alto
2011,245636.65470469877,41276.36610054126,Petrol,manual,1,hyundai,hyundai i10
2019,542273.38580145,17255.051666197247,Petrol,manual,1,maruti,maruti ignis
2008,407110.92400585447,38382.03127368453,Petrol,manual,1,toyota,toyota corolla
2011,453321.4076669341,21034.47899485716,Petrol,manual,1,fiat,fiat linea
2008,288523.0725022931,106479.52170054668,Petrol,manual,1,honda,honda civic
2007,238255.55028046065,40812.822126856765,Petrol,automatic,1,honda,honda civic
2010,108976.0345303784,77402.25616084931,Diesel,manual,1,ford,ford figo
2018,522465.5268068412,19561.80642063616,Petrol,manual,1,hyundai,hyundai i20
2020,221339.48280606323,34873.36678353759,Petrol,manual,1,maruti,maruti alto
2012,204132.36581268735,12056.361503648644,Petrol,manual,1,maruti,maruti alto
2009,143164.9989591814,44971.77211506237,Petrol,manual,1,maruti,maruti alto
2008,128634.02344872605,59622.180463085686,Petrol,manual,1,hyundai,hyundai i10
2016,387225.45587019465,22955.41523611629,Petrol,manual,1,maruti,maruti celerio
2019,541161.7941871174,4782.715819365739,Petrol,manual,1,maruti,maruti baleno
2016,471347.1409447309,30155.794194680984,Petrol,manual,1,maruti,maruti swift
2018,594961.5954657755,38650.87431192828,Diesel,manual,1,maruti,maruti swift
2015,230443.5652854634,24257.62483852076,Petrol,manual,1,maruti,maruti wagon
2007,92599.38857018958,105601.88419787184,Petrol,manual,1,maruti,maruti wagon
2014,225827.3975845433,90427.48538687872,Diesel,manual,1,ford,ford figo
2007,91363.07638504489,131161.56712314326,Petrol,manual,1,maruti,maruti wagon
2016,365201.7019026194,55588.37904715683,Diesel,manual,1,ford,ford figo
2012,363277.5256118546,56451.45769095156,Diesel,manual,1,renault,renault duster
2004,127287.6600797655,99082.31541478192,Petrol,manual,1,maruti,maruti zen
2017,529217.3158899979,44758.37132651142,Petrol,automatic,1,ford,ford figo
2017,841552.5667069091,24422.043957888247,Diesel,manual,1,maruti,maruti ertiga
2018,789689.2434820357,25154.13794047616,Diesel,manual,1,maruti,maruti ciaz
2016,339221.25270434195,27904.63236804852,Petrol,manual,1,maruti,maruti wagon
2017,589367.0627548229,36038.783595445486,Petrol,manual,1,maruti,maruti baleno
2011,351646.8222395161,76771.4000400225,Diesel,manual,1,chevrolet,chevrolet cruze
2006,475053.6505353848,56060.15606304522,Diesel,manual,1,toyota,toyota innova
2003,63415.99130579637,119851.66289718806,Petrol,manual,1,maruti,maruti wagon
2010,129447.02065876123,43948.631660751205,Petrol,manual,1,maruti,maruti zen
2015,189815.17683489184,221568.70537742943,Diesel,manual,1,mahindra,mahindra ingenio
2013,245231.70413928945,73380.90391162079,Diesel,manual,1,tata,tata indigo
2010,245172.07089393912,82507.4579893093,Petrol,manual,1,maruti,maruti wagon
2011,155396.3545265252,139643.89656115093,Petrol,manual,1,maruti,maruti sx4
2013,162888.58406335505,74878.04302586235,Diesel,manual,1,chevrolet,chevrolet beat
2017,775610.1300087193,99389.64880377208,Diesel,automatic,1,volkswagen,volkswagen vento
2019,1380337.4981845606,23023.992843499564,Petrol,manual,1,toyota,toyota corolla
2017,545780.8179476935,22489.122651638063,Petrol,manual,1,maruti,maruti baleno
2008,56364.37729808204,65204.71951891958,Petrol,manual,1,maruti,maruti 800
2012,1085480.3184706392,66321.3711714706,Petrol,automatic,1,audi,audi a4
2013,476805.634657849,162210.86644403785,Diesel,manual,1,mahindra,mahindra scorpio
2009,122891.18859535948,68882.27448436497,Petrol,manual,1,maruti,maruti swift
2012,290835.5900276653,284279.93439321464,Diesel,manual,1,toyota,toyota innova
2018,304640.29455110425,26549.981734195608,Petrol,manual,1,hyundai,hyundai eon
2015,298888.1915410346,23051.25242812556,Petrol,manual,1,datsun,datsun go
2018,586928.223728993,69581.20613440633,Cng,manual,1,maruti,maruti ertiga
2012,397417.363774168,41222.15779232114,Petrol,manual,1,ambassador,ambassador grand
2007,116312.42794833652,59933.48751558114,Petrol,manual,1,hyundai,hyundai verna
2012,428874.4908063229,45687.030098557545,Diesel,automatic,1,skoda,skoda laura
2007,122857.98475570396,63275.88460461738,Petrol,manual,1,maruti,maruti wagon
2010,107532.80674644628,75901.44140641823,Diesel,manual,1,tata,tata indica
2010,196829.25400797208,280818.3325889917,Diesel,manual,1,mahindra,mahindra xylo
2015,308322.7631067065,61871.5770601559,Petrol,manual,1,hyundai,hyundai grand
2014,313261.52289137087,58452.096410361606,Petrol,manual,1,maruti,maruti wagon
2016,316695.1857489211,116318.85846744746,Petrol,manual,1,volkswagen,volkswagen crosspolo
2018,767343.843417198,46365.26716602846,Petrol,manual,1,maruti,maruti ertiga
2016,273354.6049653095,205194.2266006512,Diesel,manual,1,hyundai,hyundai xcent
2017,493020.1608409667,66660.30839934203,Petrol,manual,1,hyundai,hyundai i20
2011,168920.94063311702,59166.56558285119,Cng,manual,1,maruti,maruti wagon
2013,373658.19330738153,83888.05992293278,Diesel,manual,1,maruti,maruti sx4
2017,380430.9678639063,45722.44347450772,Petrol,manual,1,maruti,maruti eeco
2011,303158.2667497443,84333.26773706138,Diesel,manual,1,volkswagen,volkswagen vento
2013,330295.85508950823,72242.08060811348,Diesel,manual,1,maruti,maruti ritz
2016,310311.6315027237,69414.40065730721,Cng,manual,1,maruti,maruti wagon
2013,246264.044926102,62870.45016785787,Diesel,manual,1,maruti,maruti swift
2013,262565.4221148257,60369.097226006335,Diesel,manual,1,maruti,maruti swift
2015,223840.6925451848,58643.408166582274,Petrol,manual,1,chevrolet,chevrolet beat
2020,587851.7714507758,5392.971097562562,Petrol,manual,1,hyundai,hyundai grand
2015,296594.8074080516,52402.53374363989,Petrol,manual,1,hyundai,hyundai i10
2010,127424.48260233105,77405.69289492123,Petrol,manual,1,chevrolet,chevrolet beat
2017,239059.6039196404,45999.76962240697,Petrol,manual,1,renault,renault kwid
2018,392066.7646347265,16811.2059495115,Petrol,manual,1,renault,renault kwid
2012,261465.04787415985,63854.767789864,Diesel,manual,1,hyundai,hyundai i20
2019,515403.1577869154,107115.51424264666,Diesel,automatic,1,skoda,skoda laura
2016,559644.2883448497,40288.00190426271,Diesel,manual,1,hyundai,hyundai i20
2010,140064.4417768306,94337.35555006964,Diesel,manual,1,tata,tata indigo
2017,707810.4282076602,54290.2028656428,Diesel,manual,1,ford,ford ecosport
2016,1252035.6983132244,5640.7802798127495,Diesel,manual,1,mahindra,mahindra xuv500
2004,77706.4870217285,61758.55807373198,Petrol,manual,1,hyundai,hyundai santro
2015,441223.9471007797,12177.260164010411,Petrol,manual,1,hyundai,hyundai grand
2018,524695.3188002204,9555.970232579246,Petrol,automatic,1,maruti,maruti celerio
2012,183977.1179511865,42337.00244100363,Petrol,manual,1,hyundai,hyundai santro
2015,751862.5737475611,9898.251164237445,Petrol,manual,1,honda,honda city
2008,147760.73248686505,55451.005372235326,Petrol,manual,1,maruti,maruti wagon
2002,81761.43081781601,32688.91163370409,Petrol,manual,1,maruti,maruti 800
2010,121532.76789992666,112297.82836397648,Diesel,manual,1,ford,ford figo
2012,289164.3924354237,73273.29747462021,Diesel,manual,1,ford,ford figo
2011,252856.1318755189,102745.79656353584,Diesel,manual,1,mahindra,mahindra xylo
2008,83309.64101857047,136067.05122549154,Petrol,manual,1,maruti,maruti zen
2010,76572.34464894493,11431.40161795694,Petrol,manual,1,tata,tata nano
2013,220209.9138416712,51136.1068061803,Diesel,manual,1,maruti,maruti ritz
2010,394647.91567442514,66198.9833625331,Diesel,manual,1,mahindra,mahindra xylo
2013,233448.9530373173,52134.90119333148,Diesel,manual,1,maruti,maruti ritz
2006,74898.86147919313,114787.09607634653,Petrol,manual,1,hyundai,hyundai santro
2013,287839.83470541326,57559.93593363596,Petrol,manual,1,hyundai,hyundai i10
2018,293777.7913941726,22554.969466653158,Petrol,manual,1,hyundai,hyundai eon
2014,512513.9321638269,109596.328601421,Diesel,manual,1,nissan,nissan terrano
2016,1420617.293878151,56545.13753973793,Diesel,manual,1,hyundai,hyundai creta
2014,569867.7033862987,70661.86727614583,Diesel,manual,1,mahindra,mahindra xuv500
2018,421236.8890692939,85466.27065368133,Petrol,manual,1,tata,tata tiago
2009,136214.5086105042,121225.3868408324,Petrol,manual,1,maruti,maruti zen
2010,300846.7307439481,98199.54951752746,Diesel,manual,1,skoda,skoda laura
2006,101964.70665790496,60178.15666146197,Petrol,manual,1,hyundai,hyundai santro
2017,345230.9436977817,20355.48073734681,Petrol,manual,1,maruti,maruti alto
2018,797867.8757062474,17421.56463993391,Petrol,manual,1,ford,ford ecosport
2008,126371.0759892046,43550.14199469333,Petrol,manual,1,maruti,maruti alto
2015,529480.9903456087,18833.896000935696,Petrol,manual,1,ford,ford aspire
2017,532412.621379691,20718.94870378298,Petrol,automatic,1,hyundai,hyundai grand
2015,450609.4309286873,153554.6890139525,Diesel,manual,1,ford,ford ecosport
2013,835104.4463272962,113369.79098095834,Diesel,automatic,1,ford,ford endeavour
2011,515893.8742339257,265324.91263388103,Diesel,manual,1,ford,ford endeavour
1998,86352.29561763522,127698.86488558073,Petrol,manual,1,maruti,maruti zen
2011,181939.20789116903,186151.7577928137,Diesel,manual,1,mahindra,mahindra verito
2017,1397935.5135219318,16625.706598709283,Diesel,automatic,1,mahindra,mahindra xuv500
2017,727779.3778634318,44936.75159882967,Diesel,manual,1,renault,renault duster
2017,241324.0766803079,13139.663528350911,Petrol,manual,1,datsun,datsun redigo
2018,676684.049495942,22183.833137781497,Petrol,automatic,1,maruti,maruti ignis
2019,738330.1846321223,29209.079345534607,Diesel,manual,1,tata,tata nexon
2013,686336.0502230168,74783.09137974841,Diesel,manual,1,mahindra,mahindra xuv500
2015,434660.70372852753,67010.22216609445,Diesel,manual,1,maruti,maruti swift
2006,169604.14097577686,252486.78461568232,Diesel,manual,1,mahindra,mahindra scorpio
2017,550054.7300341501,69188.93992359446,Diesel,manual,1,maruti,maruti swift
2010,152458.9733380134,112967.81141943924,Petrol,manual,1,ford,ford fiesta
2014,449540.8332109742,83363.86999673671,Diesel,manual,1,hyundai,hyundai verna
2019,651113.7567174395,10441.713773083247,Petrol,manual,1,hyundai,hyundai elite
2018,282170.80402736604,30130.618187267417,Petrol,manual,1,maruti,maruti swift
2019,1072909.332517547,9840.21264643044,Diesel,manual,1,mahindra,mahindra scorpio
2016,311026.985143865,38644.99827693888,Petrol,manual,1,renault,renault kwid
2013,475394.61489679856,117298.91452456429,Diesel,manual,1,mahindra,mahindra scorpio
1997,78572.92026512152,63344.99592108642,Petrol,automatic,1,maruti,maruti esteem
2017,544818.9067661396,32330.73230498127,Diesel,manual,1,ford,ford figo
2018,772701.161136456,21425.262197800163,Diesel,manual,1,honda,honda amaze
2016,682221.1677496305,91327.99759915196,Diesel,manual,1,skoda,skoda rapid
2016,635265.3057207273,162305.00170948968,Diesel,manual,1,toyota,toyota etios
2014,482226.0755181232,64018.38413384215,Diesel,manual,1,ford,ford ecosport
2006,100499.32420493828,118955.78564788096,Diesel,manual,1,ford,ford fiesta
2011,187706.50228400744,78064.25048766214,Diesel,manual,1,tata,tata indica
2012,271927.6663908576,26822.891124702903,Petrol,manual,1,hyundai,hyundai i10
2019,395561.8320908153,9837.092845448691,Petrol,manual,1,renault,renault kwid
2012,677407.2595489037,109113.26894143224,Diesel,manual,1,mahindra,mahindra xuv500
2015,575939.9806483354,69727.92892254142,Diesel,manual,1,volkswagen,volkswagen vento
2017,469073.4552731902,43138.74957240798,Diesel,manual,1,maruti,maruti swift
2010,309384.80647665,87266.9489863545,Diesel,manual,1,mahindra,mahindra bolero
2007,254805.6216200087,59932.01140098918,Petrol,automatic,1,honda,honda civic
2014,453246.6827859402,62865.14020624307,Petrol,manual,1,honda,honda mobilio
2016,278497.7285934125,43962.84501439609,Petrol,manual,1,renault,renault kwid
2011,191276.90587828003,72507.63486822804,Diesel,manual,1,tata,tata manza
2011,166477.18368163978,121730.4712869023,Petrol,automatic,1,hyundai,hyundai i10
2009,72026.86266832022,113370.71499209704,Petrol,manual,1,maruti,maruti alto
2011,163421.0838734355,129470.24399751597,Diesel,manual,1,nissan,nissan micra
2014,541683.75286369,256755.6752800988,Diesel,manual,1,mahindra,mahindra scorpio
2008,120573.61713027512,91552.4697984236,Petrol,manual,1,maruti,maruti wagon
2011,431318.551542032,91325.57826512869,Diesel,manual,1,mahindra,mahindra bolero
2019,1261938.9043179876,37381.98710187488,Diesel,manual,1,mahindra,mahindra scorpio
2003,125890.17671029302,192641.02180476717,Petrol,manual,1,honda,honda city
2018,1122972.1214604727,39242.42866347726,Diesel,manual,1,honda,honda br-v
2014,360424.208595092,66898.68985691776,Diesel,manual,1,hyundai,hyundai grand
2011,63621.98999000146,68490.9966362889,Petrol,manual,1,tata,tata nano
2013,313504.17025407136,113477.16366643085,Diesel,manual,1,volkswagen,volkswagen polo
2017,783157.3750724256,81266.23540605778,Diesel,manual,1,volkswagen,volkswagen ameo
2007,216284.84572986703,89638.09635313711,Petrol,manual,1,maruti,maruti swift
2011,218527.7575614925,59735.48756025214,Petrol,manual,1,maruti,maruti wagon
2010,202219.030782144,130543.71615868308,Diesel,manual,1,tata,tata manza
2015,422438.6301116669,83306.5277708831,Diesel,manual,1,toyota,toyota etios
2012,316685.80068247573,66958.78354235564,Diesel,manual,1,ford,ford figo
2018,638011.5914340294,78160.52669313794,Diesel,manual,1,honda,honda amaze
2009,470711.8055465124,116149.20060322982,Diesel,manual,1,ford,ford endeavour
2016,478804.4710693373,42987.32942298332,Diesel,manual,1,renault,renault duster
2016,420656.2824732218,79950.5690760342,Diesel,manual,1,maruti,maruti ritz
2015,884353.2516687331,67413.30064343859,Diesel,manual,1,toyota,toyota corolla
2018,659244.0709927938,16834.888918578705,Diesel,manual,1,maruti,maruti swift
2009,101377.2373226145,25412.97270967072,Petrol,manual,1,maruti,maruti 800
2014,605431.3173675281,96828.4605697443,Diesel,manual,1,mahindra,mahindra scorpio
2009,298602.4791793667,125327.30012415884,Diesel,automatic,1,mahindra,mahindra scorpio
2017,707982.6330003786,62453.388142067226,Diesel,manual,1,hyundai,hyundai i20
2017,868137.0627748783,105695.15710590217,Diesel,manual,1,maruti,maruti baleno
2019,1202794.170937559,92671.87478834287,Diesel,manual,1,hyundai,hyundai verna
2012,798665.7814131352,91974.81708683365,Diesel,automatic,1,bmw,bmw x1
2012,209506.92795959103,103058.40541878424,Petrol,manual,1,maruti,maruti alto
2009,200989.57816608823,79239.19021934622,Diesel,manual,1,tata,tata spacio
2009,285313.8252181918,97000.74549698656,Diesel,manual,1,maruti,maruti swift
2016,605726.1811435947,99464.68919665266,Diesel,manual,1,toyota,toyota etios
2015,369847.4360159208,51804.63918460594,Petrol,manual,1,hyundai,hyundai xcent
2010,282151.43347774656,79758.8585133318,Diesel,manual,1,mahindra,mahindra xylo
2016,595743.299811462,105004.4814446072,Diesel,manual,1,mahindra,mahindra bolero
2014,544665.4808538883,54736.99981802484,Diesel,manual,1,hyundai,hyundai verna
2016,731739.8316465758,50090.21261037076,Diesel,manual,1,maruti,maruti ciaz
2014,258391.1827917965,48448.85663329304,Petrol,manual,1,maruti,maruti omni
2012,466386.5700643365,260580.5523466453,Diesel,manual,1,hyundai,hyundai verna
2007,842676.02503755,71611.384503658,Diesel,automatic,1,mercedes-benz,mercedes-benz e-class
2016,640680.9039485148,63290.61228487877,Diesel,manual,1,maruti,maruti swift
2014,499678.8123017095,71443.75417329307,Diesel,manual,1,maruti,maruti swift
2018,1120322.2592752555,14015.627885029957,Petrol,automatic,1,honda,honda city
2014,582932.009590254,74456.61465743708,Diesel,manual,1,ford,ford ecosport
2011,280349.02731764544,27140.089443026347,Petrol,manual,1,hyundai,hyundai eon
2014,299107.03258213727,53240.07212092871,Petrol,manual,1,nissan,nissan micra
2017,398284.5336859684,24127.21018693374,Petrol,manual,1,tata,tata tiago
2011,479713.24713810807,85448.58907407676,Diesel,manual,1,tata,tata new
1998,38280.54833025267,81855.29666914657,Petrol,manual,1,maruti,maruti zen
1998,45744.5699700642,69665.05224954073,Petrol,manual,1,maruti,maruti zen
2011,201184.4031185551,91388.08810620464,Diesel,manual,1,fiat,fiat linea
2010,161299.62290398654,90475.24537575852,Petrol,manual,1,fiat,fiat punto
2017,710572.8801371822,35471.514988908515,Diesel,manual,1,ford,ford ecosport
2018,1302299.7648537753,17105.042028005653,Petrol,manual,1,hyundai,hyundai creta
2011,231976.6255785793,79147.59436920815,Petrol,manual,1,maruti,maruti zen
2018,279054.38535576087,13152.872258845047,Petrol,manual,1,renault,renault kwid
2015,299240.00288029615,32924.17926332271,Petrol,manual,1,maruti,maruti wagon
2006,106487.62283104492,53707.73308414147,Petrol,manual,1,maruti,maruti 800
2009,145587.16175602708,92876.21719455931,Diesel,manual,1,hyundai,hyundai verna
2007,55852.03038402103,52742.08137563091,Petrol,manual,1,maruti,maruti 800
2012,103375.4071901836,186778.37817639223,Diesel,manual,1,tata,tata indigo
2016,378889.0724299904,38784.77949805526,Diesel,manual,1,chevrolet,chevrolet beat
2017,753342.9802310684,52383.57486221972,Diesel,manual,1,renault,renault duster
2017,310731.0243311432,35317.41994422556,Petrol,manual,1,maruti,maruti alto
2018,786335.1330101292,32608.44276564073,Diesel,manual,1,hyundai,hyundai i20
2013,236777.39280613375,95995.415928668,Diesel,manual,1,mahindra,mahindra quanto
2009,120145.7047446023,51935.12331540849,Diesel,manual,1,tata,tata indigo
2012,330832.05233421025,50873.76211874052,Petrol,manual,1,hyundai,hyundai i20
2010,260914.2222807236,93688.00765764086,Petrol,manual,1,honda,honda city
2014,595035.1612307994,51726.29506303877,Petrol,manual,1,hyundai,hyundai verna
2012,191866.8576904974,44716.14298267656,Petrol,manual,1,hyundai,hyundai i10
2007,131834.9311558348,79273.21427102508,Petrol,manual,1,maruti,maruti zen
2006,97778.492435648,114630.91754483418,Petrol,manual,1,maruti,maruti esteem
2006,222440.21008679323,266882.1485521592,Diesel,manual,1,toyota,toyota innova
2010,235818.62891394156,74762.91545837588,Petrol,manual,1,hyundai,hyundai verna
2013,390100.07504482457,102131.47571516938,Diesel,manual,1,hyundai,hyundai i20
2005,311430.3917027921,67835.41915715771,Petrol,manual,1,maruti,maruti gypsy
2013,315129.66079230927,48402.06089718051,Diesel,manual,1,ford,ford figo
2009,87260.50475487822,155693.4464376311,Diesel,manual,1,ford,ford fiesta
2008,77886.96455471129,52848.923065402894,Petrol,manual,1,maruti,maruti 800
2007,96604.15769905708,101763.43273728531,Petrol,manual,1,maruti,maruti esteem
2012,293252.9726074068,122599.9211439676,Diesel,manual,1,tata,tata indica
2018,713205.365578719,23559.910155466045,Petrol,automatic,1,maruti,maruti baleno
2016,1000943.456029238,68847.85334173302,Diesel,manual,1,maruti,maruti vitara
2009,529706.1034245179,153768.7297824415,Diesel,manual,1,chevrolet,chevrolet captiva
2013,591578.6293780887,83015.54675956274,Diesel,manual,1,renault,renault duster
2014,504143.8495888824,118543.96674986323,Diesel,manual,1,nissan,nissan terrano
2014,258314.17475022227,57757.87820444924,Petrol,manual,1,maruti,maruti alto
1997,45844.817971082935,88731.36441726061,Petrol,manual,1,maruti,maruti 800
2009,131888.41306910772,82109.54910196866,Petrol,manual,1,tata,tata indica
2013,973686.1667257292,71069.13536244293,Petrol,manual,1,maruti,maruti alto
2009,228945.7016662389,82746.66697739996,Petrol,manual,1,honda,honda city
2017,282540.32581987104,33862.73053291867,Petrol,manual,1,renault,renault kwid
2010,90505.22584294234,86383.76258360715,Diesel,manual,1,tata,tata indica
2011,82576.83350598974,75809.58421324339,Diesel,manual,1,tata,tata indica
2015,544094.0272872036,55373.62080711661,Diesel,manual,1,chevrolet,chevrolet enjoy
2013,217008.7583621775,50854.04910633738,Petrol,manual,1,maruti,maruti 800
2015,250760.2158769789,48354.99472448767,Petrol,manual,1,renault,renault kwid
2014,185933.94811808548,40870.32593824686,Diesel,manual,1,maruti,maruti swift
2008,101724.17188257644,70865.0665200004,Petrol,manual,1,hyundai,hyundai i10
2015,594978.8236176064,64393.736972744526,Diesel,manual,1,toyota,toyota etios
2012,272320.9218849951,89406.02058268528,Diesel,manual,1,mahindra,mahindra quanto
2012,274246.04894398554,285053.2408439457,Diesel,manual,1,mahindra,mahindra xylo
2015,202789.13039456116,87589.64600805113,Petrol,manual,1,hyundai,hyundai eon
2017,337055.1472467285,40422.59610201392,Petrol,manual,1,maruti,maruti alto
2012,136333.0573538691,129054.1743051594,Diesel,manual,1,tata,tata indigo
2006,382557.5581005093,383732.9776388386,Diesel,manual,1,toyota,toyota innova
2016,366265.36419106496,23357.92492148743,Petrol,manual,1,maruti,maruti wagon
2017,558667.1235220458,31455.074234714677,Petrol,manual,1,hyundai,hyundai i20
2018,539137.8268612543,10150.506298578504,Petrol,manual,1,maruti,maruti ignis
2015,129900.0475876047,83075.25506611228,Petrol,manual,1,maruti,maruti omni
2018,383554.99058217386,3762.5138584983656,Petrol,manual,1,tata,tata tiago
2017,518970.144135935,10726.01213406972,Petrol,manual,1,ford,ford figo
2009,257684.54048504937,42675.24568739999,Petrol,manual,1,hyundai,hyundai i10
2016,652651.5807531175,17778.599165753778,Petrol,manual,1,nissan,nissan sunny
2013,576974.8404929447,65358.51052364744,Diesel,manual,1,renault,renault duster
2013,796215.204253737,89116.87324932485,Diesel,manual,1,mahindra,mahindra xuv500
2011,230010.6652362072,55146.12651781446,Diesel,manual,1,ford,ford figo
2014,631999.0670413212,58443.701151746056,Diesel,manual,1,ford,ford ecosport
2010,188972.01062653528,14087.189608236557,Petrol,manual,1,chevrolet,chevrolet spark
2017,318351.5981038991,50508.54982572447,Petrol,manual,1,tata,tata tiago
2012,261572.4995052912,73055.39826232404,Petrol,manual,1,toyota,toyota etios
2018,221977.1510514132,23146.08337702963,Petrol,manual,1,maruti,maruti alto
2011,164112.99285411907,65001.41230054909,Petrol,manual,1,chevrolet,chevrolet beat
2017,489461.4279077181,5270.628250831684,Petrol,manual,1,hyundai,hyundai grand
2014,653432.6340096843,12809.136800520027,Petrol,manual,1,maruti,maruti ciaz
2018,404601.0731384342,4590.778514392796,Petrol,manual,1,datsun,datsun go
2019,630611.6805244798,12198.927115725555,Diesel,manual,1,mahindra,mahindra xylo
2013,456765.5355119807,51784.47176810008,Diesel,manual,1,renault,renault duster
2014,303096.8155173487,45013.78960661152,Petrol,manual,1,hyundai,hyundai i10
2011,241554.6313605049,26061.277336099956,Petrol,manual,1,hyundai,hyundai i10
2013,267439.86121482245,40142.80150917208,Diesel,manual,1,ford,ford classic
2009,1026607.9897107604,119971.63048477843,Diesel,manual,1,toyota,toyota fortuner
2012,302574.02313747245,43759.5393879263,Petrol,manual,1,hyundai,hyundai verna
2007,75220.99283011074,100721.24057364352,Petrol,manual,1,chevrolet,chevrolet aveo
2013,231955.12630791325,19311.749714987694,Diesel,manual,1,chevrolet,chevrolet beat
2012,235655.9769265873,15222.10357567239,Petrol,manual,1,hyundai,hyundai eon
2016,676324.65549934,21010.080002389528,Diesel,manual,1,ford,ford ecosport
2017,771127.3349067525,44193.21750896387,Diesel,manual,1,ford,ford ecosport
2014,366516.0145087909,42859.32376216951,Diesel,manual,1,honda,honda amaze
2014,267152.034031623,89346.0188776951,Diesel,manual,1,ford,ford figo
2016,502861.7816672079,62764.14269284573,Diesel,manual,1,honda,honda jazz
2016,542373.9600067447,38399.56445083478,Diesel,manual,1,honda,honda jazz
2009,386936.793080496,389103.63306309056,Diesel,manual,1,toyota,toyota innova
2010,195621.50235444945,37712.31781984776,Diesel,manual,1,tata,tata new
2018,628606.7547120231,30059.278271167004,Petrol,manual,1,hyundai,hyundai i20
2019,557056.9467158262,14755.270341451898,Diesel,manual,1,ford,ford freestyle
2010,191229.61358246952,74496.01421650655,Cng,manual,1,maruti,maruti wagon
2016,680570.0055504587,63161.79426372152,Diesel,manual,1,maruti,maruti ertiga
2015,584360.7048763155,129117.4529617336,Diesel,manual,1,mahindra,mahindra tuv
2014,189768.15587803948,70338.13059659961,Petrol,manual,1,maruti,maruti alto
2017,804137.3581164917,34537.55552407673,Diesel,manual,1,mahindra,mahindra bolero
2018,897454.4854313944,46114.46203196744,Diesel,manual,1,maruti,maruti ertiga
2014,240239.6464088864,107172.75143646076,Diesel,manual,1,fiat,fiat grande
2018,508467.6820257991,35918.724757946096,Petrol,automatic,1,hyundai,hyundai grand
2015,464063.7685812706,49839.91852822915,Petrol,manual,1,volkswagen,volkswagen vento
2017,307148.8018900201,53980.83308280027,Petrol,manual,1,maruti,maruti alto
2016,264747.1809934269,20440.951929041585,Petrol,manual,1,hyundai,hyundai eon
2013,591776.6644605946,203596.32297088907,Diesel,manual,1,mahindra,mahindra xuv500
2009,149073.3956794105,41186.52949700472,Petrol,manual,1,maruti,maruti wagon
2013,270794.0681247456,77351.25938640507,Diesel,manual,1,fiat,fiat grande
2012,509036.6887743365,33882.78785665565,Diesel,manual,1,hyundai,hyundai verna
2007,86243.82751463653,68231.7937294705,Petrol,manual,1,maruti,maruti alto
2011,718804.3743126695,127995.92970358532,Diesel,manual,1,toyota,toyota innova
2006,59562.77874699167,56542.7880580214,Petrol,manual,1,maruti,maruti 800
2014,621193.5065379227,96476.5533114776,Diesel,manual,1,honda,honda city
2013,350475.248093314,113097.4368877216,Diesel,manual,1,volkswagen,volkswagen vento
2015,435502.46624855854,105400.14649706893,Diesel,manual,1,maruti,maruti swift
2013,344763.1935624985,140832.77936528408,Diesel,manual,1,maruti,maruti swift
2013,260588.01268559575,33782.30721460361,Petrol,manual,1,hyundai,hyundai eon
2017,458364.8342545542,16442.819536264946,Petrol,manual,1,maruti,maruti wagon
2013,373503.3117430602,144668.6210003046,Diesel,manual,1,maruti,maruti swift
2015,605939.1302005288,120990.62951810435,Petrol,manual,1,maruti,maruti swift
2011,156054.28627701342,102812.60912001264,Diesel,manual,1,ford,ford figo
2014,220284.28360075367,106313.56930702938,Diesel,manual,1,ford,ford figo
2014,820761.1746468537,79174.03134274214,Diesel,manual,1,mahindra,mahindra scorpio
2015,228129.3596637219,102821.40767570044,Lpg,manual,1,hyundai,hyundai eon
2014,615539.5273890586,79421.04401462343,Diesel,manual,1,ford,ford ecosport
2014,808258.2795254978,14370.799166715724,Diesel,manual,1,mahindra,mahindra scorpio
2015,163092.71943606195,79888.56638155483,Petrol,manual,1,hyundai,hyundai eon
2012,348087.3014750543,32909.943472032304,Petrol,manual,1,ford,ford fiesta
2011,293708.97844944947,54508.05081280313,Petrol,manual,1,honda,honda city
2015,430975.7173209033,56681.47216409026,Diesel,manual,1,tata,tata sumo
2011,285989.79193643923,126101.2086510056,Diesel,manual,1,mahindra,mahindra bolero
2012,135948.86929996905,63164.54668515472,Petrol,automatic,1,maruti,maruti a-star
2010,343725.5523241309,52646.56158767621,Diesel,manual,1,chevrolet,chevrolet cruze
2018,1340908.9486566717,18166.559211510157,Diesel,manual,1,tata,tata hexa
2017,326014.7426377673,13967.397630693826,Petrol,manual,1,renault,renault kwid
2016,941364.4385964434,62236.34082255208,Diesel,manual,1,nissan,nissan terrano
2012,1077920.2037705572,112006.77236015584,Diesel,manual,1,mitsubishi,mitsubishi pajero
2012,458236.71576095343,80935.65243069385,Diesel,manual,1,tata,tata new
2007,61602.39959111866,149761.05043193328,Petrol,manual,1,tata,tata indica
2013,461911.4496825972,57210.4717157218,Petrol,manual,1,maruti,maruti swift
2012,185945.1734344309,117849.84355733205,Diesel,manual,1,tata,tata indigo
2015,692018.8440329217,59783.55947187413,Diesel,manual,1,ford,ford ecosport
2006,61636.45193145211,97796.84719796284,Petrol,manual,1,maruti,maruti alto
2013,265278.9334359246,68945.60351472888,Diesel,manual,1,maruti,maruti ertiga
2012,178269.1250077385,54507.610051385454,Cng,manual,1,hyundai,hyundai accent
2015,143606.84173945856,48852.87385744568,Petrol,manual,1,maruti,maruti alto
2019,564358.2278388863,4944.759895628151,Petrol,manual,1,maruti,maruti swift
2016,282632.27690782835,22041.265327626297,Petrol,manual,1,renault,renault kwid
2018,839530.582132687,14741.271749856329,Petrol,manual,1,hyundai,hyundai creta
2019,447904.2258141335,4078.834976173996,Cng,manual,1,maruti,maruti eeco
2019,639852.2494400499,29115.89297360785,Petrol,manual,1,ford,ford figo
2013,646321.9910892677,83757.48191981611,Diesel,manual,1,toyota,toyota innova
2007,66403.22214086601,141848.82527745643,Lpg,manual,1,maruti,maruti wagon
2010,1339738.5243809358,190561.8826384949,Diesel,manual,1,toyota,toyota fortuner
2008,622653.5358427413,57780.29075065431,Petrol,automatic,1,audi,audi a6
2018,454754.2612923532,71154.62464842289,Diesel,manual,1,hyundai,hyundai xcent
2014,710774.8361237776,116965.68010073164,Diesel,manual,1,mahindra,mahindra xuv500
2013,808963.9852088188,67664.50985632863,Diesel,manual,1,toyota,toyota innova
2011,807613.7854209477,225206.7118677341,Diesel,manual,1,hyundai,hyundai santa
2015,375986.93029361806,94254.22972073428,Petrol,manual,1,honda,honda amaze
2010,238168.99199975972,103039.09519694708,Diesel,manual,1,toyota,toyota corolla
2013,543650.2769312884,85458.18002672086,Diesel,manual,1,nissan,nissan terrano
2010,127081.31420554366,98013.4479067977,Petrol,manual,1,maruti,maruti alto
2012,313559.4105484799,167460.96841767794,Diesel,manual,1,tata,tata new
2011,419613.0636257252,114304.95850689498,Diesel,manual,1,mahindra,mahindra thar
2015,317603.45962211,68965.0065994614,Diesel,manual,1,maruti,maruti swift
2011,117011.9584347434,83730.2898082605,Diesel,manual,1,chevrolet,chevrolet beat
2014,157562.999955213,66676.68648630472,Petrol,manual,1,maruti,maruti swift
2012,201460.0441986868,78738.75262398133,Diesel,manual,1,tata,tata indica
2012,965473.0856508692,82246.60148529366,Diesel,manual,1,toyota,toyota innova
2008,123105.86183328491,206877.8985814762,Diesel,manual,1,maruti,maruti swift
2019,1422399.7622554393,8424.015339655898,Diesel,manual,1,mahindra,mahindra xuv500
2017,575683.8174552813,55352.35406358322,Petrol,manual,1,hyundai,hyundai i20
2012,437726.82797805424,73221.95938271919,Diesel,manual,1,toyota,toyota innova
2007,108025.62572556878,80210.8466387887,Petrol,manual,1,maruti,maruti alto
2016,630467.2373811884,39704.50799258993,Diesel,manual,1,honda,honda amaze
2012,244601.9986003604,47337.12814482553,Diesel,manual,1,chevrolet,chevrolet beat
2018,519849.8941441042,57891.76325182064,Petrol,manual,1,maruti,maruti baleno
2013,701690.6653730391,87659.52881742826,Diesel,automatic,1,skoda,skoda superb
2015,522385.3483107278,47421.29711651063,Diesel,manual,1,nissan,nissan terrano
2014,347687.8245947498,83710.3866180664,Diesel,manual,1,chevrolet,chevrolet enjoy
2015,354990.44119044323,58565.31897334498,Diesel,manual,1,renault,renault scala
2014,382750.518510579,64523.6914777657,Diesel,manual,1,skoda,skoda rapid
2012,636675.2837079169,56878.52780729677,Petrol,automatic,1,skoda,skoda superb
2012,191150.21460690157,88034.10553942817,Diesel,manual,1,ford,ford fiesta
2014,286797.41461525287,83418.14303036501,Diesel,manual,1,mahindra,mahindra quanto
2009,262733.40046858846,157769.17698998534,Diesel,automatic,1,volkswagen,volkswagen jetta
2019,921010.35992745,13092.59980367349,Petrol,automatic,1,maruti,maruti ciaz
2016,456687.8882853172,43689.797562161504,Diesel,manual,1,hyundai,hyundai grand
2012,467600.3075042304,36292.53439512784,Diesel,automatic,1,chevrolet,chevrolet cruze
2015,678169.3312166106,68324.13234235079,Diesel,automatic,1,mahindra,mahindra xuv500
2004,120949.54827036826,102012.29668801678,Petrol,manual,1,honda,honda city
2014,239906.5584500303,114285.55144537755,Diesel,manual,1,fiat,fiat linea
2016,673287.0881023807,48337.22583845146,Diesel,automatic,1,volkswagen,volkswagen vento
2014,442399.44627893926,41222.42133196079,Petrol,automatic,1,honda,honda amaze
2009,67370.76137039647,68659.53735959825,Petrol,manual,1,chevrolet,chevrolet spark
2015,551612.3022190911,57266.24524137292,Diesel,manual,1,maruti,maruti baleno
2016,829591.6498781926,23959.26527618098,Diesel,manual,1,maruti,maruti s-cross
2017,625071.532796541,37602.80838314078,Petrol,manual,1,hyundai,hyundai i20
2009,118246.21144980144,60600.07247925496,Petrol,manual,1,hyundai,hyundai santro
2012,116289.99547996606,105362.88207936552,Diesel,manual,1,chevrolet,chevrolet beat
2012,116237.14234219404,120223.3104774334,Diesel,manual,1,chevrolet,chevrolet beat
2017,624665.2133434592,68978.99404556527,Diesel,manual,1,mahindra,mahindra tuv
2014,455732.3775426994,94972.68955253864,Petrol,manual,1,hyundai,hyundai grand
2010,107170.79646378387,81009.11194498141,Cng,manual,1,maruti,maruti zen
2017,622079.0675546556,36830.21675800064,Diesel,manual,1,mahindra,mahindra bolero
2012,594832.2385494012,70059.77380451502,Diesel,manual,1,mahindra,mahindra xuv500
2014,655213.0926211681,31426.84876431972,Diesel,manual,1,ford,ford ecosport
2018,759653.8766488605,39369.918078938186,Diesel,manual,1,mahindra,mahindra bolero
2011,312443.0585433272,205224.1142785698,Diesel,manual,1,tata,tata winger
2015,473452.223727014,50892.14178799596,Diesel,manual,1,renault,renault lodgy
2018,1341948.4315315096,33123.41220092485,Diesel,automatic,1,tata,tata hexa
2014,316735.3899871706,169521.24375694376,Diesel,manual,1,mahindra,mahindra xylo
2018,300038.8653662948,20944.52858221361,Petrol,automatic,1,datsun,datsun redigo
2018,384772.3474536244,43943.64301877704,Petrol,manual,1,tata,tata zest
1999,73401.28852645039,79187.62343762539,Petrol,manual,1,maruti,maruti zen
2018,451121.1900539887,73622.4482723313,Diesel,manual,1,nissan,nissan sunny
2014,332886.95081219176,65764.8100277638,Petrol,manual,1,honda,honda brio
2013,218128.7653688871,83382.17410573301,Diesel,manual,1,tata,tata indigo
2005,109320.605002669,87920.89276866833,Petrol,manual,1,hyundai,hyundai santro
1999,53861.542112702,114910.74614274334,Petrol,manual,1,maruti,maruti 800
2017,592795.0420085397,15337.370431758283,Petrol,manual,1,honda,honda jazz
2018,950229.8770016478,23303.229145195764,Diesel,manual,1,ford,ford ecosport
2018,629161.4275223598,12254.16967252522,Petrol,automatic,1,maruti,maruti swift
2017,1070000.1403469164,22585.6116451214,Petrol,automatic,1,hyundai,hyundai creta
2015,307987.10955361737,26191.110701129925,Petrol,manual,1,datsun,datsun go
2017,585694.9936913385,84511.11453814952,Diesel,manual,1,mahindra,mahindra xylo
2014,650909.778534856,43109.09615057832,Diesel,manual,1,honda,honda city
2016,527536.1283633073,47562.414905853,Petrol,manual,1,hyundai,hyundai grand
2017,1340389.367161135,32245.00632176673,Diesel,manual,1,hyundai,hyundai creta
2016,665344.341352564,55495.5450968192,Petrol,manual,1,hyundai,hyundai i20
2017,674467.5017531515,12466.182793565476,Petrol,manual,1,hyundai,hyundai i20
2008,240366.3130247929,58029.36864757393,Diesel,manual,1,hyundai,hyundai getz
2013,510514.18710016017,79499.43734989529,Diesel,manual,1,volkswagen,volkswagen vento
2008,785528.553846095,99552.59393561597,Diesel,automatic,1,mercedes-benz,mercedes-benz e-class
2015,930826.8876622964,55454.46655128603,Petrol,automatic,1,honda,honda city
2017,641280.5120661644,101082.94320012284,Diesel,manual,1,mahindra,mahindra xylo
2015,365123.7445565112,70116.69274928294,Diesel,manual,1,mahindra,mahindra verito
2019,594345.0387035214,41359.64476097682,Diesel,manual,1,maruti,maruti swift
2018,542019.7174942646,34506.24406056575,Petrol,manual,1,maruti,maruti swift
2017,415626.5501301369,17547.29604780301,Petrol,manual,1,nissan,nissan micra
2013,518306.8659499149,75245.5682183798,Diesel,manual,1,volkswagen,volkswagen vento
2008,168789.11092640547,84698.15482865371,Petrol,manual,1,chevrolet,chevrolet aveo
2007,145950.544201585,100256.38064354144,Petrol,manual,1,maruti,maruti zen
2012,117401.19402483448,33199.52917055297,Petrol,manual,1,chevrolet,chevrolet spark
2015,429685.85228234006,202466.8277360392,Diesel,manual,1,mahindra,mahindra bolero
2017,939561.353825682,13080.259643741676,Petrol,manual,1,hyundai,hyundai creta
2000,57397.73973897985,85213.58192980736,Petrol,manual,1,maruti,maruti alto
2017,417080.434716389,51290.56950741168,Petrol,manual,1,maruti,maruti wagon
2009,156845.98016710256,94199.7502552207,Petrol,manual,1,hyundai,hyundai santro
2019,903598.229770271,22720.87438598216,Petrol,automatic,1,volkswagen,volkswagen polo
2013,237423.55537651345,107798.0337745307,Diesel,manual,1,tata,tata indigo
2007,101962.2054390354,96416.13807673268,Petrol,manual,1,hyundai,hyundai getz
2015,410965.9926775509,28146.92798831301,Petrol,manual,1,tata,tata bolt
2017,348580.1256908217,77585.66746623268,Petrol,manual,1,datsun,datsun go
2012,326818.7212774375,82063.44977800622,Diesel,manual,1,hyundai,hyundai i20
2010,95039.73810056598,272241.0336991577,Petrol,manual,1,tata,tata indica
2011,347052.916630824,99871.97386590362,Petrol,manual,1,volkswagen,volkswagen vento
2003,109836.6267258778,48404.19401775961,Petrol,manual,1,hyundai,hyundai santro
2017,1216639.2037515529,42270.6470656499,Diesel,automatic,1,mahindra,mahindra xuv500
2004,75653.85548427586,88113.09973624678,Petrol,manual,1,maruti,maruti wagon
2013,221603.4938188156,65786.77365839358,Diesel,manual,1,chevrolet,chevrolet sail
2002,147673.52196287215,113199.40685871674,Petrol,manual,1,honda,honda city
2018,908144.3359690204,22465.72373103537,Diesel,manual,1,ford,ford ecosport
2019,519000.0230664694,42119.34444026736,Petrol,manual,1,maruti,maruti swift
2008,83740.77651954467,98647.14079748308,Petrol,manual,1,maruti,maruti alto
2014,305573.7262495945,55156.97979229169,Petrol,manual,1,hyundai,hyundai eon
2018,329967.05764046963,6823.028746456379,Petrol,manual,1,hyundai,hyundai eon
2011,139059.440802824,34123.14481363942,Petrol,manual,1,maruti,maruti alto
2017,901244.9410752788,17533.259146827946,Petrol,automatic,1,skoda,skoda rapid
2005,119999.02468916656,45709.93579712105,Diesel,manual,1,ambassador,ambassador classic
2010,203138.59881975173,102424.58368000746,Petrol,manual,1,fiat,fiat linea
2013,567589.0630890206,31819.876761999127,Diesel,manual,1,renault,renault scala
2018,806027.1619604068,33854.35759123493,Petrol,manual,1,tata,tata nexon
2001,408743.4167319414,48936.37966402617,Petrol,manual,1,maruti,maruti gypsy
2005,67336.16912604915,59515.7578512031,Petrol,manual,1,maruti,maruti 800
2008,185689.1614323996,76442.87014037746,Petrol,manual,1,maruti,maruti wagon
2010,244277.65855055797,46978.46989747557,Petrol,manual,1,maruti,maruti wagon
2012,734325.4782646967,88900.41655623316,Diesel,manual,1,toyota,toyota innova
2010,372839.9787631181,125227.53790282772,Diesel,manual,1,toyota,toyota innova
2016,460419.2765580567,56656.91375137904,Diesel,manual,1,tata,tata sumo
2007,153344.9127451416,78289.46806953932,Diesel,manual,1,mahindra,mahindra renault
2014,533021.8441321115,118045.61015941678,Diesel,manual,1,toyota,toyota etios
2014,321896.5604256608,72374.65685030936,Petrol,manual,1,hyundai,hyundai eon
2013,274060.7898380975,93287.84588212163,Diesel,manual,1,nissan,nissan micra
2017,638329.9244345984,35679.59273767088,Diesel,manual,1,renault,renault lodgy
2018,305297.62008817535,12764.337322879768,Petrol,manual,1,maruti,maruti alto
2012,351655.9367388371,64191.0216814151,Diesel,manual,1,tata,tata aria
2009,453196.8586555592,44643.43762840708,Petrol,manual,1,honda,honda accord
2011,162287.91848306096,48288.82059848764,Petrol,manual,1,maruti,maruti alto
2011,360717.2570353942,64892.26020159904,Diesel,manual,1,chevrolet,chevrolet cruze
2020,546507.1327163995,39344.953744720464,Diesel,manual,1,ford,ford figo
2017,932157.4467323284,34203.79580501548,Diesel,manual,1,honda,honda city
2017,964212.9182162508,19738.882153580053,Diesel,manual,1,honda,honda br-v
2017,667282.4739776866,25157.17204760497,Petrol,manual,1,honda,honda wr-v
2017,842643.5889489617,43923.56499708229,Petrol,manual,1,honda,honda city
2018,655139.0317986304,16584.58536755681,Diesel,manual,1,honda,honda jazz
2017,780887.5221683391,41293.68296253207,Diesel,manual,1,honda,honda jazz
2017,831540.5251518937,27573.57250725928,Petrol,manual,1,honda,honda br-v
2015,342105.0747550923,26658.483546227388,Petrol,manual,1,maruti,maruti wagon
2014,650435.7560005105,58995.53215846063,Diesel,manual,1,honda,honda city
2003,49045.31221656285,79403.4831325273,Petrol,manual,1,maruti,maruti 800
2014,231216.32977508364,24796.271357612022,Petrol,manual,1,hyundai,hyundai eon
2012,215561.9958205301,43574.29340874785,Petrol,manual,1,hyundai,hyundai i10
2008,150568.33370134854,59206.74215525759,Petrol,manual,1,hyundai,hyundai santro
2018,601818.5568201477,13927.87398504682,Diesel,manual,1,ford,ford figo
2015,508020.06214221206,27664.30780178037,Petrol,manual,1,hyundai,hyundai verna
2017,769827.5471189544,14676.476928741087,Petrol,manual,1,ford,ford ecosport
2015,862829.2468082111,43838.80582732954,Diesel,manual,1,honda,honda city
2011,240832.7504334194,32371.896725034538,Petrol,manual,1,hyundai,hyundai i10
2017,281784.96199526417,89596.79169944415,Diesel,manual,1,hyundai,hyundai xcent
2016,697981.5953185244,17855.19079664946,Diesel,manual,1,hyundai,hyundai i20
2016,767695.9278490199,32603.513961131623,Diesel,manual,1,mahindra,mahindra tuv
2011,163738.0273822043,100979.1917777631,Diesel,manual,1,tata,tata indigo
2008,287075.3518324771,129998.92430546304,Diesel,manual,1,ford,ford fiesta
2010,397146.7057636265,92129.1749356038,Petrol,manual,1,maruti,maruti swift
2018,1069336.441581342,59432.93801550406,Diesel,manual,1,mahindra,mahindra xylo
2004,110271.44854120372,125907.84286664048,Diesel,manual,1,hyundai,hyundai accent
2013,431481.1892164577,80437.50591173189,Diesel,manual,1,skoda,skoda rapid
2014,546606.8141375819,38529.70224752279,Diesel,manual,1,maruti,maruti swift
2014,318813.717268315,48635.83174741704,Petrol,manual,1,hyundai,hyundai santro
2015,419768.55284224544,34873.139362082125,Petrol,manual,1,maruti,maruti wagon
2014,538244.2899693967,52526.21529068636,Diesel,manual,1,renault,renault duster
2012,400689.7804320718,54938.17457992225,Petrol,manual,1,maruti,maruti swift
2010,180869.13657259409,73740.75668054589,Petrol,manual,1,maruti,maruti alto
2013,462331.3509233908,72758.04249676268,Diesel,manual,1,renault,renault duster
2013,411201.9985563841,87590.96331206796,Petrol,manual,1,honda,honda city
2015,520217.1249477036,63989.20255810485,Diesel,manual,1,maruti,maruti swift
2009,419760.2983813628,62282.77666121281,Diesel,manual,1,mahindra,mahindra xylo
2015,608202.5845544366,84518.39540446798,Diesel,manual,1,ford,ford ecosport
2019,474752.84875331767,27214.79895272696,Petrol,manual,1,hyundai,hyundai grand
2015,813735.6217260039,35001.47273176909,Petrol,manual,1,maruti,maruti ciaz
2009,274934.25397351873,139256.14829955675,Diesel,manual,1,maruti,maruti swift
2012,192333.88189351227,213568.96359491147,Diesel,manual,1,ford,ford figo
2007,125931.645327842,49139.2994353762,Petrol,manual,1,fiat,fiat palio
2010,171821.53859005484,82408.93381776444,Diesel,manual,1,tata,tata manza
2011,159154.8167539054,276648.9709731252,Diesel,manual,1,mahindra,mahindra verito
2015,1125654.1363865372,93578.57015801164,Diesel,manual,1,hyundai,hyundai creta
2014,1076883.8887645204,296709.3538348408,Diesel,manual,1,toyota,toyota innova
2012,401554.29326610337,97076.3802655012,Diesel,manual,1,chevrolet,chevrolet cruze
2010,252417.77514737676,94476.4213942884,Diesel,manual,1,maruti,maruti swift
2000,81514.92006218724,79980.76395120357,Petrol,manual,1,maruti,maruti zen
2016,505719.5071938504,34022.713305273486,Diesel,manual,1,fiat,fiat punto
2018,347285.3423999477,17413.150624032998,Petrol,manual,1,hyundai,hyundai eon
2010,185013.44400779635,56038.85825034004,Petrol,manual,1,maruti,maruti alto
2009,990543.1151778508,148865.651332975,Diesel,manual,1,volkswagen,volkswagen jetta
2013,439210.21534605423,59598.140955898096,Petrol,manual,1,maruti,maruti swift
2018,270823.17768395867,16498.469910358173,Petrol,manual,1,maruti,maruti alto
2016,251591.0312162581,66170.84070211521,Petrol,manual,1,chevrolet,chevrolet beat
2001,94316.37777432996,113976.43489586002,Petrol,manual,1,maruti,maruti zen
2012,313381.8399469976,126616.08168950462,Diesel,manual,1,ford,ford figo
2010,78929.1552861284,287796.03031353425,Petrol,manual,1,tata,tata indica
2015,985189.1674029848,108677.31966160366,Diesel,manual,1,mahindra,mahindra xuv500
2015,512932.3732776529,77849.0708982013,Diesel,manual,1,hyundai,hyundai i20
2010,262516.48416824115,68556.18869450234,Diesel,manual,1,fiat,fiat punto
2014,258906.9759814744,71943.53221188144,Petrol,manual,1,tata,tata indigo
2015,798551.7720457253,24310.53508746149,Petrol,manual,1,hyundai,hyundai creta
2016,679826.7934332641,24841.136581255952,Petrol,manual,1,hyundai,hyundai i20
2017,390125.0689800769,84099.61577725635,Cng,manual,1,maruti,maruti celerio
2016,667960.4999040868,25208.661481181603,Petrol,manual,1,hyundai,hyundai i20
2015,284169.03782804764,41967.49543510796,Petrol,manual,1,chevrolet,chevrolet sail
2014,247289.2028318801,82079.05116063743,Petrol,manual,1,tata,tata indigo
2007,572500.0508799538,91725.0112471497,Petrol,manual,1,tata,tata new
2004,66394.86785448068,105979.42649440178,Petrol,manual,1,maruti,maruti wagon
2013,229484.54719488195,91720.45746310816,Diesel,manual,1,chevrolet,chevrolet sail
2002,149796.86901230182,118755.49564192128,Petrol,manual,1,honda,honda city
2018,862370.3935399273,23920.19927186768,Diesel,manual,1,ford,ford ecosport
2019,500875.3291565466,51912.05952637395,Petrol,manual,1,maruti,maruti swift
2008,85739.9386226041,107019.2333801729,Petrol,manual,1,maruti,maruti alto
2014,287655.3557835081,49115.40479121877,Petrol,manual,1,hyundai,hyundai eon
2018,343035.22157082055,5096.365730634636,Petrol,manual,1,hyundai,hyundai eon
2011,141743.3274370656,46967.02125653705,Petrol,manual,1,maruti,maruti alto
2017,848874.2451121629,15024.470052217335,Petrol,automatic,1,skoda,skoda rapid
2005,127832.26995787176,42387.75821199471,Diesel,manual,1,ambassador,ambassador classic
2010,202719.61741982625,96841.15662499925,Petrol,manual,1,fiat,fiat linea
2013,597991.8222393907,41986.21478451211,Diesel,manual,1,renault,renault scala
2018,833320.418422444,33343.1508880018,Petrol,manual,1,tata,tata nexon
2001,387113.8495347298,54216.37336550357,Petrol,manual,1,maruti,maruti gypsy
2005,71453.15556028845,56284.09081745974,Petrol,manual,1,maruti,maruti 800
2008,208975.53519789103,74822.32522257988,Petrol,manual,1,maruti,maruti wagon
2010,241676.6751117068,44436.51892447857,Petrol,manual,1,maruti,maruti wagon
2012,729471.4906338595,107986.63188581982,Diesel,manual,1,toyota,toyota innova
2010,386560.561857016,106035.88228323412,Diesel,manual,1,toyota,toyota innova
2012,218222.31439040805,39512.04530483372,Petrol,manual,1,maruti,maruti wagon
2014,583104.4205834495,140651.4561882363,Diesel,manual,1,ford,ford ecosport
2005,169130.3785452497,89604.64403513705,Petrol,manual,1,toyota,toyota corolla
2012,262101.58647934636,102350.6227451697,Diesel,manual,1,maruti,maruti ritz
2014,335986.89887915074,84673.99877942687,Petrol,manual,1,hyundai,hyundai eon
2013,286440.5750087509,98825.47190959268,Diesel,manual,1,nissan,nissan micra
2017,796718.9187559478,68953.2579567851,Diesel,manual,1,mahindra,mahindra tuv
2009,222269.5649882285,66055.69946251198,Diesel,automatic,1,hyundai,hyundai verna
2018,296656.4421708194,17911.677845895338,Petrol,manual,1,hyundai,hyundai eon
2017,376985.2266113904,93713.83681050754,Diesel,manual,1,hyundai,hyundai xcent
2006,71177.8185101211,125279.56191291635,Petrol,manual,1,maruti,maruti zen
2017,432660.89473885,14320.750570190436,Petrol,manual,1,maruti,maruti celerio
2010,75592.39356807357,76549.76307078177,Petrol,manual,1,chevrolet,chevrolet spark
2019,335406.88658200915,32623.19405029152,Petrol,manual,1,maruti,maruti alto
2017,381074.04963231913,60759.75370784681,Petrol,manual,1,maruti,maruti eeco
2018,326398.4595976884,66443.28223642531,Petrol,manual,1,maruti,maruti alto
2019,1171246.5999525683,30393.59127248649,Diesel,automatic,1,volkswagen,volkswagen vento
2005,82146.69405411581,19265.27383956792,Petrol,manual,1,maruti,maruti esteem
2014,282379.3401817732,63902.64969957487,Petrol,manual,1,maruti,maruti alto
2009,97615.20205264103,107165.44545183632,Diesel,manual,1,tata,tata indigo
2011,243943.000286779,40836.62267271152,Petrol,manual,1,maruti,maruti alto
2018,350103.0470151172,42249.53651528196,Petrol,manual,1,maruti,maruti alto
2016,1268194.118367212,70401.7463967191,Diesel,manual,1,hyundai,hyundai creta
2008,119711.96955254716,108851.8107732666,Petrol,manual,1,maruti,maruti wagon
2011,184577.6410126889,101054.3591709209,Diesel,manual,1,volkswagen,volkswagen vento
2016,1083722.9061503138,73729.25908547438,Diesel,manual,1,hyundai,hyundai creta
2012,108152.17391699034,158920.74037376363,Diesel,manual,1,tata,tata indica
2017,203748.30434277203,22308.35255821071,Petrol,manual,1,renault,renault kwid
2017,713440.2756789789,15360.807510746468,Petrol,manual,1,tata,tata nexon
2018,827184.829334832,45908.27997333838,Diesel,manual,1,mahindra,mahindra tuv
2017,511525.6108635228,48384.28129487695,Petrol,manual,1,honda,honda jazz
2018,353732.4096673537,22621.429470286304,Petrol,manual,1,hyundai,hyundai eon
2014,597051.2538542303,119500.45472685574,Diesel,manual,1,mahindra,mahindra thar
2019,540564.0749025019,10206.574041509271,Petrol,manual,1,hyundai,hyundai grand
2017,915623.7903924956,13192.687187867046,Diesel,manual,1,ford,ford ecosport
2017,432182.1602452828,15466.425568269708,Cng,manual,1,maruti,maruti eeco
2016,435837.367114542,20183.78253246222,Petrol,manual,1,maruti,maruti celerio
2011,239861.69221276385,27312.33640303812,Petrol,manual,1,hyundai,hyundai i10
2017,1010455.1649858096,33092.31580439579,Diesel,manual,1,maruti,maruti ertiga
2017,1032274.6293617664,29929.991130923536,Diesel,automatic,1,hyundai,hyundai verna
2016,898926.1146637253,61438.31280862919,Diesel,manual,1,maruti,maruti ertiga
2012,243950.3755305924,23880.486928450817,Petrol,manual,1,maruti,maruti wagon
2011,376610.0613930502,69794.97538147678,Petrol,manual,1,hyundai,hyundai i20
2013,635163.0546597018,97780.33945697958,Diesel,manual,1,maruti,maruti ertiga
2012,861058.4489862814,128358.61360503967,Diesel,manual,1,toyota,toyota innova
2012,138452.12054162618,34144.58027232917,Petrol,manual,1,ford,ford figo
2014,312749.63794785744,38436.60431680696,Petrol,manual,1,hyundai,hyundai i10
2018,413300.3588005329,13843.65173645786,Petrol,manual,1,maruti,maruti wagon
2014,609909.6683128448,64956.78829488822,Cng,manual,1,maruti,maruti ertiga
2013,432459.0519179215,92645.4299351682,Diesel,manual,1,mahindra,mahindra scorpio
2017,671598.7052980798,55640.69773532103,Diesel,manual,1,maruti,maruti vitara
2019,281500.47292194114,5846.482497029706,Petrol,manual,1,maruti,maruti alto
2014,158780.7010227978,82003.67703155745,Petrol,manual,1,chevrolet,chevrolet sail
2012,263699.43133171985,107119.81246166182,Diesel,manual,1,toyota,toyota etios
2009,215536.26682991665,57841.30377782807,Petrol,manual,1,maruti,maruti swift
2009,150758.54627760488,97057.03783329492,Petrol,manual,1,hyundai,hyundai santro
2004,46697.019100619,67921.2990601219,Petrol,manual,1,maruti,maruti esteem
2014,212259.12461649076,103800.30052797246,Diesel,manual,1,ford,ford figo
2008,314301.981494352,131691.23116111997,Diesel,manual,1,mahindra,mahindra scorpio
2010,303391.07933424506,133402.84737442218,Diesel,manual,1,hyundai,hyundai verna
2009,117360.98934211508,261824.8099413176,Petrol,manual,1,maruti,maruti 800
2016,558966.274682057,59749.20738608368,Diesel,manual,1,hyundai,hyundai creta
2014,514760.0502335832,69624.86942571744,Diesel,manual,1,honda,honda city
2017,572005.5622325082,23831.73644083701,Petrol,automatic,1,hyundai,hyundai grand
2015,252104.19682762423,41293.71845614867,Diesel,manual,1,mahindra,mahindra verito
2013,231937.59405641916,84174.98227434776,Diesel,manual,1,nissan,nissan sunny
2015,679195.9698911618,38763.54327402529,Petrol,automatic,1,ford,ford ecosport
2016,510638.719271375,35278.25521697191,Petrol,manual,1,hyundai,hyundai i20
2016,1140883.8124975474,25344.877255426745,Diesel,manual,1,mahindra,mahindra xuv500
2017,714675.2812653993,42297.91188497937,Petrol,manual,1,maruti,maruti baleno
2013,285942.943731466,58818.68990534107,Petrol,manual,1,honda,honda brio
2015,480270.8475871125,58928.69591630762,Diesel,manual,1,maruti,maruti swift
2015,609528.9321555952,60391.98592751228,Diesel,manual,1,honda,honda city
2016,532989.6999499858,58161.430322969456,Diesel,manual,1,mahindra,mahindra scorpio
2008,71021.9484197015,80236.40249375395,Petrol,manual,1,maruti,maruti alto
2013,185765.49786056607,58655.626459338026,Petrol,manual,1,tata,tata manza
2012,456043.0111474096,81743.8088022325,Diesel,manual,1,toyota,toyota innova
2017,688612.0925593157,5225.374622062486,Petrol,manual,1,ford,ford ecosport
2017,277224.2055626601,53439.13162718181,Diesel,manual,1,tata,tata tiago
2015,287744.2760365307,78425.82244754734,Diesel,manual,1,mahindra,mahindra bolero
2017,247341.6739747711,25312.64050780385,Petrol,manual,1,maruti,maruti eeco
2012,116243.57878584218,113823.59880278252,Diesel,manual,1,tata,tata indica
2007,144959.7281823265,61983.31986640549,Petrol,manual,1,hyundai,hyundai verna
2015,406745.45206846297,35490.310918045434,Diesel,manual,1,honda,honda jazz
2012,349107.6510493956,70086.80396866305,Diesel,manual,1,tata,tata new
2007,112571.70312014347,51118.44099662727,Petrol,manual,1,hyundai,hyundai verna
2006,75476.67996799845,117818.24684075026,Petrol,manual,1,hyundai,hyundai santro
2012,223771.2636001715,95884.97684450365,Petrol,manual,1,maruti,maruti sx4
2018,711016.999329686,40164.91636915571,Diesel,manual,1,hyundai,hyundai i20
2018,282855.0922044433,24313.168039932283,Petrol,manual,1,maruti,maruti alto
2018,765552.7532074063,25093.44105800376,Petrol,automatic,1,honda,honda amaze
2010,95295.02779813904,139676.57025445413,Petrol,manual,1,tata,tata indica
2016,676391.4877630962,24830.16240081617,Petrol,manual,1,maruti,maruti ciaz
2016,560934.3954530418,19366.56941593372,Petrol,manual,1,hyundai,hyundai i20
2012,134906.82975793618,130264.4030927654,Diesel,manual,1,tata,tata indigo
2012,245216.198051138,46845.42987618056,Petrol,manual,1,hyundai,hyundai i10
2014,631523.4322468161,22780.239659175448,Diesel,manual,1,nissan,nissan terrano
2012,381716.7351940316,65671.00366782954,Diesel,manual,1,tata,tata new
2015,246173.3998516844,28927.90080301749,Petrol,manual,1,hyundai,hyundai eon
2009,209128.7991613916,53167.51109237215,Petrol,manual,1,maruti,maruti swift
2011,311445.8852726623,117943.82942985732,Diesel,manual,1,mahindra,mahindra xylo
2009,140618.11131201155,76309.31036378398,Petrol,manual,1,maruti,maruti ritz
2016,938690.090050526,95111.46731204203,Diesel,manual,1,hyundai,hyundai creta
2003,73183.5413027623,50562.89130737226,Petrol,manual,1,maruti,maruti zen
2015,429208.0009421583,45614.57828105122,Diesel,manual,1,hyundai,hyundai xcent
2015,354507.8157886113,89704.16719169125,Diesel,manual,1,maruti,maruti swift
2006,116885.13412542173,44630.92071066494,Diesel,manual,1,mahindra,mahindra scorpio
2008,162012.62341426028,79481.29575236148,Petrol,manual,1,hyundai,hyundai santro
2015,241242.17019070717,20922.2344989867,Petrol,manual,1,hyundai,hyundai eon
2014,727590.851417807,68650.25724295138,Diesel,manual,1,hyundai,hyundai verna
2018,907115.2996650222,24603.088298796047,Diesel,manual,1,maruti,maruti s-cross
2018,433348.80781497335,43082.940112068674,Cng,manual,1,maruti,maruti eeco
2011,212764.56802465944,56741.09130399511,Diesel,manual,1,fiat,fiat linea
2008,367927.0459302743,82353.40638983846,Petrol,manual,1,honda,honda civic
2005,50225.90859348359,167713.73835943828,Petrol,manual,1,tata,tata indica
2013,289643.1170559074,48977.18230166048,Diesel,manual,1,chevrolet,chevrolet sail
2006,286906.7655755981,58637.08775629247,Electric,automatic,1,toyota,toyota camry
2007,225497.50864638417,65820.37706342596,Diesel,manual,1,hyundai,hyundai verna
2013,887015.306823463,44594.41018432573,Diesel,automatic,1,skoda,skoda octavia
2011,221210.9904585222,56050.97289111073,Diesel,manual,1,chevrolet,chevrolet beat
2013,619166.9842621178,84794.58172416076,Diesel,manual,1,toyota,toyota innova
2014,413116.4830431647,74714.78114571089,Diesel,manual,1,honda,honda amaze
2008,324744.92697293067,10880.494639467925,Petrol,manual,1,maruti,maruti sx4
2010,131887.74032682824,111583.97996017162,Cng,manual,1,hyundai,hyundai accent
2002,91930.71051127127,98066.0076481704,Diesel,manual,1,skoda,skoda octavia
2018,758848.1440369706,39262.3093069571,Diesel,manual,1,honda,honda city
2009,181978.97287983308,31125.5391871384,Petrol,manual,1,maruti,maruti wagon
2009,206366.1226876759,96684.00633379717,Diesel,manual,1,maruti,maruti swift
2017,760100.1489919194,99484.80499875796,Diesel,manual,1,maruti,maruti sx4
2014,47736.00902535548,5732.599620340851,Petrol,manual,1,tata,tata nano
2012,131615.29281022382,105571.5797548098,Diesel,manual,1,tata,tata indigo
2017,548447.8012908817,69142.26311597672,Petrol,manual,1,hyundai,hyundai verna
2018,820310.4962087534,30603.762132953216,Diesel,manual,1,ford,ford ecosport
2016,534291.0736189451,15647.993760541358,Petrol,manual,1,maruti,maruti baleno
2012,1409470.9370434592,109052.976466328,Diesel,automatic,1,audi,audi q3
2018,329675.34984368604,53139.71943429468,Petrol,manual,1,renault,renault kwid
2016,285475.97916703083,24795.09727582134,Petrol,manual,1,renault,renault kwid
2015,738088.3529129218,79123.0720893797,Diesel,manual,1,maruti,maruti ciaz
2012,264019.96111180447,83169.49546490058,Petrol,manual,1,nissan,nissan sunny
2016,547600.9336454822,103907.48156474683,Diesel,manual,1,chevrolet,chevrolet tavera
2009,417437.2088299728,35067.71021463865,Petrol,automatic,1,honda,honda accord
2019,1261777.9136137755,30474.70571845019,Diesel,manual,1,tata,tata harrier
2013,220247.929873876,50352.85622446428,Petrol,manual,1,hyundai,hyundai eon
2017,474960.95139243326,41737.67276558179,Diesel,manual,1,maruti,maruti ertiga
2014,480967.3221580212,82179.4985810443,Diesel,manual,1,honda,honda city
2016,511448.8530181398,49000.35654747104,Diesel,manual,1,mahindra,mahindra scorpio
2019,525267.1774820923,24337.49744749377,Petrol,manual,1,maruti,maruti baleno
2014,209416.3983371069,141001.8871760547,Diesel,manual,1,tata,tata indigo
2013,338933.82857488946,59167.66672824555,Diesel,manual,1,honda,honda amaze
2013,372255.25798861176,53740.58700073608,Diesel,manual,1,maruti,maruti swift
2015,910240.1035267006,76092.4412873536,Diesel,manual,1,hyundai,hyundai creta
2013,336279.49826251203,64201.3597059273,Diesel,manual,1,toyota,toyota etios
2007,212440.44235146747,40501.94369775364,Diesel,manual,1,maruti,maruti swift
2011,132120.60678794407,58590.698730110205,Petrol,manual,1,maruti,maruti alto
2007,128662.07090282436,56069.99172135272,Petrol,manual,1,maruti,maruti wagon
2016,701203.0846141059,577258.139659912,Diesel,manual,1,maruti,maruti sx4
2015,268456.7101738379,16731.77118698981,Petrol,manual,1,renault,renault kwid
2013,447955.889901746,63977.15072464953,Diesel,manual,1,hyundai,hyundai verna
2015,601100.7837808697,53523.95333723831,Diesel,manual,1,maruti,maruti ciaz
2013,404663.9550391072,54650.69478342163,Diesel,manual,1,maruti,maruti swift
2013,839983.2597693129,78452.27988792483,Diesel,manual,1,toyota,toyota innova
2012,617259.91720654,83197.58116996684,Diesel,manual,1,mahindra,mahindra scorpio
2014,576139.4041137822,65159.77859355611,Diesel,manual,1,renault,renault duster
2010,379561.8667956409,58864.84918620838,Petrol,manual,1,honda,honda city
2018,609438.8449631478,5291.859902807596,Petrol,manual,1,tata,tata tigor
2007,175013.74638081068,86422.32889511822,Petrol,manual,1,maruti,maruti sx4
2017,790118.2217351387,44345.156151100055,Diesel,manual,1,maruti,maruti ciaz
2010,326834.5225157212,125163.92424395811,Diesel,manual,1,maruti,maruti swift
2014,539747.1362452541,81290.294911973,Diesel,manual,1,ford,ford ecosport
2015,601848.8244114767,102623.68012118884,Diesel,manual,1,ford,ford ecosport
2019,1295589.5517127572,6421.6687990386845,Diesel,manual,1,ford,ford ecosport
2017,647695.8350642204,47912.87700666019,Diesel,manual,1,ford,ford figo
2017,551452.3852351413,36960.648378147,Diesel,manual,1,ford,ford figo
2018,1006791.88519722,45780.128366770856,Diesel,manual,1,ford,ford ecosport
2015,467214.8577052536,168325.45005612922,Diesel,manual,1,ford,ford figo
2015,579404.070300354,48270.9441349062,Petrol,manual,1,hyundai,hyundai i20
2013,173784.30712181077,87957.47680200248,Petrol,manual,1,hyundai,hyundai eon
2001,136803.2868922893,231733.85445035977,Diesel,manual,1,toyota,toyota qualis
2008,301821.113622767,141166.5227091428,Diesel,manual,1,mahindra,mahindra scorpio
2018,771038.1320567628,45545.376891554,Diesel,manual,1,hyundai,hyundai i20
2019,865198.7052839238,39874.09849061336,Diesel,manual,1,hyundai,hyundai elite
2015,332404.30430461146,33535.8251958723,Petrol,manual,1,maruti,maruti ritz
2015,565288.5983401884,119059.5985711947,Diesel,manual,1,ford,ford ecosport
2015,590663.6447685197,42049.96699123066,Diesel,manual,1,mahindra,mahindra bolero
2017,637170.2342556627,84986.2204778974,Diesel,manual,1,volkswagen,volkswagen ameo
2014,1043555.1298081157,67143.54054711478,Diesel,manual,1,toyota,toyota innova
2017,889325.3503559701,59642.85798506294,Diesel,manual,1,honda,honda city
2017,969138.8521413704,26443.61591972057,Diesel,manual,1,honda,honda city
2013,468672.7610034328,131600.0099730122,Diesel,manual,1,nissan,nissan terrano
2017,480432.9473024399,82145.6069474134,Diesel,manual,1,fiat,fiat punto
2017,744193.2222023691,29748.522883833764,Diesel,manual,1,maruti,maruti swift
2015,367843.017613626,80893.75293019973,Diesel,manual,1,maruti,maruti celerio
2014,471785.0580226737,36802.87474046552,Diesel,manual,1,mahindra,mahindra thar
2017,838003.9695045117,47409.82621479627,Diesel,manual,1,hyundai,hyundai i20
2015,515057.76823516376,104879.99269234236,Diesel,manual,1,maruti,maruti swift
2012,435794.1886364814,78034.02020494,Diesel,manual,1,volkswagen,volkswagen vento
2015,1153785.5733647374,57128.22792410151,Diesel,manual,1,mahindra,mahindra xuv500
2015,369524.599983341,45165.17707043584,Diesel,manual,1,tata,tata indica
2015,330851.1495303261,126246.72160197988,Diesel,manual,1,mahindra,mahindra verito
2011,879890.5166794647,234523.74323585915,Diesel,manual,1,toyota,toyota innova
2004,115609.89878420925,64113.86919494146,Petrol,automatic,1,hyundai,hyundai santro
2010,76904.21317047007,83029.77531256287,Diesel,manual,1,tata,tata indica
2018,534562.6147552122,16214.357435745243,Petrol,manual,1,mahindra,mahindra kuv
2014,235855.34795250447,72008.29539435121,Diesel,manual,1,tata,tata indigo
2018,497656.57987001113,26598.494091148244,Diesel,manual,1,hyundai,hyundai grand
2017,656275.690806792,58411.40796002611,Petrol,manual,1,maruti,maruti baleno
2017,461702.1126946594,64368.88677117605,Diesel,manual,1,hyundai,hyundai grand
2017,898592.8441783458,65311.219594627146,Diesel,manual,1,maruti,maruti ertiga
2013,314056.3066089124,45304.61740540676,Petrol,manual,1,hyundai,hyundai santro
2006,115101.5018875495,99191.6104761713,Diesel,manual,1,tata,tata sumo
2017,701067.9883501692,69905.87241679351,Diesel,manual,1,maruti,maruti vitara
2009,320688.7234558682,52222.956933246765,Petrol,manual,1,honda,honda jazz
2017,735839.7385065714,43546.63040545992,Diesel,manual,1,hyundai,hyundai i20
2014,514925.9729173324,93131.31442908592,Diesel,manual,1,maruti,maruti swift
2016,678841.9590703084,45510.261597060045,Diesel,manual,1,maruti,maruti swift
2007,175563.27766969558,119178.90531353783,Petrol,manual,1,honda,honda city
2015,494004.8057385832,107177.80980487108,Diesel,manual,1,maruti,maruti swift
2014,933456.424968658,61280.48386810877,Diesel,manual,1,volkswagen,volkswagen jetta
2011,348831.71339832153,92837.1020539175,Diesel,manual,1,maruti,maruti sx4
2013,437394.349628243,139955.15365858693,Diesel,manual,1,renault,renault duster
2015,486566.2283498899,95954.20252393336,Diesel,manual,1,maruti,maruti swift
2017,853888.0548549785,65921.42364957379,Diesel,manual,1,maruti,maruti ertiga
2018,1136661.2081001075,29766.218248766545,Diesel,automatic,1,hyundai,hyundai verna
2014,650974.3212271282,221346.8660597737,Diesel,manual,1,mahindra,mahindra xuv500
2018,501949.2608618927,27189.29877308384,Diesel,manual,1,hyundai,hyundai grand
2017,641465.581261309,59871.1098788312,Petrol,manual,1,maruti,maruti baleno
2017,538632.0980798639,72832.64594157615,Diesel,manual,1,hyundai,hyundai grand
2017,839388.5714748844,66332.79277858735,Diesel,manual,1,maruti,maruti ertiga
2013,261649.74147720603,41092.13557118829,Petrol,manual,1,hyundai,hyundai santro
2006,109971.4863334482,119152.50750953853,Diesel,manual,1,tata,tata sumo
2017,678952.2734210887,82105.93897432096,Diesel,manual,1,maruti,maruti vitara
2009,313288.4847275303,57518.515744018674,Petrol,manual,1,honda,honda jazz
2017,636361.6248552618,51948.29913474907,Diesel,manual,1,hyundai,hyundai i20
2014,518618.3519642351,90629.82865362476,Diesel,manual,1,maruti,maruti swift
2016,576293.1035962561,62590.34482275923,Diesel,manual,1,maruti,maruti swift
2007,180149.35939743827,92400.35462516572,Petrol,manual,1,honda,honda city
2015,518078.1521585884,80130.3480814673,Diesel,manual,1,maruti,maruti swift
2014,917357.1677438464,42233.53615036426,Diesel,manual,1,volkswagen,volkswagen jetta
2011,366701.67856510106,104971.7672895422,Diesel,manual,1,maruti,maruti sx4
2013,395449.9756905472,161433.64100697602,Diesel,manual,1,renault,renault duster
2015,472386.0116935297,92705.21865025011,Diesel,manual,1,maruti,maruti swift
2017,841168.3499075968,52090.85803557758,Diesel,manual,1,maruti,maruti ertiga
2018,1160521.3726619943,23750.42627594816,Diesel,automatic,1,hyundai,hyundai verna
2014,638089.0214402486,248127.25850932632,Diesel,manual,1,mahindra,mahindra xuv500
2009,245910.75117249688,55237.39982577209,Petrol,manual,1,ford,ford fiesta
2015,274692.93989892,118271.6395495872,Diesel,manual,1,tata,tata indigo
2010,273838.40223979263,92338.50009409372,Petrol,manual,1,hyundai,hyundai i10
2010,260828.7773661217,128709.87188011016,Petrol,manual,1,hyundai,hyundai i10
2011,205410.5318799063,40512.1665526047,Petrol,manual,1,maruti,maruti alto
2013,262471.9739599577,54376.5165016176,Petrol,manual,1,maruti,maruti wagon
2013,302972.1092147698,95900.78330704666,Petrol,manual,1,maruti,maruti wagon
2006,159077.42716003116,52511.55518518273,Petrol,manual,1,hyundai,hyundai santro
2005,104439.1626188376,105100.81238710869,Petrol,manual,1,maruti,maruti alto
2010,141826.7102304763,206669.9179938289,Diesel,manual,1,fiat,fiat punto
2006,144757.36247892023,76386.5997124937,Petrol,automatic,1,hyundai,hyundai santro
2008,111031.96400150504,131029.3379538793,Petrol,manual,1,maruti,maruti alto
2019,643990.4281848028,36263.92963894298,Diesel,manual,1,maruti,maruti swift
2004,40058.60740153091,105088.75113746664,Petrol,manual,1,maruti,maruti 800
2011,193882.5245464245,142618.9210627518,Diesel,manual,1,maruti,maruti ritz
2012,299094.1328716892,89558.90790698155,Diesel,manual,1,nissan,nissan sunny
2005,80968.3843496888,54354.8933880131,Petrol,manual,1,hyundai,hyundai santro
2015,669087.255588801,38601.2683180262,Diesel,automatic,1,mahindra,mahindra xuv500
2015,631224.6757764021,52397.46739734516,Diesel,manual,1,mahindra,mahindra scorpio
2005,68566.28086946871,62957.55614922041,Petrol,manual,1,hyundai,hyundai santro
2019,518475.19796662586,5728.735215366288,Petrol,automatic,1,hyundai,hyundai santro
2013,159051.8595058983,29118.655050024103,Petrol,manual,1,nissan,nissan micra
2008,138985.24529747013,66841.09488841708,Petrol,automatic,1,honda,honda city
2011,1046649.7567445132,42123.41040216788,Diesel,automatic,1,mercedes-benz,mercedes-benz e-class
2005,56894.03922801181,23486.027303542764,Petrol,manual,1,maruti,maruti alto
2006,1060180.7824389394,25260.454834875574,Diesel,automatic,1,bmw,bmw 7
2010,185239.18669778208,33532.38574443295,Petrol,manual,1,hyundai,hyundai verna
2011,162512.25002315044,44469.33819618257,Diesel,manual,1,maruti,maruti ritz
2011,239817.5285025826,43784.27839282409,Petrol,manual,1,hyundai,hyundai i10
2019,617542.574584151,17475.56486495011,Diesel,manual,1,mahindra,mahindra xylo
2018,207237.0278397028,38534.33995543697,Petrol,manual,1,maruti,maruti alto
2017,315299.0541430678,9361.146971347776,Petrol,manual,1,datsun,datsun go
2015,469657.7499351223,37296.849816253976,Diesel,manual,1,renault,renault duster
2019,1072991.7311579832,16105.889414690808,Diesel,manual,1,maruti,maruti ertiga
2015,474967.9527519647,152053.9375206209,Diesel,manual,1,maruti,maruti swift
2017,453785.3864041576,23224.487878425967,Petrol,manual,1,maruti,maruti celerio
2014,480132.8863609026,81762.45431188683,Diesel,manual,1,nissan,nissan terrano
2013,145219.519848501,66128.64490457642,Petrol,manual,1,chevrolet,chevrolet spark
2005,96050.1754527898,49575.78277245018,Petrol,manual,1,maruti,maruti alto
2012,418833.80520793016,75665.89110378442,Diesel,manual,1,maruti,maruti swift
2008,121936.56880838575,72011.84060138045,Petrol,manual,1,maruti,maruti alto
2006,74563.31139429554,155445.00872275702,Petrol,manual,1,maruti,maruti alto
2013,546020.4200562543,121774.1447082637,Diesel,manual,1,hyundai,hyundai verna
2014,196819.45534291837,68330.37359970875,Petrol,manual,1,maruti,maruti 800
2015,145924.11721800733,43026.90520254071,Petrol,manual,1,maruti,maruti alto
2000,70907.30341959362,106683.2564567675,Petrol,manual,1,maruti,maruti alto
2005,67295.16721984772,129926.58846862376,Petrol,manual,1,honda,honda city
2015,192949.87546193087,62509.0680495153,Petrol,manual,1,tata,tata nano
2012,181248.06877005007,134507.33446815502,Diesel,manual,1,mahindra,mahindra verito
2010,149931.24854032157,62030.50500278336,Petrol,manual,1,tata,tata manza
2010,144695.0506655837,132652.81629678237,Diesel,manual,1,tata,tata indica
2015,532414.8939282892,163777.59389162762,Diesel,manual,1,ford,ford ecosport
2015,751561.4369384233,115806.2031776802,Diesel,manual,1,mahindra,mahindra scorpio
2012,222854.7752927689,79339.82326623256,Diesel,manual,1,maruti,maruti ritz
2012,640743.2215897288,141146.15548545626,Diesel,manual,1,toyota,toyota innova
2014,437618.0132665028,83154.95857504809,Diesel,manual,1,hyundai,hyundai i20
2014,421781.1815940221,75564.56825574608,Diesel,manual,1,hyundai,hyundai i20
2009,101898.05505083335,87212.16909443584,Petrol,manual,1,maruti,maruti 800
2016,808131.1811989232,76030.6086485338,Diesel,manual,1,hyundai,hyundai creta
2016,238082.36683886647,44515.30947866764,Petrol,manual,1,renault,renault kwid
2019,5950000.0,25000.0,Diesel,automatic,2,bmw,bmw 5 series
2021,2900000.0,25000.0,Diesel,automatic,1,kia,kia carnival
2021,11800000.0,32000.0,Petrol,automatic,2,mercedes-benz,mercedes-benz gle coupe
2015,1500000.0,61000.0,Diesel,automatic,2,bmw,bmw 3 series gt
2019,2399000.0,77000.0,Diesel,automatic,2,ford,ford endeavour
2017,1950000.0,90000.0,Diesel,manual,2,toyota,toyota innova crysta
2018,2950000.0,53000.0,Diesel,automatic,1,volvo,volvo s90
2023,1600000.0,5000.0,Petrol,automatic,1,hyundai,hyundai creta
2022,1695000.0,47110.0,Diesel,manual,2,hyundai,hyundai alcazar
2019,4200000.0,101570.0,Diesel,automatic,1,mercedes-benz,mercedes-benz e-class
2015,1750000.0,65000.0,Diesel,automatic,1,mercedes-benz,mercedes-benz c-class
2022,1690000.0,30000.0,Petrol,automatic,2,hyundai,hyundai creta
2023,1800000.0,12000.0,Petrol,automatic,1,skoda,skoda kushaq
2018,1795000.0,118000.0,Diesel,automatic,1,toyota,toyota innova crysta
2016,2000000.0,41000.0,Petrol,automatic,2,mercedes-benz,mercedes-benz c-class
2017,2390000.0,115000.0,Diesel,automatic,2,toyota,toyota fortuner
2014,3000000.0,86000.0,Diesel,automatic,1,mercedes-benz,mercedes-benz gls
2017,1725000.0,79000.0,Diesel,automatic,2,toyota,toyota innova crysta
2022,7500000.0,20000.0,Diesel,automatic,1,mercedes-benz,mercedes-benz glc coupe
2023,2350000.0,15905.0,Diesel,automatic,1,mahindra,mahindra scorpio-n
2021,2125000.0,21000.0,Diesel,manual,1,toyota,toyota innova crysta
2019,3950000.0,13000.0,Petrol,automatic,1,mini,mini cooper 3 door
2017,2500000.0,130000.0,Petrol,automatic,2,land rover,land rover range rover evoque
2022,1675000.0,11000.0,Diesel,manual,1,mahindra,mahindra thar
2019,3099000.0,62000.0,Diesel,automatic,1,land rover,land rover discovery sport
2018,2499000.0,86000.0,Diesel,manual,1,toyota,toyota fortuner
2023,2025000.0,35000.0,Diesel,automatic,1,hyundai,hyundai creta
2022,4199999.0,25500.0,Diesel,automatic,1,toyota,toyota 2.8 legender 4x2
2021,3250000.0,50000.0,Petrol,automatic,1,audi,audi a4
2019,2740000.0,60000.0,Diesel,automatic,1,ford,ford endeavour
2023,1785000.0,28000.0,Diesel,automatic,1,mahindra,mahindra thar
2022,2700000.0,31000.0,Diesel,automatic,1,toyota,toyota innova crysta
2020,3045000.0,57000.0,Diesel,automatic,1,skoda,skoda kodiaq
2017,2650000.0,70000.0,Diesel,automatic,2,ford,ford endeavour
2016,2100000.0,93000.0,Diesel,automatic,1,bmw,bmw x1
2016,2290000.0,63000.0,Diesel,automatic,2,bmw,bmw x5
2018,4199000.0,24000.0,Petrol,automatic,1,bmw,bmw 5 series
2022,1820000.0,37000.0,Diesel,automatic,1,hyundai,hyundai alcazar
2015,2450000.0,75000.0,Diesel,automatic,1,mercedes-benz,mercedes-benz m-class
2021,3200000.0,60000.0,Petrol,automatic,1,toyota,toyota fortuner
2019,4450000.0,38000.0,Diesel,automatic,1,bmw,bmw 5 series
2022,1995000.0,17300.0,Petrol,automatic,1,jeep,jeep compass
2022,1875000.0,14000.0,Diesel,automatic,1,tata,tata harrier
2017,1565000.0,25000.0,Diesel,manual,1,toyota,toyota innova crysta
2019,2675000.0,50000.0,Diesel,automatic,2,bmw,bmw 3 series gt
2017,1551111.0,112000.0,Diesel,automatic,1,toyota,toyota innova crysta
2014,1900000.0,32000.0,Diesel,automatic,2,mini,mini cooper 5 door
2016,1500000.0,77000.0,Diesel,automatic,1,audi,audi q3
2017,3495000.0,30000.0,Diesel,automatic,2,toyota,toyota fortuner
2015,1550000.0,195000.0,Diesel,automatic,1,toyota,toyota fortuner
2014,1500000.0,115000.0,Diesel,automatic,1,bmw,bmw 7 series
2022,2600000.0,25000.0,Diesel,automatic,1,toyota,toyota innova crysta
2022,1550000.0,14000.0,Petrol,automatic,1,mahindra,mahindra thar
2016,2500000.0,47000.0,Diesel,automatic,2,bmw,bmw 5 series
2013,1550000.0,97763.0,Diesel,automatic,2,jaguar,jaguar xf
2021,2550000.0,42000.0,Diesel,manual,2,toyota,toyota innova crysta
2012,1650000.0,166000.0,Diesel,manual,2,toyota,toyota fortuner
2022,1865000.0,27000.0,Diesel,manual,1,tata,tata safari
2018,1915000.0,52000.0,Diesel,automatic,1,volkswagen,volkswagen tiguan
2011,7500000.0,45000.0,Diesel,automatic,2,mercedes-benz,mercedes-benz g
2016,2800000.0,151000.0,Diesel,automatic,2,land rover,land rover range rover
2014,1599000.0,72000.0,Diesel,automatic,2,bmw,bmw 5 series
2013,1600000.0,53000.0,Petrol,automatic,2,mini,mini cooper s
2023,2295000.0,29000.0,Petrol,automatic,1,mg,mg hector
2016,1700000.0,20800.0,Petrol,automatic,2,mercedes-benz,mercedes-benz cla
2021,1700000.0,13000.0,Diesel,automatic,1,mahindra,mahindra thar
2023,2100000.0,4000.0,Petrol,manual,1,mahindra,mahindra xuv700
2022,2725000.0,25000.0,Diesel,automatic,1,mahindra,mahindra alturas g4
2024,12700000.0,7000.0,Petrol,automatic,1,land rover,land rover defender
2016,1990000.0,71000.0,Petrol,automatic,2,mercedes-benz,mercedes-benz gla class
2019,2699000.0,69000.0,Diesel,automatic,1,toyota,toyota innova crysta
2017,1690000.0,45000.0,Diesel,automatic,2,audi,audi q3
2022,3375000.0,8000.0,Diesel,automatic,1,toyota,toyota innova crysta
2019,2550000.0,71000.0,Diesel,automatic,1,bmw,bmw 3 series gt
2016,26400000.0,25700.0,Petrol,automatic,1,aston martin,aston martin vanquish
2015,2149999.0,58000.0,Diesel,automatic,1,mercedes-benz,mercedes-benz c-class
2019,1999000.0,118000.0,Diesel,automatic,2,toyota,toyota innova crysta
2017,4000000.0,75000.0,Diesel,automatic,1,bmw,bmw 5 series
2017,3500000.0,51000.0,Diesel,automatic,1,audi,audi a8 l
2022,1875000.0,30891.0,Diesel,automatic,1,kia,kia seltos
2017,3090000.0,68000.0,Diesel,automatic,1,mercedes-benz,mercedes-benz e-class
2012,4795000.0,23100.0,Diesel,automatic,2,land rover,land rover range rover
2023,8900000.0,5100.0,Petrol,automatic,1,porsche,porsche macan
2019,4000000.0,50000.0,Diesel,automatic,2,bmw,bmw x3
2014,1745000.0,48000.0,Diesel,automatic,1,mercedes-benz,mercedes-benz m-class
2024,2599999.0,16666.0,Diesel,automatic,1,mahindra,mahindra xuv700
2023,1550000.0,15120.0,Petrol,automatic,1,hyundai,hyundai verna
2022,1850000.0,11000.0,Petrol,automatic,1,mg,mg hector plus
2022,1945000.0,20000.0,Diesel,manual,1,mahindra,mahindra scorpio-n
2021,1540000.0,30000.0,Diesel,automatic,1,mahindra,mahindra thar
2023,1950000.0,4800.0,Diesel,automatic,2,hyundai,hyundai creta
2014,2525000.0,41000.0,Diesel,automatic,2,jaguar,jaguar xf
2020,4450000.0,12000.0,Petrol,automatic,1,mini,mini cooper 3 door
2018,5950000.0,39000.0,Diesel,automatic,2,mercedes-benz,mercedes-benz s-class
2014,1750000.0,99000.0,Diesel,automatic,2,bmw,bmw 3 series gt
2016,2300000.0,96000.0,Diesel,automatic,2,mercedes-benz,mercedes-benz c-class
2018,4500000.0,21000.0,Petrol,automatic,2,bmw,bmw 6 series gt
2021,4100000.0,40000.0,Diesel,automatic,1,toyota,toyota fortuner
2020,4800000.0,49000.0,Petrol,automatic,1,mercedes-benz,mercedes-benz e-class
2019,9500000.0,29000.0,Diesel,automatic,2,mercedes-benz,mercedes-benz s-class
2016,1650000.0,190000.0,Diesel,manual,1,toyota,toyota innova crysta
2021,1700000.0,96000.0,Diesel,automatic,1,hyundai,hyundai creta
2016,2150000.0,40000.0,Diesel,automatic,1,bmw,bmw 7 series
2016,1545000.0,90000.0,Diesel,manual,2,toyota,toyota fortuner
2023,2844000.0,14100.0,Petrol,automatic,1,toyota,toyota innova hycross
2022,2290000.0,19000.0,Diesel,automatic,1,hyundai,hyundai creta
2019,1999999.0,28370.0,Diesel,automatic,1,mercedes-benz,mercedes-benz cla
2016,1825000.0,86000.0,Diesel,automatic,1,ford,ford endeavour
2015,1750000.0,53000.0,Diesel,automatic,2,audi,audi a4
2016,1595000.0,40000.0,Diesel,automatic,1,audi,audi a6
2022,1800000.0,15000.0,Petrol,automatic,1,kia,kia seltos
2018,2299000.0,110000.0,Diesel,automatic,1,audi,audi q5
2018,2990000.0,41000.0,Diesel,automatic,2,bmw,bmw 5 series
2022,2000000.0,6789.0,Diesel,automatic,1,mahindra,mahindra xuv700
2021,4250000.0,63000.0,Diesel,automatic,1,toyota,toyota 2.8 legender 4x2
2022,6500000.0,25000.0,Diesel,automatic,1,mercedes-benz,mercedes-benz e-class
2024,2785000.0,6110.0,Diesel,manual,1,toyota,toyota innova crysta
2023,1550000.0,9900.0,Diesel,manual,1,force,force motors fm gurkha
2018,8000000.0,15000.0,Petrol,automatic,2,porsche,porsche 718
2021,3150000.0,23000.0,Diesel,automatic,2,ford,ford endeavour
2023,1775000.0,27000.0,Diesel,automatic,1,kia,kia seltos
2012,1990000.0,28000.0,Petrol,automatic,2,mini,mini cooper convertible
2023,1575000.0,12700.0,Petrol,manual,1,hyundai,hyundai verna
2021,5250000.0,14000.0,Diesel,automatic,1,mercedes-benz,mercedes-benz c-class
2024,1850000.0,33000.0,Diesel,manual,1,mahindra,mahindra scorpio classic
2021,6650000.0,74000.0,Diesel,automatic,1,bmw,bmw x5
2022,5600000.0,17000.0,Petrol,automatic,1,lexus,lexus es
2020,2951000.0,83700.0,Diesel,automatic,1,ford,ford endeavour
2014,2799999.0,77600.0,Diesel,automatic,2,mercedes-benz,mercedes-benz gl-class
2017,2800000.0,145000.0,Diesel,manual,2,toyota,toyota fortuner
2020,1960000.0,66000.0,Diesel,automatic,1,toyota,toyota innova crysta
2017,2999999.0,92000.0,Diesel,automatic,2,bmw,bmw x5
2018,3350000.0,35000.0,Diesel,automatic,1,audi,audi a6
2020,9800000.0,32000.0,Diesel,automatic,1,bmw,bmw x7
2016,1651000.0,135000.0,Diesel,automatic,1,audi,audi a4
2019,4980000.0,32000.0,Diesel,automatic,1,mercedes-benz,mercedes-benz e-class
2017,2099000.0,69000.0,Diesel,automatic,2,toyota,toyota fortuner
2013,1629000.0,83000.0,Diesel,automatic,2,mercedes-benz,mercedes-benz m-class
2019,3975000.0,25000.0,Diesel,automatic,2,bmw,bmw x5
2012,1600000.0,89000.0,Diesel,manual,2,land rover,land rover range rover evoque
2017,1575000.0,158000.0,Diesel,manual,1,toyota,toyota innova crysta
2021,3890000.0,77000.0,Diesel,automatic,1,toyota,toyota fortuner
2014,1545000.0,87000.0,Diesel,automatic,2,mercedes-benz,mercedes-benz e-class
2018,2290000.0,87000.0,Diesel,manual,2,toyota,toyota innova crysta
2015,1598000.0,125000.0,Diesel,automatic,1,toyota,toyota fortuner
2021,1699000.0,50000.0,Diesel,automatic,1,tata,tata harrier
2019,10900000.0,14000.0,Petrol,automatic,1,porsche,porsche boxster
2018,3300000.0,62000.0,Diesel,automatic,1,land rover,land rover discovery sport
2017,1900000.0,75000.0,Diesel,automatic,2,ford,ford endeavour
2018,2290000.0,54000.0,Diesel,automatic,1,volvo,volvo xc40
2022,1875000.0,24000.0,Diesel,automatic,1,hyundai,hyundai alcazar
2017,1725000.0,71000.0,Diesel,automatic,2,toyota,toyota innova crysta
2020,5575000.0,53500.0,Diesel,automatic,2,land rover,land rover discovery sport
2021,6250000.0,27000.0,Diesel,automatic,1,mercedes-benz,mercedes-benz e-class
2012,1850000.0,90000.0,Diesel,automatic,1,bmw,bmw 7 series
2018,2850000.0,51000.0,Diesel,automatic,2,mercedes-benz,mercedes-benz c-class
2020,3444444.0,63333.0,Diesel,automatic,2,volvo,volvo s90
2016,1575000.0,65000.0,Diesel,automatic,2,volvo,volvo xc60
2016,6500000.0,5300.0,Petrol,automatic,1,bmw,bmw z4
2022,2450000.0,61000.0,Diesel,manual,1,toyota,toyota innova crysta
2019,1773000.0,20000.0,Petrol,automatic,2,honda,honda civic
2023,4000000.0,35000.0,Diesel,manual,1,toyota,toyota fortuner
2022,2075000.0,23950.0,Diesel,automatic,1,hyundai,hyundai alcazar
2017,1700000.0,109000.0,Diesel,automatic,1,toyota,toyota innova crysta
2024,12000000.0,9600.0,Diesel,automatic,1,land rover,land rover defender
2019,1685000.0,125000.0,Diesel,automatic,2,toyota,toyota innova crysta
2011,3300000.0,131000.0,Diesel,manual,2,hyundai,hyundai i20
2022,1599000.0,49000.0,Diesel,manual,1,mahindra,mahindra scorpio
2018,4050000.0,55000.0,Petrol,automatic,2,mercedes-benz,mercedes-benz e-class
2016,2299000.0,134000.0,Diesel,automatic,1,ford,ford endeavour
2019,1750000.0,88000.0,Diesel,automatic,1,toyota,toyota innova crysta
2019,1850000.0,32000.0,Diesel,automatic,1,mercedes-benz,mercedes-benz cla
2024,8000000.0,15000.0,Diesel,automatic,1,mercedes-benz,mercedes-benz glc
2016,1711111.0,73000.0,Diesel,automatic,1,mercedes-benz,mercedes-benz e-class
2018,2049000.0,41000.0,Diesel,automatic,1,bmw,bmw x1
2018,2375000.0,58000.0,Diesel,automatic,2,audi,audi q3
2017,1600000.0,87000.0,Diesel,automatic,2,ford,ford endeavour
2019,2345000.0,47000.0,Diesel,manual,1,toyota,toyota innova crysta
2014,3500000.0,62000.0,Diesel,automatic,2,audi,audi a8 l
2023,1571000.0,7300.0,Diesel,automatic,1,mahindra,mahindra thar
2018,2299999.0,62000.0,Diesel,automatic,2,ford,ford endeavour
2021,2590000.0,37200.0,Diesel,automatic,1,toyota,toyota innova crysta
2023,2799000.0,32000.0,Petrol,automatic,1,toyota,toyota innova hycross
2015,2000000.0,65000.0,Diesel,automatic,1,mini,mini 3 door
2016,5000000.0,59500.0,Petrol,automatic,1,mercedes-benz,mercedes-benz s-class
2019,4100000.0,35833.0,Diesel,automatic,1,bmw,bmw 5 series
2019,26000000.0,59000.0,Petrol,automatic,1,mercedes-benz,mercedes-benz g class
2022,5390000.0,9426.0,Diesel,automatic,1,mercedes-benz,mercedes-benz c-class
2022,2695000.0,35000.0,Diesel,automatic,1,toyota,toyota innova crysta
2022,1725000.0,77000.0,Diesel,automatic,1,kia,kia carens
2023,2425000.0,12500.0,Diesel,manual,1,toyota,toyota innova crysta
2024,2100000.0,4700.0,Diesel,manual,1,hyundai,hyundai alcazar
2021,1600000.0,38000.0,Diesel,automatic,1,mahindra,mahindra thar
2024,1500000.0,3200.0,Petrol,manual,1,hyundai,hyundai creta facelift
2021,1620000.0,46000.0,Diesel,automatic,1,mahindra,mahindra thar
2015,1750000.0,57000.0,Diesel,automatic,1,mercedes-benz,mercedes-benz c-class
2017,4525111.0,72000.0,Diesel,automatic,2,mercedes-benz,mercedes-benz cls-class
2017,1750000.0,32600.0,Petrol,automatic,2,mercedes-benz,mercedes-benz gla class
2022,11500000.0,30000.0,Petrol,automatic,1,toyota,toyota vellfire
2019,2475000.0,23400.0,Petrol,automatic,2,audi,audi a4
2017,2090000.0,116000.0,Diesel,automatic,2,audi,audi a4
2019,8200000.0,29000.0,Petrol,automatic,1,mercedes-benz,mercedes-benz s-class
2019,3750000.0,17500.0,Petrol,automatic,1,jaguar,jaguar xf
2020,1900000.0,180000.0,Diesel,manual,1,toyota,toyota innova crysta
2017,1950000.0,120000.0,Diesel,automatic,2,audi,audi q3
2020,1575000.0,52300.0,Petrol,automatic,1,jeep,jeep compass
2018,4675000.0,51000.0,Diesel,automatic,2,bmw,bmw 7 series
2023,2350001.0,15903.0,Diesel,automatic,1,mahindra,mahindra scorpio
2013,1750000.0,180000.0,Diesel,manual,2,toyota,toyota fortuner
2022,2250000.0,7000.0,Petrol,automatic,1,toyota,toyota innova crysta
2019,3900000.0,39000.0,Petrol,automatic,2,mini,mini 3 door
2023,1795000.0,29000.0,Diesel,manual,1,tata,tata harrier
2018,3560000.0,12923.0,Petrol,automatic,1,mini,mini cooper
2017,2650000.0,112000.0,Diesel,automatic,1,mercedes-benz,mercedes-benz c-class
2022,7200000.0,9000.0,Petrol,automatic,2,bmw,bmw x4
2018,1850000.0,74000.0,Diesel,automatic,2,toyota,toyota innova crysta
2024,27750000.0,24000.0,Diesel,automatic,1,lexus,lexus lx
2016,1890000.0,99584.0,Diesel,automatic,1,toyota,toyota innova crysta
2023,1795000.0,20000.0,Petrol,automatic,1,maruti,maruti grand vitara
2017,1840000.0,100000.0,Diesel,automatic,1,bmw,bmw 3 series gt
2023,2400000.0,12000.0,Diesel,automatic,1,mahindra,mahindra scorpio n
2022,1899000.0,33000.0,Diesel,automatic,1,hyundai,hyundai alcazar
2018,1550000.0,96000.0,Diesel,manual,2,isuzu,isuzu d-max v-cross
2015,1550000.0,52500.0,Petrol,automatic,1,audi,audi a3
2013,1745000.0,35000.0,Diesel,automatic,2,jaguar,jaguar xf
2021,2600000.0,29168.0,Diesel,automatic,1,hyundai,hyundai tucson
2022,1835000.0,33000.0,Diesel,automatic,1,hyundai,hyundai creta
2018,2350000.0,43000.0,Diesel,automatic,2,mercedes-benz,mercedes-benz c-class
2017,14500000.0,45000.0,Petrol,automatic,2,mercedes-benz,mercedes-benz g-class
2023,1950000.0,34000.0,Diesel,automatic,1,hyundai,hyundai creta
2022,2090000.0,65000.0,Diesel,automatic,1,tata,tata safari
2017,2150000.0,29500.0,Diesel,automatic,2,audi,audi a6
2021,1735000.0,35000.0,Diesel,automatic,1,kia,kia seltos
2019,2650000.0,31900.0,Petrol,automatic,2,mini,mini cooper countryman
2017,2200000.0,104000.0,Diesel,automatic,2,bmw,bmw x3
2023,2950000.0,5000.0,Diesel,automatic,1,mahindra,mahindra xuv700
2023,9700000.0,30000.0,Diesel,automatic,1,mercedes-benz,mercedes-benz gle
2018,2199000.0,93000.0,Diesel,automatic,1,ford,ford endeavour
2016,3000000.0,92000.0,Diesel,automatic,2,bmw,bmw x3
2023,3950000.0,19000.0,Diesel,automatic,1,toyota,toyota fortuner
2016,1835000.0,94100.0,Diesel,manual,1,toyota,toyota innova crysta
2020,3150000.0,90000.0,Diesel,automatic,1,ford,ford endeavour
2017,2785000.0,65000.0,Diesel,automatic,2,mercedes-benz,mercedes-benz glc class
2024,2125000.0,4200.0,Diesel,automatic,1,tata,tata harrier
2022,2150000.0,20000.0,Diesel,automatic,1,tata,tata harrier
2019,3475000.0,55000.0,Diesel,automatic,2,toyota,toyota fortuner
2019,1535000.0,185000.0,Diesel,automatic,1,isuzu,isuzu mux
2020,1550000.0,70000.0,Diesel,automatic,1,kia,kia seltos
2019,5475000.0,75000.0,Diesel,automatic,1,mercedes-benz,mercedes-benz v-class
2023,4370000.0,19500.0,Diesel,automatic,2,toyota,toyota fortuner
2012,1545000.0,59695.0,Diesel,automatic,2,mercedes-benz,mercedes-benz e-class
2023,2100002.0,27002.0,Petrol,automatic,1,mg,mg hector plus
2014,2150000.0,94500.0,Diesel,automatic,2,mercedes-benz,mercedes-benz gl-class
2019,2995000.0,15000.0,Diesel,automatic,2,jaguar,jaguar xf
2018,1650000.0,98000.0,Diesel,automatic,2,toyota,toyota innova crysta
2022,2590000.0,21000.0,Diesel,automatic,1,toyota,toyota innova crysta
2017,2399999.0,39000.0,Diesel,automatic,2,bmw,bmw x1
2012,1975000.0,75000.0,Diesel,automatic,2,bmw,bmw x3
2021,2185000.0,29336.0,Diesel,manual,1,tata,tata harrier
2022,2099999.0,48000.0,Diesel,automatic,1,tata,tata harrier
2017,2850000.0,22000.0,Petrol,automatic,2,mini,mini cooper s
2022,10700000.0,29000.0,Diesel,automatic,1,bmw,bmw x7
2019,1590000.0,54500.0,Diesel,automatic,1,kia,kia seltos
2018,3950000.0,30000.0,Diesel,automatic,1,bmw,bmw 5 series
2021,1550000.0,78000.0,Diesel,automatic,1,jeep,jeep compass
2017,2750000.0,58000.0,Petrol,automatic,1,audi,audi a6
2023,24700000.0,15000.0,Diesel,automatic,1,toyota,toyota land cruiser
2014,2150000.0,50000.0,Diesel,automatic,2,audi,audi q5
2015,1875000.0,154000.0,Diesel,automatic,2,toyota,toyota fortuner
2021,8050000.0,21000.0,Petrol,automatic,1,bmw,bmw x5
2023,4450000.0,10000.0,Petrol,automatic,1,toyota,toyota camry
2018,2200000.0,85000.0,Diesel,automatic,2,volvo,volvo s60 cross country
2022,6500000.0,7200.0,Petrol,manual,1,tata,tata punch
2016,8999999.0,58933.0,Petrol,automatic,2,mercedes-benz,mercedes-benz s-class
2015,1699000.0,68000.0,Petrol,automatic,2,mercedes-benz,mercedes-benz c-class
2016,1795000.0,75000.0,Diesel,automatic,2,bmw,bmw 3 series gt
2023,1640000.0,24000.0,Petrol,automatic,1,mg,mg astor
2019,3600000.0,21000.0,Diesel,automatic,1,mercedes-benz,mercedes-benz e-class
2020,3900000.0,69000.0,Diesel,automatic,1,mercedes-benz,mercedes-benz glc
2023,5100000.0,11000.0,Petrol,automatic,1,audi,audi a6
2022,1740000.0,14000.0,Petrol,automatic,1,volkswagen,volkswagen virtus
2018,3750000.0,73182.0,Diesel,automatic,1,land rover,land rover range rover evoque
2023,1625000.0,12000.0,Petrol,automatic,1,kia,kia seltos
2016,1560000.0,110000.0,Diesel,automatic,2,toyota,toyota innova crysta
2016,3975000.0,80400.0,Diesel,automatic,2,porsche,porsche cayenne
2023,4250000.0,40000.0,Diesel,automatic,1,toyota,toyota fortuner
2015,6600000.0,64000.0,Diesel,automatic,2,land rover,land rover range rover sport
2021,6875000.0,39000.0,Petrol,automatic,2,porsche,porsche macan
2016,1900000.0,66000.0,Diesel,automatic,2,mercedes-benz,mercedes-benz c-class
2013,1950000.0,49000.0,Petrol,automatic,2,mercedes-benz,mercedes-benz s-class
2019,1580000.0,57000.0,Diesel,automatic,1,toyota,toyota innova crysta
2022,2525111.0,21000.0,Diesel,automatic,1,jeep,jeep compass
2022,4400000.0,27000.0,Diesel,automatic,1,toyota,toyota fortuner
2022,1650000.0,79000.0,Diesel,automatic,2,kia,kia seltos
2021,7499999.0,32422.0,Petrol,automatic,2,land rover,land rover range rover velar
2020,3345000.0,29600.0,Petrol,automatic,1,bmw,bmw x1
2013,2751000.0,92203.0,Diesel,automatic,2,mercedes-benz,mercedes-benz gl-class
2015,1599000.0,110000.0,Diesel,automatic,2,land rover,land rover freelander 2
2017,1845000.0,108277.0,Diesel,automatic,1,toyota,toyota innova crysta
2015,4175000.0,82000.0,Diesel,automatic,1,land rover,land rover range rover sport
2023,2025000.0,17000.0,Petrol,automatic,1,mg,mg hector
2022,5900000.0,40000.0,Petrol,automatic,1,audi,audi q3
2022,2720000.0,80000.0,Diesel,manual,1,toyota,toyota innova crysta
2020,1725000.0,39000.0,Petrol,automatic,1,honda,honda civic
2013,2100000.0,52000.0,Petrol,automatic,1,mercedes-benz,mercedes-benz e-class
2015,2245000.0,91540.0,Diesel,automatic,1,mercedes-benz,mercedes-benz m-class
2017,2390000.0,89500.0,Diesel,automatic,1,land rover,land rover discovery
2017,3695000.0,69000.0,Diesel,automatic,2,bmw,bmw 5 series
2017,2151000.0,73000.0,Diesel,automatic,2,audi,audi a4
2023,1525000.0,23000.0,Petrol,automatic,1,hyundai,hyundai verna
2022,1575000.0,27000.0,Petrol,manual,1,maruti,maruti grand vitara
2016,1995000.0,98500.0,Diesel,automatic,2,ford,ford endeavour
2016,2399000.0,139000.0,Diesel,automatic,1,audi,audi q7
2022,3600000.0,61000.0,Diesel,automatic,1,toyota,toyota fortuner
2023,1975000.0,24000.0,Diesel,automatic,2,hyundai,hyundai alcazar
2018,3149999.0,39000.0,Diesel,automatic,2,land rover,land rover range rover evoque
2023,5100000.0,12000.0,Petrol,automatic,1,audi,audi a6
2018,2350000.0,90000.0,Diesel,automatic,2,ford,ford endeavour
2015,2390000.0,25000.0,Diesel,automatic,1,jaguar,jaguar xj
2016,7495000.0,39000.0,Petrol,automatic,1,mercedes-benz,mercedes-benz s-class
2018,3999999.0,42000.0,Diesel,automatic,1,bmw,bmw x5
2022,1650000.0,25000.0,Petrol,automatic,1,hyundai,hyundai creta
2017,5600000.0,20000.0,Petrol,automatic,1,jaguar,jaguar xj
2021,13300000.0,16000.0,Petrol,automatic,1,mercedes-benz,mercedes-benz gle coupe
2022,4000000.0,50000.0,Diesel,manual,1,toyota,toyota fortuner
2016,2151000.0,61000.0,Diesel,automatic,1,bmw,bmw 3 series gt
2014,1670000.0,44000.0,Diesel,automatic,1,audi,audi a3
2023,1951000.0,60000.0,Diesel,automatic,1,mahindra,mahindra scorpio n
2018,17500000.0,27000.0,Diesel,automatic,2,lexus,lexus lx
2018,3400000.0,40000.0,Petrol,automatic,2,mini,mini cooper convertible
2017,2450000.0,77000.0,Diesel,automatic,1,bmw,bmw 3 series gt
2018,1650000.0,116000.0,Diesel,automatic,1,toyota,toyota innova crysta
2024,1800000.0,8000.0,Petrol,automatic,1,mg,mg astor
2017,2275000.0,80000.0,Diesel,automatic,1,ford,ford endeavour
2016,1795000.0,95000.0,Diesel,automatic,1,mercedes-benz,mercedes-benz c-class
2017,2995000.0,59023.0,Diesel,automatic,2,toyota,toyota fortuner
2018,2275000.0,115000.0,Diesel,automatic,2,ford,ford endeavour
2019,4490000.0,29800.0,Diesel,automatic,1,mercedes-benz,mercedes-benz e-class
2017,2050000.0,91000.0,Diesel,automatic,2,ford,ford endeavour
2018,7750000.0,24200.0,Diesel,automatic,1,bmw,bmw 7 series
2019,3199999.0,31000.0,Diesel,automatic,1,bmw,bmw 3 series gt
2018,2250000.0,115000.0,Diesel,automatic,1,ford,ford endeavour
2016,1650000.0,52000.0,Diesel,automatic,2,audi,audi a6
2019,2765000.0,31000.0,Petrol,automatic,1,mercedes-benz,mercedes-benz gla class
2022,2900000.0,32500.0,Diesel,manual,1,toyota,toyota innova crysta
2015,1565000.0,95000.0,Diesel,manual,1,toyota,toyota fortuner
2022,3800000.0,14000.0,Diesel,automatic,1,bmw,bmw 2 series
2019,2985000.0,69810.0,Diesel,manual,2,toyota,toyota fortuner
2020,1580000.0,86000.0,Diesel,automatic,1,kia,kia seltos
2020,1550000.0,47000.0,Diesel,manual,2,mahindra,mahindra scorpio classic
2022,7200000.0,20400.0,Diesel,automatic,1,mercedes-benz,mercedes-benz gle
2020,3785111.0,25000.0,Petrol,automatic,1,bmw,bmw 3 series
2017,1775000.0,120000.0,Diesel,manual,2,toyota,toyota innova crysta
2019,1500000.0,71150.0,Diesel,automatic,2,mahindra,mahindra alturas g4
2015,2700000.0,68000.0,Diesel,automatic,2,mercedes-benz,mercedes-benz c-class
2018,16400000.0,60000.0,Diesel,automatic,1,toyota,toyota land cruiser
2017,5500000.0,88927.0,Petrol,automatic,1,mercedes-benz,mercedes-benz gls
2022,1920000.0,24000.0,Diesel,automatic,1,kia,kia carens
2018,2300000.0,110000.0,Diesel,automatic,2,audi,audi q5
2022,5300000.0,95000.0,Diesel,automatic,2,mercedes-benz,mercedes-benz gls
2018,1990000.0,136000.0,Diesel,automatic,1,ford,ford endeavour
2022,2690000.0,25000.0,Diesel,automatic,1,mahindra,mahindra alturas g4
2022,1800000.0,58600.0,Diesel,automatic,1,mahindra,mahindra thar
2023,5500000.0,7500.0,Diesel,automatic,1,mercedes-benz,mercedes-benz gla
2016,2875000.0,48000.0,Diesel,automatic,2,mercedes-benz,mercedes-benz gle class
2017,1895000.0,91535.0,Diesel,automatic,2,ford,ford endeavour
2022,1620000.0,48000.0,Diesel,manual,1,hyundai,hyundai creta
2022,10700000.0,32000.0,Diesel,automatic,1,bmw,bmw x7
2015,1745000.0,155000.0,Diesel,automatic,2,toyota,toyota fortuner
2018,2475000.0,82000.0,Diesel,automatic,2,bmw,bmw 5 series
2011,1850000.0,73000.0,Diesel,automatic,2,land rover,land rover range rover sport
2013,2100000.0,38000.0,Petrol,automatic,2,mini,mini cooper countryman
2014,3800000.0,66000.0,Diesel,automatic,2,mercedes-benz,mercedes-benz s-class
2022,4090000.0,69000.0,Diesel,automatic,1,toyota,toyota 2.8 legender 4x2
2013,1750000.0,129000.0,Diesel,automatic,2,mercedes-benz,mercedes-benz cls-class
2020,9850000.0,60000.0,Diesel,automatic,1,mercedes-benz,mercedes-benz gls
2014,1995000.0,96000.0,Diesel,automatic,2,toyota,toyota fortuner
2021,1500000.0,78000.0,Diesel,automatic,1,mahindra,mahindra xuv500
2021,8400000.0,18000.0,Diesel,automatic,1,bmw,bmw 7 series
2021,3851000.0,65000.0,Diesel,automatic,1,toyota,toyota fortuner
2017,1895000.0,95000.0,Diesel,automatic,2,audi,audi a6
2016,7300000.0,46000.0,Petrol,automatic,1,mercedes-benz,mercedes-benz s-class
2020,9900000.0,50000.0,Petrol,automatic,2,mercedes-benz,mercedes-benz amg gle coupe
2020,1550000.0,102000.0,Diesel,automatic,1,tata,tata harrier
2024,2190000.0,3100.0,Petrol,automatic,1,hyundai,hyundai creta
2015,1670000.0,82000.0,Diesel,automatic,1,audi,audi a6
2022,4200000.0,35000.0,Diesel,automatic,1,toyota,toyota fortuner
2022,11800000.0,28000.0,Petrol,automatic,1,mercedes-benz,mercedes-benz gls
2023,2570000.0,17000.0,Diesel,automatic,1,mahindra,mahindra xuv700
2018,4250000.0,40000.0,Petrol,automatic,2,lexus,lexus nx
2010,1800000.0,31300.0,Petrol,automatic,1,mercedes-benz,mercedes-benz e-class
2016,2125000.0,88500.0,Diesel,automatic,1,toyota,toyota innova crysta
2022,2340000.0,15000.0,Diesel,manual,1,toyota,toyota innova crysta
2019,3450000.0,48000.0,Diesel,automatic,2,mercedes-benz,mercedes-benz cla
2022,4100000.0,45000.0,Diesel,automatic,1,toyota,toyota fortuner
2022,1800000.0,75000.0,Diesel,automatic,1,mahindra,mahindra xuv700
2022,4950000.0,20500.0,Petrol,automatic,1,mercedes-benz,mercedes-benz gla
2017,1700000.0,86000.0,Diesel,automatic,2,audi,audi q3
2023,1750000.0,20000.0,Petrol,automatic,2,mg,mg hector
2015,1650000.0,135000.0,Diesel,automatic,2,audi,audi a4
2016,2050000.0,50000.0,Diesel,automatic,2,bmw,bmw x3
2019,1865000.0,72000.0,Diesel,automatic,2,jeep,jeep compass
2023,3850000.0,20000.0,Diesel,automatic,1,toyota,toyota fortuner
2020,1895000.0,108000.0,Diesel,manual,1,toyota,toyota innova crysta
2014,2400000.0,120000.0,Diesel,automatic,1,mercedes-benz,mercedes-benz m-class
2018,4325111.0,52000.0,Diesel,automatic,1,bmw,bmw 6 series
2018,2100000.0,80000.0,Diesel,manual,1,toyota,toyota innova crysta
2021,3299000.0,25296.0,Petrol,automatic,1,skoda,skoda kodiaq
2023,4250000.0,6400.0,Diesel,automatic,1,toyota,toyota fortuner
2013,2400000.0,100000.0,Diesel,automatic,2,mercedes-benz,mercedes-benz gl-class
2021,1659000.0,40500.0,Petrol,automatic,1,hyundai,hyundai alcazar
2016,2500000.0,76000.0,Diesel,automatic,2,jaguar,jaguar xf
2023,2185000.0,7600.0,Petrol,automatic,1,mg,mg hector
2022,4950000.0,16500.0,Diesel,automatic,1,mercedes-benz,mercedes-benz gla
2017,4290000.0,15000.0,Diesel,automatic,1,mercedes-benz,mercedes-benz glc
2023,3495000.0,16000.0,Diesel,automatic,1,jeep,jeep meridian
2017,1999000.0,78000.0,Diesel,automatic,1,ford,ford endeavour
2014,1849999.0,77000.0,Diesel,automatic,2,audi,audi q5
2019,3850000.0,25000.0,Petrol,automatic,2,mini,mini cooper convertible
2021,1600000.0,36000.0,Petrol,automatic,1,mg,mg hector
2022,2050000.0,31000.0,Diesel,automatic,1,tata,tata harrier
2018,4500000.0,60000.0,Diesel,automatic,2,mercedes-benz,mercedes-benz gle class
2019,1550000.0,45000.0,Petrol,automatic,1,honda,honda civic
2017,5175111.0,53000.0,Diesel,automatic,1,mercedes-benz,mercedes-benz gls
2018,2900000.0,57000.0,Petrol,automatic,1,audi,audi q5
2017,3150000.0,60000.0,Diesel,automatic,1,mercedes-benz,mercedes-benz c-class
2023,16500000.0,18650.0,Diesel,automatic,1,land rover,land rover range rover sport
2020,3000000.0,61000.0,Diesel,automatic,1,kia,kia carnival
2018,2700000.0,100000.0,Diesel,manual,2,toyota,toyota fortuner
2018,2850000.0,28650.0,Petrol,automatic,2,jaguar,jaguar xf
2019,3475000.0,14700.0,Diesel,automatic,1,mercedes-benz,mercedes-benz gla class
2024,6175000.0,8000.0,Petrol,automatic,1,mercedes-benz,mercedes-benz e-class
2016,3850000.0,63000.0,Diesel,automatic,1,audi,audi q7
2021,2990000.0,47000.0,Diesel,automatic,1,kia,kia carnival
2018,1650000.0,77000.0,Diesel,automatic,1,toyota,toyota innova crysta
2017,2300000.0,46000.0,Diesel,automatic,2,toyota,toyota innova crysta
2019,3450000.0,70000.0,Diesel,automatic,1,mercedes-benz,mercedes-benz c-class
2022,2149999.0,29000.0,Diesel,automatic,1,mahindra,mahindra scorpio n
2017,2400000.0,190000.0,Diesel,manual,2,toyota,toyota fortuner
2021,6000000.0,20000.0,Petrol,automatic,1,bmw,bmw x4
2024,2175000.0,15000.0,Petrol,automatic,1,mg,mg hector plus
2013,1950000.0,68000.0,Diesel,automatic,2,mercedes-benz,mercedes-benz m-class
2022,1525000.0,25000.0,Petrol,automatic,1,kia,kia seltos
2017,1500000.0,59000.0,Diesel,manual,1,mahindra,mahindra xuv500
2017,2149000.0,72000.0,Diesel,automatic,1,land rover,land rover discovery
2018,3095000.0,11000.0,Diesel,manual,1,toyota,toyota fortuner
2023,1599999.0,15744.0,Petrol,automatic,1,mg,mg hector plus
2018,2849000.0,130000.0,Diesel,automatic,2,toyota,toyota fortuner
2017,2850000.0,151000.0,Diesel,automatic,2,mercedes-benz,mercedes-benz glc
2014,1645000.0,135000.0,Diesel,automatic,1,mercedes-benz,mercedes-benz m-class
2020,3400000.0,54000.0,Diesel,automatic,1,toyota,toyota fortuner
2022,1775000.0,32500.0,Diesel,automatic,1,mahindra,mahindra thar
2023,1850000.0,17694.0,Petrol,automatic,1,skoda,skoda kushaq
2024,10200000.0,4000.0,Diesel,automatic,1,mercedes-benz,mercedes-benz gle class
2023,2025000.0,42000.0,Diesel,manual,1,mg,mg hector
2016,1650000.0,60000.0,Petrol,automatic,2,skoda,skoda superb
2021,3750000.0,36000.0,Diesel,automatic,1,toyota,toyota fortuner
2016,1550000.0,174000.0,Diesel,automatic,2,toyota,toyota innova crysta
2021,1699000.0,45000.0,Diesel,automatic,1,hyundai,hyundai creta
2019,6300000.0,20000.0,Diesel,automatic,1,mercedes-benz,mercedes-benz v-class
2024,1550000.0,8000.0,Diesel,manual,1,mahindra,mahindra thar
2018,4800000.0,72000.0,Diesel,automatic,2,mercedes-benz,mercedes-benz gl-class
2018,1875000.0,162000.0,Diesel,automatic,2,toyota,toyota innova crysta
2022,9500000.0,24000.0,Petrol,automatic,1,mercedes-benz,mercedes-benz gle
2019,3000000.0,44000.0,Diesel,automatic,1,bmw,bmw 3 series gt
2015,2275000.0,68000.0,Diesel,automatic,1,toyota,toyota fortuner
2020,10900000.0,25700.0,Petrol,automatic,2,bmw,bmw x7
2022,1670000.0,4950.0,Petrol,automatic,1,skoda,skoda slavia
2022,1950000.0,39000.0,Petrol,automatic,1,mahindra,mahindra xuv700
2023,3100000.0,19780.0,Diesel,automatic,1,jeep,jeep meridian
2017,3350000.0,42000.0,Petrol,automatic,2,mini,mini cooper s
2020,5795000.0,11264.0,Diesel,automatic,1,land rover,land rover range rover evoque
2020,4700000.0,38000.0,Diesel,automatic,2,mercedes-benz,mercedes-benz glc
2018,3900000.0,50000.0,Diesel,automatic,1,bmw,bmw 5 series
2013,1590000.0,80500.0,Diesel,automatic,2,land rover,land rover range rover evoque
2017,1650000.0,161000.0,Diesel,automatic,1,toyota,toyota innova crysta
2017,4900000.0,49000.0,Petrol,automatic,1,mercedes-benz,mercedes-benz gle class
2019,3475000.0,24000.0,Diesel,automatic,2,audi,audi q5
2018,4650000.0,70000.0,Diesel,automatic,1,porsche,porsche cayenne
2019,4500000.0,17500.0,Diesel,automatic,1,bmw,bmw x5
2019,2550000.0,39000.0,Diesel,automatic,2,toyota,toyota innova crysta
2016,5500000.0,74000.0,Diesel,automatic,2,bmw,bmw 7 series
2021,4988000.0,41788.0,Diesel,automatic,2,land rover,land rover range rover evoque
2017,1815000.0,69000.0,Diesel,automatic,1,toyota,toyota innova crysta
2021,1750000.0,16700.0,Diesel,automatic,1,mahindra,mahindra thar
2018,4987000.0,51000.0,Petrol,automatic,1,land rover,land rover range rover velar
2018,1850000.0,70000.0,Diesel,manual,2,toyota,toyota innova crysta
2023,1750000.0,28000.0,Diesel,manual,1,mahindra,mahindra scorpio classic
2015,4500000.0,87000.0,Diesel,automatic,2,bmw,bmw x6
2018,2195000.0,52000.0,Diesel,automatic,1,toyota,toyota innova crysta
2011,3000000.0,42000.0,Petrol,automatic,2,mercedes-benz,mercedes-benz s-class
2021,2425000.0,111000.0,Diesel,automatic,1,toyota,toyota innova crysta
2018,4190000.0,20000.0,Diesel,automatic,1,bmw,bmw 5 series
2014,1695000.0,24000.0,Diesel,automatic,1,mini,mini cooper 5 door
2020,1740000.0,48000.0,Diesel,automatic,1,jeep,jeep compass
2016,1625000.0,80000.0,Diesel,automatic,1,skoda,skoda superb
2016,1650000.0,85000.0,Diesel,automatic,2,bmw,bmw 3 series
2021,1599999.0,23000.0,Petrol,automatic,2,hyundai,hyundai alcazar
2018,1850000.0,72000.0,Diesel,automatic,2,toyota,toyota innova crysta
2022,3290000.0,39000.0,Diesel,automatic,1,mg,mg gloster
2024,13500000.0,10000.0,Petrol,automatic,1,bmw,bmw x7
2018,3250000.0,64000.0,Petrol,automatic,2,bmw,bmw 5 series
2018,3850000.0,52000.0,Diesel,automatic,2,bmw,bmw 5 series
2021,1985000.0,58000.0,Diesel,automatic,1,hyundai,hyundai alcazar
2019,2440000.0,51000.0,Petrol,automatic,2,mercedes-benz,mercedes-benz gla
2016,1725000.0,56000.0,Diesel,automatic,2,volvo,volvo s60 cross country
2024,4050000.0,170000.0,Diesel,automatic,2,hyundai,hyundai fluidic verna
2020,2075000.0,61000.0,Diesel,automatic,2,toyota,toyota innova crysta
2021,3651000.0,78000.0,Diesel,automatic,1,toyota,toyota fortuner
2017,1850000.0,95000.0,Diesel,automatic,1,bmw,bmw 3 series gt
2019,1695000.0,70000.0,Diesel,automatic,1,toyota,toyota innova crysta
2021,1875000.0,67000.0,Diesel,automatic,1,toyota,toyota innova crysta
2019,1675000.0,25000.0,Diesel,manual,1,mahindra,mahindra xuv500
2018,7000000.0,33700.0,Petrol,automatic,1,bmw,bmw 7 series
2023,1890000.0,8000.0,Petrol,automatic,1,toyota,toyota urban cruiser hyryder
2024,4550000.0,24000.0,Diesel,manual,1,toyota,toyota fortuner
2017,2700000.0,56000.0,Diesel,automatic,2,bmw,bmw x1
2016,1650000.0,176000.0,Diesel,manual,2,toyota,toyota fortuner
2023,1895000.0,24000.0,Petrol,automatic,1,toyota,toyota urban cruiser hyryder
2015,1650000.0,110000.0,Diesel,automatic,1,audi,audi q3
2017,2250000.0,112000.0,Diesel,automatic,1,toyota,toyota fortuner
2023,2550000.0,20000.0,Diesel,automatic,1,mahindra,mahindra scorpio-n
2018,4850000.0,69000.0,Diesel,automatic,2,audi,audi q7
2019,2980000.0,180000.0,Diesel,manual,1,toyota,toyota fortuner
2015,7200000.0,49000.0,Petrol,automatic,2,bmw,bmw x6
2023,1825000.0,27000.0,Petrol,automatic,1,mg,mg hector plus
2020,7500000.0,46000.0,Petrol,automatic,2,land rover,land rover range rover velar
2022,11700000.0,28400.0,Petrol,automatic,1,land rover,land rover range rover sport
2021,3300000.0,59000.0,Diesel,automatic,1,ford,ford endeavour
2019,2750000.0,80000.0,Diesel,automatic,2,bmw,bmw x3
2020,2550000.0,29000.0,Diesel,automatic,1,mercedes-benz,mercedes-benz c-class
2015,2150000.0,80250.0,Petrol,automatic,2,jaguar,jaguar xj
2022,1870000.0,30000.0,Diesel,automatic,1,kia,kia seltos
2022,1815000.0,37000.0,Diesel,automatic,1,hyundai,hyundai alcazar
2023,10000000.0,37000.0,Diesel,automatic,1,bmw,bmw x7
2022,3400000.0,84000.0,Diesel,automatic,1,mg,mg gloster
2020,2950000.0,61500.0,Diesel,automatic,1,toyota,toyota innova crysta
2021,11500000.0,28000.0,Petrol,automatic,2,mercedes-benz,mercedes-benz amg gle coupe
2017,2175000.0,52000.0,Petrol,automatic,1,audi,audi a6
2017,2100000.0,68303.0,Diesel,automatic,2,bmw,bmw 3 series gt
2018,1600000.0,100000.0,Diesel,automatic,1,volvo,volvo s60 cross country
2018,3750000.0,38000.0,Diesel,automatic,2,mercedes-benz,mercedes-benz e-class
2016,3799000.0,102000.0,Diesel,automatic,1,volvo,volvo xc 90
2016,1575000.0,160000.0,Diesel,manual,2,toyota,toyota fortuner
2016,1799000.0,75000.0,Diesel,automatic,2,bmw,bmw 3 series gt
2019,2525000.0,93000.0,Diesel,automatic,1,toyota,toyota fortuner
2014,2950000.0,52300.0,Diesel,automatic,2,mercedes-benz,mercedes-benz gl-class
2024,1650000.0,3000.0,Petrol,automatic,1,skoda,skoda slavia
2014,4750000.0,180000.0,Diesel,automatic,2,toyota,toyota land cruiser prado
2017,1900000.0,83000.0,Diesel,automatic,1,bmw,bmw x1
2015,2500000.0,55000.0,Diesel,automatic,2,bmw,bmw 3 series gt
2018,1850000.0,62000.0,Diesel,automatic,1,skoda,skoda superb
2018,1725000.0,79000.0,Diesel,automatic,1,toyota,toyota innova crysta
2020,2850000.0,38000.0,Petrol,automatic,1,audi,audi a4
2021,2100000.0,43000.0,Diesel,automatic,1,toyota,toyota innova crysta
2018,2900000.0,158000.0,Diesel,automatic,1,toyota,toyota fortuner
2022,1770000.0,42000.0,Diesel,manual,1,tata,tata safari
2017,1900000.0,138000.0,Diesel,automatic,2,skoda,skoda superb
2019,2695000.0,65000.0,Diesel,automatic,1,toyota,toyota innova crysta
2018,2945111.0,92000.0,Diesel,automatic,2,skoda,skoda kodiaq
2021,4425000.0,22000.0,Petrol,automatic,1,audi,audi a6
2019,4500000.0,24000.0,Petrol,automatic,1,mini,mini cooper convertible
2018,2525111.0,65000.0,Diesel,automatic,2,mercedes-benz,mercedes-benz c-class
2016,2060000.0,76000.0,Diesel,automatic,2,land rover,land rover discovery sport
2024,4550000.0,4700.0,Petrol,automatic,1,mercedes-benz,mercedes-benz gla
2022,4400000.0,22310.0,Diesel,automatic,1,toyota,toyota fortuner
2019,3075000.0,64000.0,Diesel,automatic,1,toyota,toyota fortuner
2017,2650000.0,83000.0,Diesel,automatic,1,toyota,toyota fortuner
2019,4151111.0,63000.0,Diesel,automatic,1,bmw,bmw x3
2017,1650000.0,36250.0,Petrol,automatic,2,mercedes-benz,mercedes-benz cla
2019,1825000.0,98000.0,Diesel,automatic,1,bmw,bmw x1
2013,2390000.0,92000.0,Diesel,automatic,2,mercedes-benz,mercedes-benz gl-class
2022,1999999.0,17800.0,Diesel,automatic,1,tata,tata harrier
2016,1899999.0,120000.0,Diesel,automatic,1,bmw,bmw x3
2021,8500000.0,42000.0,Petrol,automatic,1,toyota,toyota vellfire
2018,2520000.0,69000.0,Diesel,automatic,1,toyota,toyota fortuner
2014,5000000.0,80000.0,Diesel,automatic,2,mercedes-benz,mercedes-benz s-class
2017,2875000.0,22000.0,Petrol,automatic,2,mini,mini cooper clubman
2013,1690000.0,105000.0,Diesel,automatic,2,toyota,toyota fortuner
2020,4900000.0,47000.0,Diesel,automatic,1,mercedes-benz,mercedes-benz glc
2015,1575000.0,69000.0,Diesel,automatic,2,mercedes-benz,mercedes-benz e-class
2011,1500000.0,133000.0,Diesel,automatic,2,mercedes-benz,mercedes-benz e-class
2015,1500000.0,61000.0,Diesel,automatic,2,bmw,bmw 3 series gran limousine
2017,4385000.0,59000.0,Petrol,automatic,2,mercedes-benz,mercedes-benz gle class
2019,4590000.0,39000.0,Petrol,automatic,1,bmw,bmw 6 series
2021,3249000.0,35061.0,Diesel,automatic,1,bmw,bmw x1
2018,2575000.0,75000.0,Diesel,manual,2,toyota,toyota fortuner
2023,4000000.0,3000.0,Diesel,automatic,1,mercedes-benz,mercedes-benz a-class limousine
2015,1580000.0,108000.0,Diesel,automatic,2,audi,audi a6
2022,2550000.0,28581.0,Petrol,automatic,1,mahindra,mahindra xuv700
2018,1950000.0,75000.0,Diesel,automatic,1,jaguar,jaguar xe
2024,1550000.0,36000.0,Petrol,automatic,1,mg,mg astor
2020,7675000.0,59000.0,Diesel,automatic,2,mercedes-benz,mercedes-benz gls
2016,1581000.0,142500.0,Diesel,automatic,2,toyota,toyota innova crysta
2011,1575000.0,120000.0,Diesel,automatic,2,land rover,land rover range rover evoque
2017,1985000.0,174000.0,Diesel,automatic,2,toyota,toyota innova crysta
2019,2750000.0,90000.0,Diesel,manual,1,toyota,toyota fortuner
2017,5490000.0,38700.0,Petrol,automatic,2,mercedes-benz,mercedes-benz gle coupe
2016,2575000.0,60000.0,Diesel,automatic,2,bmw,bmw 3 series gt
2019,5300000.0,79000.0,Diesel,automatic,2,mercedes-benz,mercedes-benz gls
2021,1860000.0,53000.0,Diesel,automatic,1,hyundai,hyundai alcazar
2017,2665000.0,42000.0,Petrol,automatic,1,mercedes-benz,mercedes-benz c-class
2021,1620000.0,20000.0,Petrol,automatic,1,volkswagen,volkswagen taigun
2017,2845000.0,130000.0,Diesel,automatic,1,toyota,toyota fortuner
2019,3250000.0,64256.0,Diesel,automatic,1,land rover,land rover discovery sport
2016,1600000.0,120000.0,Diesel,automatic,2,toyota,toyota innova crysta
2018,7500000.0,99000.0,Diesel,automatic,1,land rover,land rover range rover sport
2022,5900000.0,220000.0,Diesel,automatic,1,mercedes-benz,mercedes-benz c-class
2016,1550000.0,56000.0,Diesel,automatic,1,toyota,toyota innova crysta
2018,2900000.0,88000.0,Diesel,automatic,2,bmw,bmw 5 series
2017,2275000.0,42000.0,Petrol,automatic,2,mercedes-benz,mercedes-benz c-class
2019,4900000.0,38000.0,Diesel,automatic,1,bmw,bmw 5 series
2021,11000000.0,19000.0,Petrol,automatic,2,porsche,porsche cayenne coupe
2018,1875000.0,81000.0,Diesel,automatic,2,bmw,bmw x1
2023,1800000.0,17000.0,Petrol,automatic,1,volkswagen,volkswagen virtus
2023,2120000.0,9100.0,Petrol,automatic,1,toyota,toyota urban cruiser hyryder
2020,2199000.0,45000.0,Diesel,automatic,1,toyota,toyota innova crysta
2023,1695000.0,41000.0,Diesel,manual,1,tata,tata safari
2018,4099000.0,28000.0,Petrol,automatic,2,mini,mini cooper convertible
2019,2150000.0,60000.0,Diesel,automatic,2,bmw,bmw x1
2017,3075000.0,69000.0,Diesel,automatic,1,mercedes-benz,mercedes-benz e-class
2017,5850000.0,49650.0,Petrol,automatic,2,porsche,porsche cayenne
2023,15900000.0,16000.0,Diesel,automatic,1,mercedes-benz,mercedes-benz gls
2020,1540000.0,16800.0,Petrol,automatic,1,kia,kia seltos
2018,3550000.0,57900.0,Diesel,automatic,2,jaguar,jaguar f-pace
2017,3800000.0,35000.0,Diesel,automatic,1,mercedes-benz,mercedes-benz e-class
2016,1750000.0,114000.0,Diesel,automatic,2,audi,audi q3
2016,1999999.0,47000.0,Diesel,automatic,2,mercedes-benz,mercedes-benz c-class
2018,3450000.0,56000.0,Diesel,automatic,1,audi,audi q3
2018,2350000.0,63000.0,Petrol,automatic,2,audi,audi a4
2021,5100000.0,15650.0,Petrol,automatic,1,mercedes-benz,mercedes-benz glc class
2020,3250000.0,60000.0,Diesel,manual,1,kia,kia carnival
2017,2950000.0,112000.0,Diesel,automatic,1,toyota,toyota fortuner
2018,6211000.0,59950.0,Diesel,automatic,1,mercedes-benz,mercedes-benz gls
2016,1790000.0,115000.0,Diesel,automatic,1,volvo,volvo s60
2014,1550000.0,70000.0,Diesel,automatic,2,bmw,bmw 5 series
2016,1525111.0,69000.0,Diesel,automatic,2,bmw,bmw x1
2022,1695000.0,31000.0,Petrol,automatic,1,mahindra,mahindra xuv700
2015,42500000.0,11500.0,Petrol,automatic,2,rolls-royce,rolls-royce phantom series ii
2021,2630000.0,72000.0,Diesel,manual,1,toyota,toyota innova crysta
2019,2150000.0,63000.0,Diesel,automatic,2,mercedes-benz,mercedes-benz cla
2013,1525111.0,68000.0,Diesel,automatic,2,bmw,bmw 5 series
2013,2400000.0,69000.0,Diesel,automatic,2,land rover,land rover range rover evoque
2019,1745000.0,68000.0,Diesel,automatic,2,toyota,toyota innova crysta
2022,2195000.0,6100.0,Diesel,manual,1,toyota,toyota innova crysta
2014,1895000.0,70000.0,Diesel,automatic,1,toyota,toyota fortuner
2019,5500000.0,40000.0,Diesel,automatic,1,mercedes-benz,mercedes-benz e-class
2019,3750000.0,39000.0,Diesel,automatic,2,mercedes-benz,mercedes-benz glc
2023,2030000.0,10000.0,Diesel,automatic,1,kia,kia seltos
2021,4050000.0,40000.0,Diesel,automatic,1,toyota,toyota fortuner
2021,5200000.0,19500.0,Petrol,automatic,1,mini,mini cooper 3 door
2022,2350000.0,79000.0,Diesel,automatic,1,mahindra,mahindra xuv700
2017,2090000.0,95000.0,Diesel,automatic,1,bmw,bmw 5 series
2020,1735000.0,46000.0,Diesel,automatic,2,tata,tata harrier
2018,2875000.0,67000.0,Diesel,manual,2,toyota,toyota fortuner
2022,1850001.0,11001.0,Petrol,automatic,1,mg,mg hector plus
2017,1600000.0,86100.0,Diesel,automatic,1,toyota,toyota innova crysta
2023,10700000.0,20000.0,Petrol,automatic,1,land rover,land rover defender
2018,3000000.0,70000.0,Diesel,automatic,1,toyota,toyota fortuner
2019,2485000.0,50000.0,Petrol,automatic,2,mercedes-benz,mercedes-benz gla class
2016,2225000.0,41000.0,Diesel,automatic,2,mercedes-benz,mercedes-benz gla
2022,1750000.0,21000.0,Diesel,manual,1,tata,tata harrier
2015,1850000.0,76000.0,Diesel,automatic,2,mini,mini cooper countryman
2023,1690000.0,79000.0,Diesel,manual,1,mahindra,mahindra scorpio
2016,1522000.0,58400.0,Diesel,automatic,2,mercedes-benz,mercedes-benz cla
1999,1595000.0,16000.0,Petrol,manual,1,hyundai,hyundai alcazar
2014,6500000.0,70000.0,Petrol,automatic,2,porsche,porsche cayenne
2022,1965000.0,18900.0,Petrol,automatic,1,mahindra,mahindra scorpio n
2023,2250000.0,16000.0,Diesel,automatic,1,hyundai,hyundai alcazar
2021,2550000.0,14000.0,Diesel,automatic,1,jeep,jeep compass
2020,1535000.0,44000.0,Petrol,automatic,1,hyundai,hyundai creta
2011,2600000.0,45000.0,Petrol,automatic,2,lexus,lexus ls
2021,1587000.0,20530.0,Petrol,automatic,1,mg,mg hector
2021,2999000.0,55000.0,Diesel,automatic,1,ford,ford endeavour
2017,1575000.0,65000.0,Diesel,automatic,1,audi,audi q3
2019,7900000.0,30000.0,Petrol,automatic,2,ford,ford mustang
2019,8000000.0,30000.0,Petrol,automatic,1,mercedes-benz,mercedes-benz gle coupe
2015,1521111.0,55000.0,Diesel,automatic,1,mercedes-benz,mercedes-benz cla
2023,4950000.0,9500.0,Petrol,automatic,1,mini,mini cooper s
2020,2550000.0,45000.0,Diesel,automatic,2,kia,kia carnival
2022,1550000.0,27000.0,Diesel,automatic,1,mahindra,mahindra thar
2023,3200000.0,25000.0,Petrol,automatic,1,volkswagen,volkswagen tiguan all space
2023,1950000.0,50000.0,Petrol,automatic,1,maruti,maruti grand vitara
2022,6000000.0,24000.0,Petrol,automatic,1,lexus,lexus es
2018,3298000.0,70000.0,Diesel,automatic,1,mercedes-benz,mercedes-benz gle
2018,1525000.0,68500.0,Diesel,automatic,1,toyota,toyota innova crysta
2020,1850000.0,105000.0,Diesel,automatic,2,toyota,toyota innova crysta
2022,1850000.0,40000.0,Diesel,automatic,1,hyundai,hyundai creta
2023,1990000.0,13000.0,Diesel,automatic,1,hyundai,hyundai alcazar
2023,1990000.0,25095.0,Diesel,automatic,1,mahindra,mahindra xuv700
2021,1530000.0,116000.0,Diesel,manual,1,mahindra,mahindra xuv500
2013,2950000.0,66000.0,Petrol,automatic,1,porsche,porsche cayenne
2022,1950000.0,36500.0,Diesel,automatic,1,kia,kia seltos
2018,2350000.0,53000.0,Diesel,automatic,2,toyota,toyota fortuner
2019,1900000.0,98000.0,Diesel,automatic,2,audi,audi a6
2012,1545000.0,59693.0,Diesel,automatic,2,mercedes-benz,mercedes-benz e-class
2021,3851000.0,93000.0,Diesel,automatic,1,toyota,toyota 2.8 legender 4x2
2016,1751000.0,95000.0,Diesel,automatic,1,mercedes-benz,mercedes-benz cla
2021,2000000.0,38000.0,Petrol,automatic,2,toyota,toyota innova crysta
2016,1950000.0,22500.0,Petrol,automatic,1,jaguar,jaguar xe
2020,2300000.0,107001.0,Diesel,automatic,1,bmw,bmw x1
2022,4275000.0,40000.0,Diesel,automatic,1,toyota,toyota fortuner
2023,1685000.0,20500.0,Diesel,manual,2,mahindra,mahindra scorpio classic
2020,4500000.0,25500.0,Diesel,automatic,2,volvo,volvo xc60
2021,6800000.0,19000.0,Diesel,automatic,1,mercedes-benz,mercedes-benz glc class
2023,2195000.0,13000.0,Petrol,automatic,1,hyundai,hyundai alcazar
2017,1695000.0,42000.0,Diesel,automatic,2,bmw,bmw 5 series
2017,1911111.0,100000.0,Diesel,automatic,2,toyota,toyota innova crysta
2022,3475000.0,40000.0,Petrol,automatic,2,toyota,toyota camry
2016,3500000.0,81881.0,Diesel,automatic,2,mercedes-benz,mercedes-benz gle class
2017,3295000.0,59000.0,Diesel,automatic,1,bmw,bmw 5 series
2016,2190000.0,96000.0,Diesel,automatic,1,mercedes-benz,mercedes-benz cls-class
2016,1695000.0,71000.0,Diesel,automatic,2,bmw,bmw x1
2020,1975000.0,51000.0,Diesel,manual,1,toyota,toyota innova crysta
2023,5400000.0,5800.0,Petrol,automatic,1,bmw,bmw 3 series gran limousine
2018,2199999.0,63000.0,Diesel,automatic,1,skoda,skoda kodiaq
2017,3700000.0,76000.0,Diesel,automatic,2,audi,audi q7
2019,2975000.0,32354.0,Petrol,automatic,1,mercedes-benz,mercedes-benz gla class
2019,1600000.0,53000.0,Diesel,manual,1,toyota,toyota innova crysta
2017,2099999.0,58000.0,Diesel,automatic,1,bmw,bmw x1
2016,3749000.0,102000.0,Diesel,automatic,1,volvo,volvo xc90
2021,6500000.0,45000.0,Petrol,automatic,1,mercedes-benz,mercedes-benz glc class
2019,2825000.0,25000.0,Diesel,automatic,1,toyota,toyota innova crysta
2013,3000000.0,35000.0,Diesel,automatic,1,jaguar,jaguar xj
2016,2250000.0,60000.0,Diesel,automatic,2,bmw,bmw 3 series gt
2015,1795000.0,105000.0,Petrol,automatic,2,mercedes-benz,mercedes-benz c class
2015,1661000.0,95000.0,Diesel,automatic,1,mercedes-benz,mercedes-benz cla
2021,3950000.0,33000.0,Diesel,automatic,1,toyota,toyota 2.8 legender 4x2
2019,2740000.0,53546.0,Diesel,automatic,1,land rover,land rover discovery sport
2021,1750000.0,45000.0,Diesel,manual,1,tata,tata safari
2017,3200000.0,60000.0,Diesel,automatic,1,volvo,volvo s90
2019,1625000.0,116250.0,Diesel,automatic,2,toyota,toyota innova crysta
2024,3485000.0,18000.0,CNG,automatic,1,toyota,toyota innova hycross
2015,1690000.0,65000.0,Petrol,automatic,1,mercedes-benz,mercedes-benz gla class
2023,2245000.0,18000.0,Diesel,automatic,1,toyota,toyota innova hycross
2017,2273000.0,65000.0,Diesel,automatic,1,land rover,land rover discovery sport
2017,2650000.0,55000.0,Diesel,automatic,1,bmw,bmw 5 series
2022,7500000.0,14000.0,Petrol,automatic,1,mercedes-benz,mercedes-benz amg c 43
2017,2500000.0,28000.0,Petrol,automatic,1,toyota,toyota 2.8 legender 4x2
2017,3650000.0,59000.0,Diesel,automatic,1,bmw,bmw 5 series
2017,2700000.0,110000.0,Diesel,automatic,1,toyota,toyota fortuner
2018,2890000.0,51000.0,Diesel,automatic,1,land rover,land rover discovery sport
2017,2790000.0,56000.0,Diesel,automatic,1,mercedes-benz,mercedes-benz e-class
2014,7499000.0,90000.0,Diesel,automatic,1,toyota,toyota land cruiser
2022,1553000.0,25000.0,Diesel,automatic,1,mahindra,mahindra thar
2018,4150000.0,75000.0,Diesel,automatic,2,audi,audi q7
2022,2250000.0,9500.0,Petrol,automatic,1,mahindra,mahindra scorpio-n
2021,1550000.0,32000.0,Petrol,automatic,2,mg,mg hector plus
2021,4950000.0,37000.0,Diesel,automatic,2,land rover,land rover range rover evoque
2023,1800000.0,20000.0,CNG,automatic,1,maruti,maruti grand vitara
2017,6199000.0,59956.0,Diesel,automatic,1,mercedes-benz,mercedes-benz gle coupe
2019,3450000.0,60000.0,Diesel,automatic,1,bmw,bmw x3
2015,1699000.0,65000.0,Diesel,automatic,1,land rover,land rover range rover evoque
2015,1750000.0,86000.0,Diesel,automatic,1,audi,audi q3
2021,2100000.0,81499.0,Diesel,automatic,1,toyota,toyota innova crysta
2016,2000000.0,96000.0,Diesel,automatic,2,mercedes-benz,mercedes-benz c-class
2022,1775000.0,27000.0,Diesel,automatic,1,mahindra,mahindra thar
2020,1515000.0,31008.0,Petrol,automatic,2,skoda,skoda octavia
2019,3445000.0,33000.0,Diesel,automatic,1,toyota,toyota fortuner
2023,1500000.0,32000.0,Diesel,automatic,1,mahindra,mahindra thar
2019,3175000.0,81000.0,Diesel,automatic,1,toyota,toyota fortuner
2019,3100000.0,22000.0,Petrol,automatic,1,audi,audi a6
2017,2775000.0,102000.0,Diesel,automatic,1,mercedes-benz,mercedes-benz glc
2016,2100000.0,93000.0,Diesel,automatic,2,ford,ford endeavour
2023,3300000.0,20000.0,CNG,automatic,1,toyota,toyota innova hycross
2019,1521000.0,97000.0,Diesel,manual,1,toyota,toyota innova crysta
2019,2150000.0,85000.0,Diesel,automatic,2,ford,ford endeavour
2017,2100000.0,95000.0,Diesel,automatic,1,bmw,bmw 3 series gt
2018,2700000.0,42000.0,Diesel,automatic,1,mercedes-benz,mercedes-benz c-class
2020,16500000.0,48000.0,Petrol,automatic,1,land rover,land rover range rover
2022,1599000.0,19000.0,Diesel,manual,1,mahindra,mahindra thar
2023,1690000.0,15000.0,Petrol,automatic,1,hyundai,hyundai creta
2018,1500000.0,75000.0,Diesel,manual,2,jeep,jeep compass
2017,4450000.0,24000.0,Diesel,automatic,2,bmw,bmw 7 series
2021,1650000.0,90000.0,Diesel,automatic,1,hyundai,hyundai creta
2020,3690000.0,59001.0,Diesel,automatic,1,mercedes-benz,mercedes-benz c-class
2017,5400000.0,66000.0,Diesel,automatic,2,mercedes-benz,mercedes-benz gls
2019,3200000.0,44000.0,Diesel,automatic,1,audi,audi q3
2022,2075000.0,30000.0,Diesel,automatic,1,kia,kia seltos
2012,1750000.0,129000.0,Diesel,automatic,1,mercedes-benz,mercedes-benz m-class
2024,5495000.0,6000.0,Diesel,automatic,1,toyota,toyota 2.8 legender 4x2
2021,1899000.0,32000.0,Petrol,automatic,1,jeep,jeep compass
2021,1590000.0,51000.0,Diesel,automatic,2,mahindra,mahindra thar
2022,2000000.0,15000.0,Diesel,automatic,1,isuzu,isuzu d-max v-cross
2019,2951000.0,58000.0,Diesel,automatic,1,mercedes-benz,mercedes-benz c-class
2020,2000000.0,75000.0,Diesel,automatic,1,toyota,toyota innova crysta
2022,3400000.0,16800.0,Diesel,automatic,1,toyota,toyota innova crysta
2021,2050000.0,52000.0,Petrol,automatic,1,tata,tata harrier
2016,1650000.0,59000.0,Diesel,automatic,1,bmw,bmw 3 series
2022,1750000.0,50000.0,Diesel,manual,1,tata,tata harrier
2022,1768000.0,11000.0,Diesel,manual,1,mahindra,mahindra scorpio classic
2017,1690000.0,65000.0,Diesel,automatic,2,audi,audi q3
2018,3850000.0,132000.0,CNG,automatic,1,lexus,lexus rx
2021,4500000.0,47000.0,Diesel,automatic,1,mercedes-benz,mercedes-benz glc class
2024,1574999.0,8499.0,Petrol,automatic,1,hyundai,hyundai verna
2018,2471000.0,85000.0,Diesel,automatic,1,audi,audi a6
2019,2550000.0,49000.0,Diesel,automatic,1,bmw,bmw x1
2014,4475000.0,74000.0,Diesel,automatic,2,mercedes-benz,mercedes-benz s-class
2017,1779999.0,163000.0,Diesel,manual,1,toyota,toyota innova crysta
2016,3000000.0,70000.0,Diesel,automatic,1,land rover,land rover discovery sport
2023,3799000.0,38100.0,CNG,automatic,1,toyota,toyota innova hycross
2015,1545000.0,98000.0,Diesel,manual,2,toyota,toyota fortuner
2018,1850000.0,200000.0,Diesel,automatic,2,toyota,toyota innova crysta
2022,6300000.0,32000.0,Petrol,automatic,1,volvo,volvo xc60
2017,2698000.0,85000.0,Diesel,automatic,1,audi,audi q7
2017,3100000.0,90000.0,Diesel,automatic,1,land rover,land rover range rover evoque
2018,1699999.0,141000.0,Diesel,automatic,2,volkswagen,volkswagen tiguan
2013,1599000.0,81000.0,Diesel,automatic,2,mercedes-benz,mercedes-benz m-class
2019,1900000.0,90000.0,Diesel,automatic,2,bmw,bmw x1
2014,1500000.0,144000.0,Diesel,manual,1,toyota,toyota fortuner
2016,1820000.0,145000.0,Diesel,automatic,1,toyota,toyota innova crysta
2023,3600000.0,33000.0,CNG,automatic,1,toyota,toyota innova hycross
2011,2399000.0,60000.0,Petrol,automatic,2,porsche,porsche cayenne
2018,1750000.0,19788.0,Petrol,automatic,2,skoda,skoda superb
2021,1645000.0,50922.0,Diesel,automatic,2,mahindra,mahindra thar
2015,1875000.0,130000.0,Diesel,automatic,1,mercedes-benz,mercedes-benz e-class
2023,3750000.0,17000.0,CNG,automatic,1,toyota,toyota innova hycross
2016,1900000.0,80000.0,Diesel,automatic,2,mercedes-benz,mercedes-benz c-class
2016,2700000.0,88000.0,Diesel,automatic,1,ford,ford endeavour
2016,2800000.0,93000.0,Diesel,automatic,1,mercedes-benz,mercedes-benz glc
2021,1650000.0,129000.0,Diesel,automatic,1,tata,tata harrier
2019,1950000.0,99156.0,Diesel,automatic,1,isuzu,isuzu mux
2017,2800000.0,99000.0,Diesel,automatic,1,audi,audi q7
2021,1790000.0,51000.0,Diesel,automatic,2,tata,tata safari
2020,1515000.0,31010.0,Petrol,automatic,2,skoda,skoda octavia
2016,2450000.0,85000.0,Diesel,automatic,2,mercedes-benz,mercedes-benz m-class
2017,8275000.0,19000.0,Petrol,automatic,1,ford,ford mustang
2022,5600000.0,65000.0,Petrol,automatic,2,jeep,jeep wrangler
2019,1875000.0,94000.0,Diesel,manual,1,toyota,toyota innova crysta
2015,2975000.0,159000.0,Diesel,automatic,2,mercedes-benz,mercedes-benz gl-class
2022,1799999.0,19523.0,Petrol,automatic,1,hyundai,hyundai alcazar
2016,1895000.0,55100.0,Diesel,automatic,2,bmw,bmw x1
2024,4100000.0,4500.0,Diesel,automatic,1,toyota,toyota fortuner
2019,1700000.0,74520.0,Diesel,automatic,1,mahindra,mahindra alturas g4
2013,1550000.0,31000.0,Diesel,automatic,2,audi,audi a4
2020,2699000.0,45000.0,Diesel,automatic,1,toyota,toyota innova crysta
2014,2271000.0,70000.0,Diesel,automatic,2,bmw,bmw 5 series
2013,1749999.0,69000.0,Diesel,automatic,1,mercedes-benz,mercedes-benz m-class
2020,1775000.0,120602.0,Diesel,manual,1,toyota,toyota innova crysta
2013,3800000.0,28000.0,Petrol,automatic,2,mercedes-benz,mercedes-benz slk-class
2020,10000000.0,25000.0,Petrol,automatic,1,bmw,bmw x7
2017,3749000.0,68000.0,Diesel,automatic,2,bmw,bmw 5 series
2018,2025000.0,60000.0,Diesel,automatic,2,toyota,toyota innova crysta
2023,3800000.0,39500.0,CNG,automatic,1,toyota,toyota innova hycross
2018,1711000.0,135000.0,Diesel,manual,2,toyota,toyota innova crysta
2013,1550000.0,104605.0,Diesel,automatic,2,land rover,land rover freelander 2
2018,3100000.0,39000.0,Petrol,automatic,1,mini,mini cooper countryman
2020,3950000.0,45000.0,Diesel,automatic,1,toyota,toyota fortuner
2022,3350000.0,61000.0,Petrol,automatic,1,bmw,bmw x1
2022,1550000.0,32000.0,CNG,manual,1,maruti,maruti vitara-brezza
2023,2585000.0,21342.0,Diesel,automatic,1,tata,tata harrier
2022,1651000.0,89000.0,Diesel,automatic,1,hyundai,hyundai creta
2022,1645000.0,20012.0,Petrol,automatic,1,hyundai,hyundai creta
2022,1650000.0,16000.0,Diesel,automatic,2,hyundai,hyundai creta
2021,3490000.0,20000.0,Petrol,automatic,1,bmw,bmw 2 series
2014,2450000.0,50000.0,Diesel,automatic,1,audi,audi a8 l
2019,2900000.0,65000.0,CNG,automatic,1,toyota,toyota camry
2019,3150000.0,81000.0,Diesel,automatic,1,toyota,toyota fortuner
2021,1575000.0,61000.0,Petrol,automatic,1,volkswagen,volkswagen virtus
2021,3298000.0,18000.0,Diesel,automatic,1,mg,mg gloster
2021,4650000.0,18000.0,Diesel,automatic,1,bmw,bmw 5 series
2020,4775000.0,41000.0,Diesel,automatic,1,volvo,volvo xc60
2022,1900000.0,45000.0,CNG,automatic,1,toyota,toyota urban cruiser hyryder
2016,1650000.0,49500.0,CNG,automatic,1,toyota,toyota camry
2014,1549000.0,120000.0,Diesel,automatic,2,toyota,toyota fortuner
2021,3050000.0,44000.0,Diesel,automatic,1,toyota,toyota innova crysta
2023,1750000.0,19000.0,CNG,automatic,1,toyota,toyota urban cruiser hyryder
2023,6300000.0,6000.0,Diesel,automatic,1,mercedes-benz,mercedes-benz c-class
2017,1500000.0,119500.0,Petrol,automatic,2,toyota,toyota camry
2015,1825000.0,61000.0,Diesel,automatic,1,mercedes-benz,mercedes-benz c-class
2021,5100000.0,41000.0,Diesel,automatic,1,mercedes-benz,mercedes-benz e-class
2020,1645000.0,12672.0,Petrol,automatic,1,jeep,jeep compass
2015,1550000.0,59000.0,Diesel,automatic,2,mercedes-benz,mercedes-benz c-class
2022,1600000.0,18000.0,Diesel,automatic,1,mahindra,mahindra thar
2016,1875000.0,68888.0,Diesel,automatic,2,mercedes-benz,mercedes-benz c-class
2018,1650000.0,22000.0,Petrol,automatic,2,skoda,skoda superb
2017,2375000.0,88000.0,Diesel,automatic,1,bmw,bmw 5 series
2017,2375000.0,69000.0,Diesel,automatic,1,ford,ford endeavour
2022,1890000.0,45000.0,Diesel,manual,1,mg,mg hector plus
2020,8500000.0,11000.0,Petrol,automatic,2,bmw,bmw z4
2017,3598000.0,82000.0,Diesel,automatic,2,bmw,bmw 5 series
2017,2050000.0,90000.0,Diesel,automatic,1,ford,ford endeavour
2017,4050000.0,58500.0,Diesel,automatic,2,bmw,bmw x5
2022,2290000.0,19000.0,Petrol,automatic,2,skoda,skoda octavia
2017,1850000.0,72000.0,Diesel,automatic,1,ford,ford endeavour
2017,6900000.0,16800.0,Diesel,automatic,2,porsche,porsche panamera
2023,2199000.0,17000.0,Diesel,automatic,1,mahindra,mahindra scorpio-n
2020,2250000.0,106000.0,Diesel,manual,1,toyota,toyota innova crysta
2017,1995000.0,60000.0,Diesel,automatic,1,ford,ford endeavour
2020,9000000.0,9500.0,Diesel,automatic,1,mercedes-benz,mercedes-benz gls
2023,3800000.0,7000.0,Diesel,automatic,1,mercedes-benz,mercedes-benz a-class limousine
2018,2475000.0,48000.0,Diesel,automatic,2,audi,audi a6
2023,1670000.0,27000.0,CNG,automatic,1,maruti,maruti grand vitara
2018,4350000.0,63000.0,Diesel,automatic,1,mercedes-benz,mercedes-benz e-class
2016,2575000.0,84067.0,Diesel,automatic,1,mercedes-benz,mercedes-benz gle
2019,1625000.0,71000.0,Diesel,manual,1,toyota,toyota innova crysta
2020,2800000.0,36000.0,CNG,automatic,1,toyota,toyota camry
2015,1951000.0,84000.0,Diesel,automatic,1,audi,audi a6
2023,5610000.0,3500.0,Petrol,automatic,1,bmw,bmw 3 series gran limousine
2022,1545000.0,72000.0,Diesel,automatic,1,hyundai,hyundai alcazar
2014,2990000.0,75000.0,Diesel,automatic,2,mercedes-benz,mercedes-benz s-class
2018,1800000.0,63000.0,Diesel,automatic,2,mercedes-benz,mercedes-benz cla
2020,4500000.0,55000.0,Diesel,automatic,1,volvo,volvo xc60
2015,2000000.0,65000.0,Diesel,automatic,1,mini,mini cooper 3 door
2017,2399000.0,55000.0,Diesel,automatic,1,mercedes-benz,mercedes-benz c-class
2012,1525000.0,75000.0,Diesel,automatic,2,bmw,bmw 5 series
2014,1590000.0,16500.0,Diesel,automatic,1,audi,audi a6
2015,2700000.0,36338.0,Diesel,automatic,1,mini,mini 5 door
2018,2150000.0,85000.0,Diesel,automatic,1,mercedes-benz,mercedes-benz cla
2017,1651000.0,85000.0,Diesel,automatic,2,volvo,volvo s60
2019,8300000.0,89000.0,Diesel,automatic,2,land rover,land rover range rover sport
2014,8400000.0,7000.0,Petrol,automatic,1,porsche,porsche cayman
2015,1575000.0,50000.0,Diesel,automatic,2,audi,audi q3
2015,4211000.0,72000.0,Petrol,automatic,2,mercedes-benz,mercedes-benz s-class
2020,4450000.0,76500.0,Diesel,automatic,1,bmw,bmw x3
2015,2450000.0,82000.0,Diesel,automatic,2,mercedes-benz,mercedes-benz cls-class
2022,5275000.0,20591.0,CNG,automatic,1,volvo,volvo s90
2022,3850000.0,30000.0,Diesel,automatic,1,kia,kia carnival
2023,4575000.0,7900.0,Diesel,automatic,1,toyota,toyota fortuner
2019,2499999.0,30000.0,Diesel,automatic,2,mercedes-benz,mercedes-benz gla
2018,6750000.0,54855.0,Diesel,automatic,1,mercedes-benz,mercedes-benz gls
2018,3200000.0,35000.0,Diesel,automatic,1,jaguar,jaguar f-pace
2016,2950000.0,69000.0,Diesel,automatic,2,audi,audi q7
2023,1575000.0,49000.0,Diesel,manual,1,mahindra,mahindra thar
2019,2975000.0,76000.0,Diesel,automatic,1,volvo,volvo xc40
2017,2750000.0,150000.0,Diesel,automatic,1,mercedes-benz,mercedes-benz gle class
2023,5500000.0,10000.0,Petrol,automatic,1,mercedes-benz,mercedes-benz amg a35
2018,2300000.0,43000.0,Diesel,automatic,1,bmw,bmw x1
2020,3790000.0,42349.0,Diesel,automatic,2,mercedes-benz,mercedes-benz e-class
2018,1890000.0,43000.0,Diesel,automatic,1,volvo,volvo s60 cross country
2023,1925000.0,28000.0,Diesel,automatic,2,hyundai,hyundai alcazar
2021,2651000.0,77000.0,Diesel,automatic,1,toyota,toyota innova crysta
2020,4000000.0,40000.0,Petrol,automatic,1,mercedes-benz,mercedes-benz e-class
2020,1750000.0,40000.0,Diesel,automatic,1,toyota,toyota innova crysta
2018,2000000.0,78900.0,Diesel,automatic,1,mercedes-benz,mercedes-benz gla class
2018,4400000.0,55000.0,Petrol,automatic,1,mercedes-benz,mercedes-benz e-class
2021,1565000.0,59084.0,Petrol,automatic,1,volkswagen,volkswagen taigun
2022,3600000.0,11500.0,Petrol,automatic,1,toyota,toyota fortuner
2016,2450000.0,42000.0,Petrol,automatic,1,audi,audi a6
2023,18500000.0,7000.0,Petrol,automatic,1,bmw,bmw 7 series
2022,1690000.0,44000.0,Diesel,automatic,1,hyundai,hyundai creta
2016,1575000.0,100906.0,Petrol,automatic,1,toyota,toyota camry
2016,2349000.0,78000.0,Diesel,automatic,2,bmw,bmw x5 m
2016,2149000.0,64000.0,Diesel,automatic,1,bmw,bmw 3 series gt
2014,1545000.0,55468.0,Diesel,automatic,1,bmw,bmw 3 series
2021,2150000.0,57000.0,Diesel,automatic,1,toyota,toyota innova crysta
2023,2121000.0,10500.0,Petrol,automatic,1,mg,mg hector
2015,3200000.0,71700.0,Diesel,automatic,2,mercedes-benz,mercedes-benz gl-class
2017,2100000.0,140000.0,Diesel,automatic,1,toyota,toyota innova crysta
2019,24900000.0,59000.0,Petrol,automatic,1,mercedes-benz,mercedes-benz g class
2019,2195000.0,48000.0,Diesel,automatic,1,bmw,bmw x1
2022,3450000.0,42000.0,Petrol,automatic,1,toyota,toyota camry
2022,11800000.0,17000.0,Petrol,automatic,1,toyota,toyota vellfire
2020,1550000.0,12000.0,Diesel,automatic,1,tata,tata harrier
2022,3975000.0,25000.0,Petrol,automatic,1,mini,mini cooper countryman
2022,3990000.0,26000.0,Petrol,automatic,1,bmw,bmw x1
2016,1800000.0,51000.0,Diesel,automatic,2,volvo,volvo s60
2017,5800000.0,33000.0,Petrol,automatic,2,mercedes-benz,mercedes-benz c-class
2017,2490000.0,89000.0,Diesel,automatic,2,bmw,bmw x5
2021,1550000.0,34500.0,Diesel,automatic,2,kia,kia seltos
2015,1525000.0,71000.0,Diesel,automatic,1,audi,audi q3
2023,5200000.0,19000.0,Diesel,automatic,1,toyota,toyota 2.8 legender 4x2
2023,1845000.0,23000.0,Diesel,automatic,1,kia,kia seltos
2021,1550000.0,45000.0,Diesel,manual,2,tata,tata safari
2020,11900000.0,50000.0,CNG,automatic,1,porsche,porsche cayenne
2010,1600000.0,125000.0,Diesel,automatic,2,mercedes-benz,mercedes-benz gl-class
2018,1990000.0,90000.0,Diesel,automatic,1,skoda,skoda kodiaq
2017,1950000.0,71555.0,Diesel,automatic,2,audi,audi a6
2022,1675000.0,31000.0,Petrol,automatic,1,kia,kia seltos
2017,2100000.0,90000.0,Diesel,automatic,1,ford,ford endeavour
2023,2011000.0,6000.0,Diesel,automatic,1,hyundai,hyundai creta
2016,2995000.0,118000.0,Diesel,automatic,1,audi,audi q7
2011,1975000.0,100000.0,Diesel,automatic,1,audi,audi q7
2020,1711000.0,83000.0,Petrol,automatic,1,toyota,toyota innova crysta
2023,1950000.0,12000.0,CNG,automatic,1,toyota,toyota urban cruiser hyryder
2023,12500000.0,12000.0,Petrol,automatic,2,land rover,land rover defender
2015,2190000.0,64000.0,Diesel,automatic,1,audi,audi q7
2018,2250000.0,65000.0,Diesel,automatic,1,mercedes-benz,mercedes-benz c-class
2016,2315000.0,56000.0,Diesel,automatic,2,mercedes-benz,mercedes-benz cla
2018,2790000.0,119000.0,Diesel,automatic,1,ford,ford endeavour
2016,1770000.0,43715.0,Diesel,automatic,2,audi,audi a4
2018,2585000.0,105000.0,Diesel,automatic,2,toyota,toyota fortuner
2017,1925000.0,60000.0,Diesel,automatic,2,mercedes-benz,mercedes-benz gla
2021,1725000.0,48500.0,Diesel,automatic,1,kia,kia seltos
2019,2300000.0,60000.0,Diesel,automatic,1,bmw,bmw x1
2023,3585000.0,18500.0,CNG,automatic,1,toyota,toyota innova hycross
2022,1750000.0,29000.0,CNG,automatic,1,toyota,toyota urban cruiser hyryder
2020,3790000.0,44500.0,Diesel,automatic,1,bmw,bmw 3 series
2016,1890000.0,91000.0,Diesel,manual,2,ford,ford endeavour
2020,1700000.0,32000.0,Diesel,automatic,1,toyota,toyota innova
2014,1790000.0,58000.0,Diesel,automatic,2,land rover,land rover range rover evoque
2013,2250000.0,77000.0,Diesel,automatic,2,mercedes-benz,mercedes-benz gl-class
2014,1600000.0,136000.0,Diesel,automatic,2,bmw,bmw x3
2016,2600000.0,43000.0,Petrol,automatic,2,land rover,land rover discovery sport
2019,2500000.0,47000.0,Diesel,automatic,2,bmw,bmw 5 series
2013,2100000.0,94000.0,Diesel,automatic,2,mercedes-benz,mercedes-benz gl-class
2019,2750000.0,150000.0,Diesel,automatic,1,toyota,toyota fortuner
2023,6400000.0,10000.0,Petrol,automatic,1,jeep,jeep wrangler
2023,13800000.0,22000.0,Diesel,automatic,1,mercedes-benz,mercedes-benz s-class
2023,5500000.0,4000.0,Petrol,automatic,1,mini,mini cooper s
2020,3200000.0,50000.0,Diesel,automatic,1,kia,kia carnival
2020,1550000.0,46450.0,Petrol,automatic,1,mg,mg hector
2020,3325000.0,30000.0,Petrol,automatic,1,bmw,bmw x1
2018,1700000.0,110000.0,Diesel,automatic,1,toyota,toyota innova crysta
2024,2045000.0,13400.0,CNG,automatic,1,maruti,maruti grand vitara
2017,1850000.0,60989.0,Diesel,manual,2,toyota,toyota innova crysta
2018,4175000.0,28847.0,Diesel,automatic,1,land rover,land rover discovery sport
2023,1560000.0,23000.0,Petrol,automatic,1,hyundai,hyundai verna
2023,2900000.0,19000.0,CNG,automatic,1,toyota,toyota innova hycross
2024,1675000.0,7000.0,Diesel,manual,1,force,force motors fm gurkha
2020,1850000.0,45000.0,Diesel,automatic,2,hyundai,hyundai creta
2020,2645000.0,62000.0,Diesel,manual,1,toyota,toyota innova crysta
2020,1540000.0,79000.0,Diesel,manual,1,mg,mg hector plus
2019,2650000.0,76000.0,Diesel,automatic,1,ford,ford endeavour
2017,2550000.0,38000.0,Diesel,automatic,1,bmw,bmw x1
2020,1650000.0,70000.0,Diesel,automatic,1,toyota,toyota innova crysta
2017,3690000.0,71000.0,Petrol,automatic,1,mercedes-benz,mercedes-benz glc class
2017,3699000.0,68000.0,Petrol,automatic,1,mercedes-benz,mercedes-benz glc class
2022,5800000.0,15000.0,Petrol,automatic,1,jeep,jeep wrangler
2023,2450000.0,28000.0,Diesel,automatic,1,mahindra,mahindra scorpio n
2016,2000000.0,110000.0,Diesel,automatic,2,bmw,bmw 3 series gt
2016,1650000.0,78000.0,Petrol,automatic,2,mercedes-benz,mercedes-benz gla class
2017,1500000.0,55000.0,Diesel,automatic,1,bmw,bmw x1
2023,3975000.0,11000.0,CNG,automatic,1,toyota,toyota innova hycross
2023,4500000.0,18500.0,Diesel,automatic,1,toyota,toyota fortuner
2022,1960000.0,31000.0,Diesel,automatic,2,tata,tata safari
2023,6950000.0,6000.0,Petrol,automatic,1,lexus,lexus es
2021,1695000.0,37000.0,Petrol,automatic,2,mg,mg hector plus
2017,1800000.0,52000.0,Diesel,automatic,1,toyota,toyota fortuner
2020,4100000.0,42000.0,Petrol,automatic,2,jaguar,jaguar f-pace
2019,1925000.0,210000.0,Diesel,manual,2,toyota,toyota innova crysta
2016,3999999.0,100000.0,Diesel,automatic,2,land rover,land rover range rover sport
2024,2025000.0,28000.0,Diesel,automatic,1,mahindra,mahindra scorpio-n
2014,1690000.0,12500.0,Diesel,automatic,2,jaguar,jaguar xf
2022,6600000.0,38000.0,CNG,automatic,2,lexus,lexus es
2016,1828000.0,180000.0,Diesel,automatic,2,toyota,toyota innova crysta
2023,2550000.0,25000.0,CNG,automatic,1,maruti,maruti invicto
2023,13000000.0,4000.0,Diesel,automatic,1,bmw,bmw x7
2022,2275111.0,36000.0,Diesel,automatic,2,mahindra,mahindra xuv700
2017,2050000.0,55000.0,Diesel,automatic,1,toyota,toyota innova crysta
2019,2975000.0,95000.0,Diesel,automatic,1,toyota,toyota fortuner
2024,2500000.0,3000.0,Petrol,automatic,1,toyota,toyota innova hycross
2016,1600000.0,64998.0,Diesel,automatic,2,mercedes-benz,mercedes-benz c-class
2021,1545000.0,37900.0,Diesel,automatic,1,kia,kia seltos
2020,3195000.0,51000.0,Petrol,automatic,1,mercedes-benz,mercedes-benz c-class
2024,4150000.0,9000.0,Diesel,automatic,1,toyota,toyota fortuner
2021,5499000.0,31000.0,Petrol,automatic,1,mercedes-benz,mercedes-benz glc class
2021,3250000.0,78000.0,Diesel,automatic,1,ford,ford endeavour
2010,2700000.0,25647.0,Petrol,automatic,2,bmw,bmw z4
2021,1735000.0,54128.0,Diesel,manual,1,mahindra,mahindra scorpio
2021,1500000.0,38000.0,Diesel,automatic,1,ford,ford endeavour
2020,4800000.0,17500.0,Petrol,automatic,1,bmw,bmw 3 series
2021,3500000.0,38351.0,Diesel,manual,1,toyota,toyota fortuner
2021,7100000.0,19000.0,Diesel,automatic,1,mercedes-benz,mercedes-benz e-class
2024,1569000.0,5000.0,Petrol,automatic,1,skoda,skoda slavia
2021,3640000.0,68800.0,Diesel,automatic,1,ford,ford endeavour
2018,1850000.0,90000.0,Diesel,automatic,1,skoda,skoda kodiaq
2019,1999999.0,195698.0,Diesel,manual,1,toyota,toyota innova crysta
2022,4200000.0,28000.0,Petrol,automatic,1,audi,audi a4
2015,1899999.0,78000.0,Diesel,automatic,2,bmw,bmw 7 series
2023,1735000.0,14500.0,Diesel,automatic,1,mahindra,mahindra thar
2022,1675000.0,16000.0,Petrol,automatic,2,skoda,skoda kushaq
2021,3895000.0,83000.0,Diesel,automatic,1,toyota,toyota 2.8 legender 4x2
2020,2400000.0,155000.0,Diesel,manual,1,toyota,toyota innova crysta
2019,4350000.0,39000.0,Diesel,automatic,1,mercedes-benz,mercedes-benz c-class
2022,1550000.0,22000.0,Petrol,automatic,1,kia,kia seltos
2021,9500000.0,30000.0,Petrol,automatic,1,toyota,toyota vellfire
2018,3499999.0,76000.0,Diesel,automatic,2,jaguar,jaguar f-pace
2017,1900000.0,105000.0,Diesel,automatic,1,volkswagen,volkswagen tiguan
2013,9500000.0,250000.0,Diesel,manual,2,toyota,toyota innova
2021,1925000.0,52000.0,Petrol,manual,1,mahindra,mahindra xuv700
2019,4650000.0,88000.0,CNG,automatic,2,lexus,lexus es
2020,4050000.0,24000.0,Diesel,automatic,2,mercedes-benz,mercedes-benz c-class
2023,3595000.0,8500.0,CNG,automatic,1,toyota,toyota innova hycross
2012,2050000.0,79000.0,Diesel,automatic,2,bmw,bmw x3
2023,1750000.0,16900.0,Diesel,manual,1,mahindra,mahindra scorpio
2013,1975000.0,23000.0,Petrol,automatic,2,mini,mini cooper convertible
2022,5300000.0,37500.0,Petrol,automatic,1,bmw,bmw x3
2023,11200000.0,10000.0,Petrol,automatic,1,toyota,toyota vellfire
2016,2590000.0,40000.0,Diesel,automatic,2,audi,audi q3
2020,2799999.0,122000.0,Diesel,automatic,1,ford,ford endeavour
2017,4450000.0,26000.0,Diesel,automatic,2,bmw,bmw 7 series
2023,3599000.0,5100.0,CNG,automatic,1,toyota,toyota innova hycross
2013,1700000.0,48000.0,Petrol,automatic,2,mini,mini cooper s
2021,2600000.0,75000.0,Diesel,automatic,1,toyota,toyota innova crysta
2018,5100000.0,130000.0,CNG,automatic,1,lexus,lexus rx
2017,5300000.0,70000.0,Petrol,automatic,1,mercedes-benz,mercedes-benz gls
2023,3460000.0,25000.0,CNG,automatic,1,toyota,toyota innova hycross
2017,1800000.0,38000.0,Diesel,automatic,1,mercedes-benz,mercedes-benz cla
2015,2275000.0,70000.0,Diesel,automatic,2,mercedes-benz,mercedes-benz e-class
2014,1550000.0,68000.0,Diesel,automatic,2,bmw,bmw 5 series
2021,3100000.0,35000.0,Diesel,automatic,2,toyota,toyota innova crysta
2018,1900000.0,90000.0,Diesel,automatic,1,ford,ford endeavour
2018,5800000.0,85000.0,Diesel,automatic,1,land rover,land rover range rover sport
2022,2150000.0,20545.0,Diesel,manual,2,mahindra,mahindra scorpio-n
2017,2200000.0,112000.0,Diesel,automatic,2,bmw,bmw 3 series gt
2017,2450000.0,92000.0,Diesel,automatic,2,volvo,volvo s90
2023,5500000.0,16600.0,Diesel,automatic,1,mercedes-benz,mercedes-benz c-class
2020,2599000.0,88000.0,Diesel,automatic,2,ford,ford endeavour
2023,1650000.0,20000.0,Petrol,automatic,2,volkswagen,volkswagen virtus
2020,3300000.0,65000.0,Petrol,automatic,2,jaguar,jaguar xe
2014,1630000.0,127000.0,Diesel,manual,2,toyota,toyota fortuner
2012,1500000.0,45500.0,Diesel,automatic,2,volvo,volvo s60
2017,2795000.0,115000.0,Diesel,automatic,1,toyota,toyota fortuner
2019,5600000.0,79000.0,CNG,automatic,1,lexus,lexus nx
2022,1660000.0,46000.0,Diesel,automatic,1,tata,tata safari
2021,10750000.0,25000.0,Diesel,automatic,2,mercedes-benz,mercedes-benz gls
2014,2425000.0,190000.0,Diesel,automatic,2,mercedes-benz,mercedes-benz s-class
2018,1799999.0,250000.0,Diesel,automatic,1,toyota,toyota innova crysta
2018,5000000.0,40000.0,Diesel,automatic,1,audi,audi q7
2020,4200000.0,36000.0,Diesel,automatic,1,volvo,volvo s90
2016,2650000.0,38000.0,Diesel,automatic,1,land rover,land rover range rover evoque
2021,1850000.0,35000.0,Diesel,automatic,1,hyundai,hyundai alcazar
2016,3050000.0,99000.0,Diesel,automatic,1,audi,audi q7
2023,2750000.0,30000.0,Petrol,automatic,2,toyota,toyota innova hycross
2014,1599000.0,51000.0,Diesel,automatic,2,mercedes-benz,mercedes-benz e-class
2017,2250000.0,78000.0,Diesel,automatic,2,land rover,land rover discovery sport
2018,1550000.0,65000.0,Petrol,automatic,1,skoda,skoda superb
2016,2750000.0,100000.0,Diesel,automatic,2,ford,ford endeavour
2023,3600000.0,13000.0,CNG,automatic,1,toyota,toyota innova hycross
2020,3975000.0,40700.0,Diesel,automatic,1,toyota,toyota fortuner
2018,1970000.0,115000.0,Diesel,manual,1,toyota,toyota innova crysta
2024,1985000.0,13000.0,Diesel,automatic,1,mahindra,mahindra xuv700
2016,1799999.0,63000.0,Diesel,automatic,2,audi,audi a6
2015,1695000.0,53000.0,Diesel,automatic,2,mercedes-benz,mercedes-benz gla class
2022,1750000.0,9000.0,CNG,automatic,1,honda,honda city hybrid ehev
2018,2899999.0,64999.0,Diesel,automatic,1,ford,ford endeavour
2017,1689000.0,65000.0,Diesel,automatic,1,audi,audi q3
2022,1630000.0,28850.0,Petrol,manual,1,maruti,maruti grand vitara
2016,2150000.0,45000.0,Diesel,automatic,1,audi,audi q3
2020,4975000.0,53500.0,Diesel,automatic,2,land rover,land rover discovery sport
2020,14500000.0,30000.0,Petrol,automatic,1,land rover,land rover range rover sport
2022,1545000.0,71000.0,Diesel,manual,1,hyundai,hyundai creta
2021,1595000.0,43000.0,Petrol,automatic,1,mg,mg hector
2019,2200000.0,59000.0,Diesel,automatic,2,audi,audi a3
2018,3450000.0,62000.0,Diesel,automatic,1,ford,ford endeavour
2021,1550000.0,40000.0,Petrol,automatic,1,kia,kia seltos
2019,16500000.0,40000.0,Diesel,automatic,1,toyota,toyota land cruiser
2014,1650000.0,110000.0,Diesel,automatic,2,audi,audi q3
2020,1645000.0,44197.0,Diesel,automatic,1,kia,kia seltos
2019,4599999.0,17000.0,Petrol,automatic,2,mini,mini cooper s
2018,2995000.0,75000.0,Diesel,automatic,1,mercedes-benz,mercedes-benz e-class
2022,1790000.0,26000.0,Diesel,automatic,1,mahindra,mahindra thar
2021,1721000.0,9000.0,Petrol,automatic,1,mg,mg hector
2015,2350000.0,59000.0,Diesel,automatic,1,audi,audi a8 l
2023,2225000.0,14000.0,CNG,automatic,1,maruti,maruti grand vitara
2017,1675000.0,85000.0,Petrol,automatic,1,skoda,skoda superb
2021,1590000.0,56000.0,Diesel,manual,2,hyundai,hyundai creta
2022,2095000.0,28000.0,CNG,automatic,1,toyota,toyota urban cruiser hyryder
2019,1899000.0,27000.0,Petrol,automatic,1,toyota,toyota innova crysta
2022,1780000.0,14000.0,Diesel,automatic,1,tata,tata harrier
2017,1799999.0,57000.0,Diesel,automatic,2,bmw,bmw x1
2018,1650000.0,151000.0,Diesel,automatic,1,toyota,toyota innova crysta
2016,4999000.0,31000.0,Petrol,automatic,2,maruti,maruti baleno
2016,1585000.0,50000.0,Petrol,automatic,2,mercedes-benz,mercedes-benz gla
2019,14000000.0,110000.0,Diesel,automatic,2,land rover,land rover range rover
2016,1650000.0,99000.0,Diesel,automatic,2,ford,ford endeavour
2018,3485000.0,90000.0,Diesel,automatic,2,toyota,toyota fortuner
2021,3583000.0,45000.0,Diesel,automatic,1,ford,ford endeavour
2018,1850000.0,74656.0,Diesel,automatic,1,volkswagen,volkswagen tiguan
2016,1735000.0,63000.0,Petrol,automatic,2,audi,audi a6
2022,6250000.0,17000.0,Diesel,automatic,1,bmw,bmw 5 series
2016,3800000.0,53000.0,Diesel,automatic,1,mercedes-benz,mercedes-benz c-class
2022,3100000.0,39000.0,Diesel,automatic,1,kia,kia carnival
2022,1550000.0,38000.0,CNG,automatic,1,toyota,toyota urban cruiser hyryder
2018,4400000.0,55000.0,Diesel,automatic,1,bmw,bmw x5
2017,1990000.0,200000.0,Diesel,automatic,1,ford,ford endeavour
2019,3400000.0,85000.0,Petrol,automatic,1,bmw,bmw 6 series gt
2022,1600000.0,98000.0,Diesel,automatic,1,mahindra,mahindra thar
2016,1650000.0,65000.0,CNG,automatic,1,toyota,toyota camry
2018,1500000.0,188000.0,Diesel,manual,1,toyota,toyota innova crysta
2022,7000000.0,15000.0,Petrol,automatic,1,jeep,jeep wrangler
2019,2230000.0,55000.0,Diesel,automatic,1,toyota,toyota innova crysta
2020,8050000.0,19000.0,Diesel,automatic,1,mercedes-benz,mercedes-benz gle class
2023,6000000.0,9700.0,Petrol,automatic,1,volvo,volvo xc60
2017,4850000.0,58900.0,Diesel,automatic,2,bmw,bmw 7 series
2022,1595000.0,69120.0,Diesel,manual,1,mahindra,mahindra scorpio
2022,4700000.0,25700.0,Diesel,automatic,1,mercedes-benz,mercedes-benz gla
2017,1563000.0,110000.0,Diesel,automatic,2,toyota,toyota innova crysta
2020,3700000.0,45000.0,Petrol,automatic,1,bmw,bmw x1
2022,2200000.0,35000.0,Petrol,automatic,1,toyota,toyota innova hycross
2017,3300000.0,63000.0,Diesel,automatic,2,toyota,toyota fortuner
2009,4200000.0,120000.0,Diesel,automatic,2,toyota,toyota land cruiser
2020,4800000.0,65000.0,Diesel,automatic,2,bmw,bmw 5 series
2020,2600000.0,55000.0,Diesel,automatic,1,toyota,toyota innova crysta
2016,2250000.0,56000.0,Diesel,automatic,2,ford,ford endeavour
2022,1550000.0,36240.0,Petrol,manual,1,toyota,toyota urban cruiser hyryder
2023,2800000.0,6100.0,CNG,automatic,2,maruti,maruti invicto
2018,2400000.0,50200.0,Diesel,automatic,2,toyota,toyota fortuner
2022,1825000.0,39000.0,Diesel,automatic,1,kia,kia seltos
2022,2050000.0,55000.0,Diesel,automatic,1,toyota,toyota innova crysta
2018,2975000.0,38000.0,Diesel,automatic,1,toyota,toyota fortuner
2018,1949000.0,99500.0,Diesel,automatic,2,toyota,toyota innova crysta
2023,2125000.0,10300.0,Petrol,automatic,2,mg,mg hector plus
2020,2985000.0,85000.0,Diesel,automatic,1,ford,ford endeavour
2021,1975000.0,90000.0,Diesel,automatic,1,toyota,toyota innova crysta
2018,2750000.0,76000.0,Diesel,automatic,1,volvo,volvo s90
2016,2899999.0,37909.0,Petrol,automatic,2,audi,audi a3 cabriolet
2022,4500000.0,50000.0,Petrol,automatic,2,audi,audi a6
2023,6090000.0,7000.0,Petrol,automatic,1,jeep,jeep wrangler
2019,2800000.0,42000.0,Petrol,automatic,1,mercedes-benz,mercedes-benz cla
2016,3000000.0,71000.0,Diesel,automatic,2,bmw,bmw x5
2022,1600000.0,14000.0,CNG,automatic,2,mahindra,mahindra thar
2022,1575000.0,17000.0,Petrol,automatic,1,kia,kia seltos
2023,1950000.0,18246.0,CNG,automatic,1,toyota,toyota urban cruiser hyryder
2023,3825000.0,6700.0,Petrol,automatic,1,mercedes-benz,mercedes-benz a-class limousine
2018,4800000.0,37000.0,Diesel,automatic,1,bmw,bmw 5 series
2018,2750000.0,93000.0,Diesel,automatic,2,land rover,land rover discovery sport
2017,2625000.0,95000.0,Diesel,automatic,2,toyota,toyota fortuner
2009,2800000.0,38000.0,Petrol,automatic,2,volkswagen,volkswagen beetle
2021,3310000.0,7500.0,Diesel,automatic,1,toyota,toyota innova crysta
2020,1695000.0,66658.0,Diesel,manual,1,isuzu,isuzu d-max v-cross
2021,4650000.0,6000.0,Diesel,automatic,1,mercedes-benz,mercedes-benz c-class
2016,4850000.0,35000.0,Petrol,automatic,2,mercedes-benz,mercedes-benz amg c 43
2015,6800000.0,49000.0,Petrol,automatic,2,bmw,bmw x6
2017,18500000.0,22000.0,Petrol,automatic,1,bentley,bentley flying spur
2019,1900000.0,60000.0,Diesel,automatic,1,mahindra,mahindra alturas g4
2021,1550000.0,63000.0,Diesel,automatic,1,hyundai,hyundai creta
2019,6900000.0,40000.0,Diesel,automatic,1,volvo,volvo xc 90
2021,2395000.0,25000.0,Diesel,automatic,2,kia,kia carnival
2023,12500000.0,25000.0,Diesel,automatic,1,mercedes-benz,mercedes-benz gls
2019,1650000.0,53000.0,Diesel,manual,1,toyota,toyota innova crysta
2018,2475000.0,226350.0,Diesel,automatic,1,volvo,volvo xc40
2022,2290000.0,23000.0,Petrol,automatic,2,skoda,skoda octavia
2017,3050000.0,57000.0,Diesel,automatic,2,mercedes-benz,mercedes-benz gle
2020,1560000.0,50000.0,Diesel,automatic,2,mahindra,mahindra alturas g4
2019,2350000.0,60000.0,Diesel,automatic,2,audi,audi a6
2019,4900000.0,30000.0,Diesel,automatic,1,mercedes-benz,mercedes-benz gle
1999,2100000.0,30000.0,Petrol,automatic,1,toyota,toyota land cruiser
2024,4050000.0,6500.0,CNG,automatic,1,toyota,toyota camry
2019,7200000.0,22000.0,Petrol,automatic,2,tata,tata curvv
2012,2300000.0,45000.0,Petrol,automatic,1,toyota,toyota estima
2020,7174999.0,44000.0,Diesel,automatic,1,audi,audi q7
2021,3150000.0,24000.0,Diesel,automatic,1,toyota,toyota innova crysta
2018,1690000.0,85000.0,Diesel,automatic,1,toyota,toyota innova crysta
2023,1599000.0,24600.0,Petrol,automatic,1,hyundai,hyundai verna
2022,3800000.0,52000.0,Diesel,automatic,2,mg,mg gloster
2020,2300000.0,22000.0,Diesel,manual,2,toyota,toyota innova crysta
2013,2399000.0,58000.0,Diesel,automatic,2,bmw,bmw 3 series
2018,3275000.0,71767.0,CNG,automatic,1,lexus,lexus nx
2022,1825000.0,32000.0,CNG,automatic,1,honda,honda city hybrid ehev
2021,1665000.0,89000.0,Diesel,automatic,1,kia,kia seltos
2019,2390000.0,30700.0,Diesel,automatic,1,mahindra,mahindra alturas g4
2019,3550000.0,16000.0,CNG,automatic,1,toyota,toyota camry
2021,5600000.0,31527.0,Diesel,automatic,2,land rover,land rover range rover evoque
2014,1549000.0,68000.0,Diesel,automatic,2,bmw,bmw 3 series gt
2018,6999999.0,45000.0,Diesel,automatic,2,mercedes-benz,mercedes-benz gls
2022,4400000.0,34000.0,Diesel,automatic,1,toyota,toyota fortuner
2014,2250000.0,74000.0,Diesel,automatic,1,jaguar,jaguar others
2015,1651000.0,72000.0,Diesel,automatic,1,mercedes-benz,mercedes-benz gla class
2018,1650000.0,133000.0,Diesel,automatic,1,toyota,toyota innova crysta
2019,3100000.0,63988.0,Diesel,automatic,1,ford,ford endeavour
2017,2950000.0,43000.0,Diesel,automatic,2,audi,audi a6
2019,1850000.0,33500.0,Diesel,automatic,1,mercedes-benz,mercedes-benz gla
2023,1699999.0,21000.0,Petrol,automatic,1,hyundai,hyundai creta
2017,3000000.0,98000.0,Diesel,automatic,2,volvo,volvo xc 90
2022,5800000.0,39000.0,Petrol,automatic,1,jeep,jeep wrangler
2020,6891000.0,60000.0,Diesel,automatic,1,bmw,bmw x5
2022,1620000.0,7000.0,Diesel,automatic,1,mahindra,mahindra thar
2016,2900000.0,43000.0,Petrol,automatic,1,mercedes-benz,mercedes-benz c-class
2015,1551000.0,168000.0,Diesel,manual,1,toyota,toyota fortuner
2017,2250000.0,60000.0,Diesel,automatic,1,mercedes-benz,mercedes-benz e-class
2022,6700000.0,8000.0,CNG,automatic,1,lexus,lexus es
2022,6000000.0,30000.0,Petrol,automatic,1,lexus,lexus es
2019,2000000.0,40000.0,Diesel,automatic,2,mercedes-benz,mercedes-benz gla class
2019,3000000.0,97000.0,Diesel,automatic,2,land rover,land rover discovery sport
2022,6700000.0,11000.0,Petrol,automatic,1,bmw,bmw x3
2021,6175000.0,19000.0,Petrol,automatic,1,jaguar,jaguar f-pace
2018,1950000.0,93173.0,Diesel,automatic,1,volkswagen,volkswagen tiguan
2017,2200000.0,144000.0,Diesel,automatic,1,ford,ford endeavour
2019,4375000.0,28000.0,Petrol,automatic,1,land rover,land rover discovery
2023,2275000.0,25000.0,Petrol,automatic,1,mahindra,mahindra xuv700
2022,3599000.0,25000.0,Diesel,automatic,2,kia,kia carnival
2016,2800000.0,109000.0,CNG,automatic,2,lexus,lexus es
2021,2245000.0,23883.0,Petrol,automatic,2,mahindra,mahindra xuv700
2018,2250000.0,70000.0,Diesel,automatic,1,mercedes-benz,mercedes-benz c-class
2021,9600000.0,37000.0,Petrol,automatic,1,land rover,land rover range rover sport
2021,9800000.0,30000.0,CNG,automatic,1,toyota,toyota vellfire
2012,1650000.0,90000.0,Diesel,automatic,2,mercedes-benz,mercedes-benz m-class
2020,2390000.0,36000.0,Diesel,automatic,2,toyota,toyota innova crysta
2017,1685000.0,115000.0,Diesel,automatic,2,toyota,toyota innova crysta
2012,4795000.0,23102.0,Diesel,automatic,2,land rover,land rover range rover
2015,1550000.0,163000.0,Diesel,manual,1,toyota,toyota fortuner
2021,2651000.0,80500.0,Diesel,automatic,1,kia,kia carnival
2021,4950000.0,18800.0,Petrol,automatic,1,bmw,bmw 3 series gran limousine
2019,3900000.0,57000.0,Petrol,automatic,2,lexus,lexus nx
2018,1751000.0,140000.0,Diesel,manual,1,toyota,toyota innova crysta
2024,1575000.0,7000.0,Diesel,automatic,1,mahindra,mahindra thar
2019,4990000.0,30000.0,Diesel,automatic,2,mercedes-benz,mercedes-benz glc
2017,2049000.0,29600.0,Diesel,automatic,2,audi,audi a4
2017,1700000.0,95000.0,Diesel,automatic,1,audi,audi a4
2024,5500000.0,6000.0,Diesel,automatic,1,toyota,toyota 2.8 legender 4x2
2021,1750000.0,71000.0,Diesel,automatic,1,tata,tata harrier
2024,1800000.0,11000.0,CNG,automatic,1,toyota,toyota urban cruiser
2023,1690000.0,31500.0,Diesel,manual,1,mahindra,mahindra scorpio classic
2015,2490000.0,115000.0,Diesel,automatic,2,mercedes-benz,mercedes-benz gl-class
2021,6850000.0,28000.0,Diesel,automatic,1,mercedes-benz,mercedes-benz glc class
2016,1875000.0,35300.0,Diesel,automatic,2,mercedes-benz,mercedes-benz gla
2018,2490000.0,49000.0,Diesel,automatic,1,ford,ford endeavour
2023,3800000.0,15000.0,Diesel,automatic,1,mercedes-benz,mercedes-benz a-class limousine
2017,1875000.0,99000.0,Diesel,manual,2,toyota,toyota innova crysta
2020,4000000.0,29000.0,Diesel,automatic,2,mercedes-benz,mercedes-benz c-class
2016,6000000.0,11000.0,CNG,automatic,1,lexus,lexus rx
2023,1675000.0,7500.0,Diesel,manual,1,tata,tata harrier
2020,15000000.0,20000.0,Petrol,automatic,1,porsche,porsche panamera
2018,1999000.0,93000.0,Diesel,automatic,1,ford,ford endeavour
2017,2000000.0,156000.0,Diesel,automatic,1,bmw,bmw x3
2023,1800000.0,70000.0,Diesel,automatic,1,hyundai,hyundai creta
2019,7900000.0,64000.0,Diesel,automatic,1,land rover,land rover range rover sport
2021,2695000.0,23000.0,Diesel,automatic,1,kia,kia carnival
2021,3699000.0,31500.0,Diesel,automatic,1,toyota,toyota fortuner
2021,5900000.0,8000.0,Petrol,automatic,1,audi,audi a6
2023,6600000.0,7000.0,Diesel,automatic,1,bmw,bmw 5 series
2020,7500000.0,54000.0,Petrol,automatic,2,land rover,land rover range rover velar
2017,2500000.0,35000.0,Diesel,automatic,2,toyota,toyota innova crysta
2020,1675000.0,75000.0,Diesel,automatic,2,hyundai,hyundai creta
2019,3500000.0,9000.0,Petrol,automatic,1,mercedes-benz,mercedes-benz c class
2019,2200000.0,70450.0,Diesel,automatic,1,volkswagen,volkswagen passat
2022,2150000.0,13000.0,Petrol,automatic,1,mahindra,mahindra xuv700
2015,1670000.0,44000.0,Diesel,automatic,1,audi,audi a3
2021,1700000.0,8600.0,Petrol,automatic,1,skoda,skoda kushaq
2018,2090000.0,70000.0,Diesel,automatic,1,bmw,bmw 3 series gt
2018,7500000.0,44000.0,Petrol,automatic,2,audi,audi 2.9 sportback
2018,3400000.0,120000.0,Diesel,automatic,2,toyota,toyota fortuner
2021,2425000.0,62000.0,Petrol,automatic,2,skoda,skoda superb
2015,2000000.0,75000.0,Diesel,automatic,1,land rover,land rover discovery sport
2015,4100000.0,45000.0,Diesel,automatic,2,mercedes-benz,mercedes-benz s-class
2019,3151000.0,85000.0,Diesel,automatic,1,toyota,toyota fortuner
2020,2175000.0,72000.0,Diesel,automatic,1,toyota,toyota innova crysta
2017,2650000.0,43000.0,Diesel,automatic,1,mercedes-benz,mercedes-benz c-class
2019,2700000.0,87000.0,Diesel,automatic,2,land rover,land rover discovery
2022,11500000.0,14000.0,Petrol,automatic,2,mercedes-benz,mercedes-benz gle coupe
2017,3325000.0,27230.0,Diesel,automatic,2,mercedes-benz,mercedes-benz c-class
2019,2140000.0,55000.0,Diesel,automatic,1,toyota,toyota innova crysta
2013,1990000.0,113000.0,Diesel,automatic,2,land rover,land rover range rover evoque
2016,1600000.0,97000.0,Diesel,automatic,1,bmw,bmw 3 series gt
2015,3700000.0,20000.0,Diesel,automatic,1,bmw,bmw 7 series
2016,1585000.0,88500.0,Diesel,automatic,2,ford,ford endeavour
2024,2200000.0,3600.0,CNG,automatic,1,toyota,toyota urban cruiser hyryder
2023,4200000.0,15000.0,Petrol,automatic,1,skoda,skoda kodiaq
2023,1850000.0,42500.0,Petrol,automatic,1,mg,mg hector plus
2022,1680000.0,14000.0,Petrol,automatic,1,skoda,skoda slavia
2023,2700000.0,10000.0,Diesel,automatic,1,tata,tata harrier
2013,1890000.0,130000.0,Diesel,automatic,2,mercedes-benz,mercedes-benz m-class
2019,1635000.0,42000.0,Petrol,automatic,1,hyundai,hyundai tucson
2023,3850000.0,40000.0,CNG,automatic,1,toyota,toyota innova hycross
2017,8200000.0,24000.0,Petrol,automatic,1,ford,ford mustang
2019,1800000.0,129000.0,Petrol,automatic,2,honda,honda cr-v
2018,2650000.0,74000.0,Diesel,automatic,1,ford,ford endeavour
2023,1750000.0,15000.0,Petrol,automatic,1,hyundai,hyundai verna
2024,8000000.0,6912.0,CNG,automatic,1,audi,audi q7
2015,1975000.0,73000.0,Diesel,automatic,2,mercedes-benz,mercedes-benz m-class
2021,1700000.0,28987.0,Diesel,automatic,1,hyundai,hyundai alcazar
2017,1895000.0,15000.0,Petrol,automatic,1,hyundai,hyundai alcazar
2018,1925000.0,39507.0,Petrol,automatic,1,mercedes-benz,mercedes-benz gla class
2021,2199000.0,46000.0,Diesel,automatic,1,jeep,jeep compass
2019,3750000.0,48000.0,Diesel,automatic,2,bmw,bmw 5 series
2018,5650000.0,28000.0,Petrol,automatic,1,lexus,lexus nx
2022,7800000.0,11000.0,Diesel,automatic,1,bmw,bmw 5 series
2016,2250000.0,55500.0,Diesel,automatic,2,audi,audi a4
2016,2150000.0,72000.0,CNG,automatic,2,toyota,toyota camry
2018,2400000.0,98500.0,Diesel,automatic,2,bmw,bmw 3 series
2018,4700000.0,60000.0,Diesel,automatic,1,bmw,bmw 5 series
2022,1575000.0,41000.0,Diesel,automatic,1,hyundai,hyundai alcazar
2014,2800000.0,107000.0,Diesel,automatic,2,bmw,bmw 7 series
2019,2650000.0,68000.0,Diesel,automatic,1,toyota,toyota innova crysta
2023,8990000.0,17000.0,Petrol,automatic,1,land rover,land rover range rover velar
2016,2550000.0,130000.0,Diesel,automatic,1,mercedes-benz,mercedes-benz gle class
2018,3000000.0,28000.0,Diesel,automatic,2,skoda,skoda octavia
2021,3475000.0,82000.0,Diesel,manual,1,ford,ford endeavour
2023,2451000.0,24000.0,Diesel,automatic,1,mahindra,mahindra scorpio-n
2020,2699999.0,48000.0,Diesel,automatic,1,kia,kia carnival
2021,2970000.0,16000.0,Diesel,automatic,1,jeep,jeep compass
2015,3350000.0,82000.0,Diesel,automatic,2,mercedes-benz,mercedes-benz s-class
2021,1620000.0,14000.0,Diesel,automatic,1,mahindra,mahindra thar
2023,1600000.0,11293.0,Petrol,automatic,1,honda,honda elevate
2017,2025000.0,57000.0,Diesel,automatic,1,toyota,toyota innova crysta
2020,1645000.0,45000.0,Diesel,automatic,1,kia,kia seltos
2020,3200000.0,60000.0,Diesel,manual,1,toyota,toyota fortuner
2017,2000000.0,95000.0,Diesel,automatic,1,ford,ford endeavour
2021,4650000.0,20300.0,Diesel,automatic,1,mercedes-benz,mercedes-benz c-class
2022,5750000.0,20000.0,Petrol,automatic,1,bmw,bmw x3
2024,2250000.0,6000.0,CNG,automatic,1,toyota,toyota urban cruiser hyryder
2022,1545000.0,22000.0,Diesel,automatic,1,mahindra,mahindra thar
2021,3250000.0,37000.0,Diesel,automatic,1,toyota,toyota innova crysta
2017,3600000.0,50000.0,Diesel,automatic,2,mercedes-benz,mercedes-benz e-class
2016,3800000.0,51000.0,CNG,automatic,1,nissan,nissan urvan
2017,3525000.0,58200.0,Diesel,automatic,1,toyota,toyota fortuner
2022,1599000.0,26000.0,Diesel,manual,1,isuzu,isuzu hi-lande isuzu hi-lander
2024,21500000.0,16000.0,Petrol,automatic,1,mercedes-benz,mercedes-benz amg
2021,2650000.0,40000.0,Diesel,automatic,1,toyota,toyota innova crysta
2019,11700000.0,71000.0,Diesel,automatic,2,land rover,land rover range rover sport
2018,2399000.0,64000.0,Diesel,automatic,2,bmw,bmw 3 series
2024,2190000.0,8000.0,Petrol,automatic,1,mg,mg hector plus
2017,2600000.0,146000.0,Diesel,automatic,1,toyota,toyota fortuner
2015,1900000.0,122000.0,Diesel,automatic,1,audi,audi q3
2023,1549999.0,12000.0,Petrol,automatic,1,hyundai,hyundai verna
2024,4150000.0,3500.0,Diesel,automatic,1,toyota,toyota fortuner
2015,1550000.0,139000.0,Diesel,manual,1,toyota,toyota fortuner
2021,1650000.0,34000.0,Diesel,automatic,1,tata,tata harrier
2018,2250000.0,106000.0,Diesel,automatic,1,skoda,skoda kodiaq
2022,6800000.0,29000.0,Diesel,automatic,1,mercedes-benz,mercedes-benz glc
2020,3950000.0,94000.0,Diesel,automatic,1,volvo,volvo xc60
2021,3349000.0,114000.0,Diesel,manual,1,toyota,toyota fortuner
2020,3900000.0,23000.0,Petrol,automatic,1,mercedes-benz,mercedes-benz c-class
2022,2000000.0,19000.0,Diesel,automatic,1,tata,tata harrier
2021,6700000.0,18000.0,Diesel,automatic,1,mercedes-benz,mercedes-benz e-class
2023,2690000.0,9000.0,Diesel,automatic,1,tata,tata harrier
2023,5299000.0,9000.0,Petrol,automatic,2,bmw,bmw m340i
2016,1545000.0,110000.0,Diesel,automatic,2,toyota,toyota innova crysta
2017,3649000.0,69000.0,Diesel,automatic,2,bmw,bmw 5 series
2021,4100000.0,28000.0,Diesel,automatic,2,toyota,toyota 2.8 legender 4x2
2022,1735000.0,49596.0,Diesel,manual,1,hyundai,hyundai creta
2021,1695000.0,61105.0,Diesel,manual,2,mahindra,mahindra xuv500
2021,5200000.0,14000.0,Diesel,automatic,1,mercedes-benz,mercedes-benz c-class
2016,1933000.0,90000.0,Diesel,automatic,2,ford,ford endeavour
2024,1575000.0,4500.0,Petrol,automatic,1,tata,tata nexon
2020,4300000.0,24000.0,Diesel,automatic,1,bmw,bmw 6 series gt
2015,1775000.0,74000.0,Diesel,automatic,1,bmw,bmw 3 series gt
2019,16500000.0,55000.0,Petrol,automatic,1,land rover,land rover range rover
2018,3850000.0,55000.0,Petrol,automatic,2,mercedes-benz,mercedes-benz e-class
2019,3300000.0,41000.0,Diesel,automatic,1,jaguar,jaguar xf
2024,3400000.0,20000.0,CNG,automatic,1,toyota,toyota innova hycross
2022,2800000.0,51000.0,Diesel,automatic,1,jeep,jeep compass
2016,1800000.0,188394.0,Diesel,automatic,1,toyota,toyota innova crysta
2022,2695000.0,29705.0,Diesel,automatic,1,mahindra,mahindra xuv700
2020,5600000.0,480000.0,Diesel,automatic,1,volvo,volvo xc60
2023,12900000.0,6500.0,Diesel,automatic,1,bmw,bmw x7
2021,5150000.0,46000.0,Diesel,automatic,1,bmw,bmw 5 series
2019,17400000.0,29700.0,Diesel,automatic,2,land rover,land rover range rover
2022,1840000.0,42200.0,Diesel,automatic,2,hyundai,hyundai alcazar
2014,1760000.0,124653.0,Diesel,manual,2,toyota,toyota fortuner
2023,6000000.0,6200.0,Petrol,automatic,1,volvo,volvo xc60
2020,1550000.0,32028.0,Diesel,automatic,2,kia,kia seltos
2016,2050000.0,98000.0,Diesel,automatic,2,mercedes-benz,mercedes-benz cla
2017,8000000.0,21000.0,Petrol,automatic,2,maserati,maserati gran turismo
2017,1860000.0,72000.0,Diesel,automatic,2,audi,audi q3
2018,2700000.0,86000.0,Diesel,automatic,1,toyota,toyota fortuner
2023,13600000.0,7700.0,Petrol,automatic,1,porsche,porsche cayenne
2021,9575000.0,57000.0,Diesel,automatic,1,mercedes-benz,mercedes-benz gls
2016,1695000.0,51000.0,Diesel,automatic,2,mercedes-benz,mercedes-benz c-class
2019,3850000.0,42003.0,Diesel,automatic,1,land rover,land rover range rover evoque
2023,6150000.0,8000.0,Petrol,automatic,1,jeep,jeep wrangler
2022,1625000.0,8100.0,Diesel,manual,1,mahindra,mahindra scorpio classic
2022,5975000.0,30000.0,Petrol,automatic,1,bmw,bmw 3 series
2020,3121000.0,68000.0,Diesel,automatic,1,toyota,toyota fortuner
2021,1630000.0,48000.0,Diesel,manual,1,hyundai,hyundai creta
2017,1995000.0,108476.0,Diesel,automatic,1,toyota,toyota innova crysta
2018,2650000.0,121000.0,Diesel,automatic,1,ford,ford endeavour
2017,1875000.0,75000.0,Diesel,automatic,2,mercedes-benz,mercedes-benz gla
2014,2100000.0,131000.0,Diesel,automatic,2,toyota,toyota fortuner
2023,8850000.0,11000.0,Petrol,automatic,1,porsche,porsche macan
2017,1890000.0,90000.0,Diesel,automatic,2,ford,ford endeavour
2024,3000000.0,3000.0,Petrol,automatic,1,toyota,toyota innova hycross
2017,3400000.0,94000.0,Petrol,automatic,1,mercedes-benz,mercedes-benz glc
2016,2370000.0,100000.0,Diesel,automatic,1,bmw,bmw 3 series gt
2014,1595000.0,115000.0,Diesel,automatic,1,mercedes-benz,mercedes-benz m-class
2017,3200000.0,34000.0,Petrol,automatic,2,mini,mini cooper s
2016,2325000.0,58000.0,Petrol,automatic,2,mini,mini cooper 3 door
2014,2950000.0,80000.0,Diesel,automatic,2,mercedes-benz,mercedes-benz s-class
2017,2200000.0,46000.0,Petrol,automatic,2,mercedes-benz,mercedes-benz cla
2020,12000000.0,28000.0,Petrol,automatic,1,mercedes-benz,mercedes-benz gls
2022,3499000.0,47437.0,Diesel,automatic,1,kia,kia carnival
2015,1545000.0,48000.0,Diesel,automatic,2,bmw,bmw 3 series gt
2022,3300000.0,49000.0,Diesel,automatic,1,jeep,jeep meridian
2023,8475111.0,6000.0,Petrol,automatic,2,land rover,land rover range rover velar
2017,3450000.0,57500.0,Diesel,automatic,1,toyota,toyota fortuner
2015,1800000.0,122000.0,Diesel,automatic,2,mercedes-benz,mercedes-benz cla
2020,2375000.0,71000.0,Diesel,automatic,2,toyota,toyota innova crysta
2018,2650000.0,50000.0,Diesel,automatic,2,land rover,land rover range rover evoque
2022,12600000.0,42000.0,Diesel,automatic,1,mercedes-benz,mercedes-benz gls
2019,3800000.0,51000.0,Diesel,automatic,1,land rover,land rover discovery sport
2019,2249000.0,165000.0,Diesel,automatic,2,toyota,toyota fortuner
2015,1675000.0,73000.0,Diesel,automatic,1,mercedes-benz,mercedes-benz cla
2017,2750000.0,68000.0,Diesel,automatic,2,mercedes-benz,mercedes-benz gle class
2016,1800000.0,190000.0,Diesel,automatic,2,toyota,toyota innova crysta
2023,2750000.0,29000.0,Petrol,automatic,1,toyota,toyota innova hycross
2022,1750000.0,36304.0,Petrol,manual,1,hyundai,hyundai alcazar
2019,4500000.0,41400.0,Petrol,automatic,2,mini,mini cooper s
2019,1650000.0,129000.0,Petrol,automatic,2,honda,honda crv
2019,11500000.0,55000.0,Diesel,automatic,2,land rover,land rover range rover sport
2016,1580000.0,77430.0,Diesel,automatic,2,toyota,toyota innova crysta
2018,2850000.0,45000.0,Diesel,automatic,2,mercedes-benz,mercedes-benz e-class
2021,1700000.0,55000.0,Petrol,automatic,1,hyundai,hyundai alcazar
2019,1825000.0,35000.0,Petrol,automatic,2,skoda,skoda superb
2017,2000000.0,89000.0,Diesel,automatic,1,ford,ford endeavour
2017,3150000.0,42000.0,Diesel,automatic,1,bmw,bmw 5 series
2024,2700000.0,30000.0,Petrol,automatic,1,toyota,toyota innova hycross
2013,1599000.0,78000.0,Diesel,automatic,1,mercedes-benz,mercedes-benz e-class
2018,3250000.0,165000.0,Diesel,automatic,2,toyota,toyota fortuner
2018,2400000.0,28691.0,Petrol,automatic,2,mercedes-benz,mercedes-benz cla
2022,1575000.0,22000.0,Petrol,automatic,2,mahindra,mahindra thar
2020,8400000.0,9000.0,Petrol,automatic,1,bmw,bmw m2
2019,3175000.0,43000.0,Petrol,automatic,1,toyota,toyota camry
2016,2075000.0,161000.0,Diesel,automatic,2,toyota,toyota innova crysta
2016,3000000.0,28000.0,Diesel,automatic,1,mercedes-benz,mercedes-benz c-class
2022,2550000.0,81000.0,Diesel,automatic,1,toyota,toyota innova crysta
2022,5200000.0,43000.0,Petrol,automatic,1,bmw,bmw 3 series
2017,2299000.0,64000.0,Diesel,automatic,2,mercedes-benz,mercedes-benz cls-class
2023,3750000.0,58000.0,Petrol,automatic,1,toyota,toyota innova hycross
2021,1550000.0,21000.0,Diesel,manual,2,mahindra,mahindra thar
2017,1840000.0,80000.0,Diesel,automatic,2,volvo,volvo xc60
2013,1700000.0,70000.0,Diesel,automatic,2,bmw,bmw 5 series
2014,1600000.0,110000.0,Diesel,automatic,2,bmw,bmw 5 series
2020,4150000.0,40000.0,Diesel,automatic,2,audi,audi q5
2020,11500000.0,43000.0,Petrol,automatic,2,mercedes-benz,mercedes-benz gle coupe
2018,3450000.0,86008.0,Diesel,automatic,1,land rover,land rover discovery sport
2024,2300000.0,6100.0,Petrol,automatic,1,toyota,toyota urban cruiser hyryder
2016,1550000.0,55231.0,Diesel,automatic,2,bmw,bmw x1
2014,3151000.0,114000.0,Diesel,automatic,2,mercedes-benz,mercedes-benz s-class
2024,3950000.0,4000.0,Petrol,automatic,1,toyota,toyota innova hycross
2023,1900000.0,20000.0,Diesel,automatic,1,kia,kia carens
2019,2650000.0,55000.0,Petrol,automatic,1,toyota,toyota fortuner
2021,2995000.0,11000.0,Diesel,automatic,1,kia,kia carnival
2017,1679884.0,78663.0,Diesel,automatic,1,ford,ford endeavour
2024,30500000.0,3500.0,Diesel,automatic,1,mercedes-benz,mercedes-benz g class
2016,3600000.0,65000.0,Petrol,automatic,1,audi,audi q7
2021,5100000.0,15000.0,Petrol,automatic,1,mercedes-benz,mercedes-benz glc class
2019,2495000.0,117000.0,Petrol,automatic,1,toyota,toyota fortuner
2021,7999000.0,32000.0,Petrol,automatic,2,bmw,bmw z4
2018,3125000.0,71767.0,Petrol,automatic,1,lexus,lexus nx
2021,3190000.0,80000.0,Petrol,automatic,2,mercedes-benz,mercedes-benz c-class
2020,1825000.0,41000.0,Petrol,automatic,1,skoda,skoda octavia
2020,3250000.0,46000.0,Diesel,automatic,2,ford,ford endeavour
2013,1550000.0,72000.0,Diesel,automatic,2,mercedes-benz,mercedes-benz m-class
2017,1950000.0,85000.0,Diesel,automatic,2,mercedes-benz,mercedes-benz gla
2014,2250000.0,136000.0,Diesel,automatic,1,bmw,bmw 3 series gt
2015,4100000.0,51000.0,Diesel,automatic,2,mercedes-benz,mercedes-benz s-class
2016,1750000.0,166000.0,Diesel,automatic,2,volvo,volvo xc60
2017,2990000.0,55053.0,Diesel,automatic,1,audi,audi a4
2015,2250000.0,82000.0,Diesel,automatic,2,land rover,land rover range rover evoque
2017,1711000.0,123775.0,Diesel,manual,2,toyota,toyota innova crysta
2022,1900000.0,19000.0,Petrol,automatic,1,mg,mg hector
2023,1750000.0,25000.0,Petrol,automatic,1,maruti,maruti grand vitara
2012,1775000.0,95000.0,Diesel,automatic,2,mercedes-benz,mercedes-benz m-class
2022,1975000.0,18000.0,Petrol,automatic,1,jeep,jeep compass
2020,2399000.0,30000.0,Diesel,automatic,2,hyundai,hyundai tucson
2024,1500000.0,4100.0,Petrol,automatic,1,honda,honda elevate
2015,1799000.0,72000.0,Diesel,automatic,2,mercedes-benz,mercedes-benz c-class
2018,4400000.0,25000.0,Diesel,automatic,2,bmw,bmw 5 series
2018,2350000.0,65000.0,Diesel,automatic,1,skoda,skoda kodiaq
2020,1835000.0,43000.0,Diesel,automatic,2,jeep,jeep compass
2017,4800000.0,75000.0,Diesel,automatic,2,mercedes-benz,mercedes-benz gls
2018,1890000.0,195000.0,Diesel,automatic,2,toyota,toyota innova crysta
2018,2000000.0,75000.0,Diesel,automatic,1,skoda,skoda kodiaq
2018,2790000.0,65000.0,Diesel,automatic,2,ford,ford endeavour
2018,1500000.0,78083.0,Diesel,automatic,1,ford,ford endeavour
2017,1750000.0,57000.0,Diesel,automatic,2,mercedes-benz,mercedes-benz c-class
2023,2299999.0,5000.0,Diesel,automatic,2,mahindra,mahindra scorpio-n
2020,3100000.0,60000.0,Diesel,automatic,2,ford,ford endeavour
2023,11700000.0,13000.0,Petrol,automatic,1,land rover,land rover defender
2021,2850000.0,46000.0,Diesel,automatic,2,kia,kia carnival
2023,1595000.0,5000.0,Petrol,automatic,2,hyundai,hyundai verna
2021,2850000.0,33500.0,Petrol,automatic,1,volkswagen,volkswagen tiguan all space
2022,1595000.0,20000.0,Petrol,automatic,2,volkswagen,volkswagen taigun
2022,2250000.0,68000.0,Petrol,automatic,1,skoda,skoda octavia
2020,12700000.0,50000.0,Diesel,automatic,2,land rover,land rover range rover sport
2020,1589000.0,80000.0,Diesel,automatic,1,mahindra,mahindra xuv500
2017,4450000.0,57000.0,Petrol,automatic,2,porsche,porsche macan
2021,1511000.0,72000.0,Diesel,automatic,1,hyundai,hyundai creta
2015,2400000.0,27189.0,Diesel,automatic,1,bmw,bmw 3 series
2017,3150000.0,75000.0,Diesel,automatic,2,mercedes-benz,mercedes-benz glc
2024,2250000.0,20000.0,Diesel,automatic,1,kia,kia seltos
2018,3400000.0,110000.0,Diesel,automatic,1,volvo,volvo xc90
2015,1799999.0,53000.0,Diesel,automatic,2,bmw,bmw 3 series gt
2014,1575000.0,56000.0,Petrol,automatic,2,mercedes-benz,mercedes-benz e-class
2020,1500000.0,55090.0,Petrol,automatic,1,kia,kia seltos
2018,2750000.0,15000.0,Diesel,automatic,2,mercedes-benz,mercedes-benz c-class
2020,1700000.0,65500.0,Diesel,automatic,1,hyundai,hyundai creta facelift
2018,2450000.0,75000.0,Diesel,automatic,2,land rover,land rover range rover evoque
2013,1550000.0,98000.0,Diesel,automatic,2,mini,mini cooper countryman
2019,3300000.0,28000.0,Diesel,manual,2,toyota,toyota fortuner
2020,3900000.0,67000.0,Petrol,automatic,1,lexus,lexus nx
2017,3275000.0,62000.0,Diesel,automatic,2,porsche,porsche cayenne
2014,1640000.0,127000.0,Diesel,manual,2,toyota,toyota fortuner
2018,3900000.0,62000.0,Petrol,automatic,1,bmw,bmw 6 series
2014,1775111.0,87000.0,Diesel,automatic,2,bmw,bmw 5 series
2016,1650000.0,72000.0,Diesel,automatic,1,toyota,toyota fortuner
2016,2150000.0,72000.0,Diesel,automatic,1,ford,ford endeavour
2018,2350000.0,69000.0,Petrol,automatic,2,toyota,toyota camry
2019,2125000.0,47615.0,Diesel,manual,1,toyota,toyota innova crysta
2021,1675000.0,58000.0,Diesel,automatic,1,kia,kia seltos
2021,9700000.0,52000.0,Petrol,automatic,1,land rover,land rover defender
2021,1550000.0,61000.0,Diesel,automatic,2,tata,tata harrier
2017,1551000.0,116000.0,Diesel,automatic,1,skoda,skoda octavia
2017,3350000.0,66000.0,Diesel,automatic,2,mercedes-benz,mercedes-benz s-class
2023,13000000.0,7100.0,Petrol,automatic,1,land rover,land rover defender
2021,1700000.0,31000.0,Diesel,automatic,2,tata,tata safari
2018,6499999.0,41950.0,Petrol,automatic,1,volvo,volvo xc 90
2022,1725000.0,31000.0,Petrol,automatic,1,hyundai,hyundai alcazar
2017,1825000.0,79085.0,Diesel,automatic,2,volkswagen,volkswagen tiguan
2019,4475000.0,58000.0,Diesel,automatic,1,mercedes-benz,mercedes-benz gle class
2023,1550000.0,11000.0,Petrol,automatic,1,skoda,skoda slavia
2019,1750000.0,78500.0,Diesel,automatic,1,volkswagen,volkswagen tiguan
2023,2149000.0,15000.0,Petrol,automatic,1,mg,mg hector plus
2020,11000000.0,50000.0,Petrol,automatic,1,porsche,porsche cayenne
2022,1650000.0,35000.0,Diesel,automatic,1,tata,tata harrier
2023,1650000.0,4000.0,Petrol,automatic,1,skoda,skoda kushaq
2019,1795000.0,105000.0,Diesel,automatic,2,toyota,toyota innova crysta
2019,2595000.0,40000.0,Petrol,automatic,1,toyota,toyota fortuner
2019,3700000.0,55000.0,Diesel,automatic,2,mini,mini cooper s
2016,2750000.0,80000.0,Diesel,manual,2,ford,ford endeavour
2021,2700000.0,100000.0,Diesel,automatic,1,kia,kia carnival
2021,5500000.0,32000.0,Petrol,automatic,1,mercedes-benz,mercedes-benz glc class
2022,6699999.0,19999.0,Petrol,automatic,1,bmw,bmw 5 series
2016,3700000.0,33000.0,Diesel,automatic,2,jaguar,jaguar xj
2015,1625000.0,28000.0,Diesel,automatic,1,mercedes-benz,mercedes-benz cla
2016,3099000.0,77000.0,Diesel,automatic,2,bmw,bmw x5
2013,8200000.0,90000.0,Diesel,automatic,2,land rover,land rover cruiser
2023,1699000.0,14500.0,Petrol,automatic,2,toyota,toyota urban cruiser hyryder
2018,1550000.0,127000.0,Petrol,automatic,1,toyota,toyota camry
2023,1995000.0,25000.0,Petrol,automatic,1,maruti,maruti grand vitara
2021,3025000.0,20000.0,Diesel,automatic,2,toyota,toyota innova crysta
2017,3500000.0,120000.0,Diesel,automatic,2,land rover,land rover discovery sport
2018,3150000.0,144000.0,Diesel,automatic,2,toyota,toyota fortuner
2017,1666666.0,166666.0,Diesel,automatic,2,bmw,bmw x1
2016,2745000.0,96900.0,Diesel,automatic,2,land rover,land rover range rover evoque
2018,2051000.0,78700.0,Diesel,automatic,2,audi,audi q3
2024,2475000.0,10269.0,Petrol,automatic,1,mg,mg hector plus
2018,2975000.0,20000.0,Diesel,automatic,2,land rover,land rover discovery sport
2021,1725000.0,45000.0,Diesel,automatic,1,hyundai,hyundai creta
2021,1611000.0,29000.0,Petrol,automatic,2,mg,mg hector plus
2021,3050000.0,38000.0,Diesel,automatic,2,toyota,toyota innova crysta
2015,2875000.0,92000.0,Diesel,automatic,2,audi,audi q7
2024,3500000.0,16000.0,Petrol,automatic,1,toyota,toyota innova hycross
2022,3250000.0,20000.0,Diesel,automatic,1,toyota,toyota innova crysta
2017,3600000.0,106000.0,Diesel,automatic,2,mercedes-benz,mercedes-benz e-class
2022,3700000.0,9000.0,Diesel,automatic,1,bmw,bmw x1
2015,2250000.0,50000.0,Diesel,automatic,1,mercedes-benz,mercedes-benz gla class
2018,4900000.0,89000.0,Diesel,automatic,2,porsche,porsche cayenne
2021,1650000.0,88000.0,Diesel,automatic,1,kia,kia seltos
2013,1850000.0,69000.0,Diesel,automatic,2,toyota,toyota fortuner
2024,4100000.0,5000.0,Diesel,automatic,1,toyota,toyota fortuner
2021,1550000.0,27000.0,Petrol,automatic,1,hyundai,hyundai alcazar
2020,5800000.0,37000.0,Diesel,automatic,1,bmw,bmw 5 series
2016,2195000.0,68000.0,Diesel,automatic,1,jaguar,jaguar xf
2018,6200000.0,42000.0,Diesel,automatic,2,jaguar,jaguar xj
2018,1600000.0,33200.0,Petrol,automatic,1,hyundai,hyundai tucson
2023,5275000.0,9500.0,Petrol,automatic,2,bmw,bmw m340i
2021,3650000.0,52000.0,Diesel,manual,1,toyota,toyota fortuner
2019,4500000.0,60000.0,Diesel,automatic,2,mercedes-benz,mercedes-benz e-class
2017,4500000.0,34500.0,Diesel,automatic,1,mercedes-benz,mercedes-benz s-class
2018,2200000.0,83000.0,Diesel,automatic,2,isuzu,isuzu mu-x
2017,1825000.0,170000.0,Diesel,manual,2,toyota,toyota innova crysta
2016,2000000.0,86500.0,Diesel,automatic,2,toyota,toyota innova crysta
2016,3100000.0,31000.0,Diesel,automatic,1,mercedes-benz,mercedes-benz glc class
2022,1899996.0,25000.0,Diesel,automatic,1,kia,kia seltos
2023,1825000.0,11000.0,Petrol,automatic,1,volkswagen,volkswagen virtus
2017,1924999.0,58000.0,Diesel,automatic,2,toyota,toyota innova crysta
2024,1800000.0,3500.0,Petrol,automatic,1,hyundai,hyundai creta
2016,2600000.0,80000.0,Diesel,automatic,2,bmw,bmw x5
2018,3850000.0,85000.0,Diesel,automatic,1,mercedes-benz,mercedes-benz gle class
2019,4100000.0,71000.0,Diesel,automatic,1,mercedes-benz,mercedes-benz glc class
2022,1775000.0,43000.0,Diesel,automatic,1,kia,kia seltos
2016,1825000.0,68000.0,Diesel,automatic,2,mercedes-benz,mercedes-benz a class
2015,2000000.0,89000.0,Diesel,automatic,2,bmw,bmw x5
2017,3790000.0,70000.0,Diesel,automatic,1,mercedes-benz,mercedes-benz gle class
2019,2350000.0,115000.0,Diesel,automatic,1,ford,ford endeavour
2018,1525000.0,36000.0,Diesel,automatic,2,mercedes-benz,mercedes-benz b class
2022,6699999.0,32000.0,Petrol,automatic,1,lexus,lexus es
2023,1590000.0,44000.0,Petrol,automatic,1,hyundai,hyundai verna
2017,16500000.0,55000.0,Diesel,automatic,2,land rover,land rover cruiser
2018,3100000.0,60000.0,Diesel,automatic,2,volvo,volvo xc60
2024,1500000.0,8000.0,Diesel,automatic,1,kia,kia sonet
2023,3850000.0,29000.0,Petrol,automatic,1,toyota,toyota innova hycross
2018,5600000.0,38000.0,Diesel,automatic,2,mercedes-benz,mercedes-benz gls
2021,2050000.0,50000.0,Diesel,automatic,1,toyota,toyota innova crysta
2018,4950000.0,62000.0,Petrol,automatic,2,bmw,bmw 7 series
2023,1875000.0,12000.0,Petrol,automatic,1,hyundai,hyundai alcazar
2017,2500000.0,76000.0,Diesel,automatic,2,ford,ford endeavour
2023,4100000.0,28000.0,Petrol,automatic,1,toyota,toyota camry
2019,4000000.0,54944.0,Diesel,automatic,2,jaguar,jaguar f-pace
2022,1650000.0,29000.0,Diesel,automatic,1,mahindra,mahindra thar
2018,2150000.0,135000.0,Diesel,automatic,2,toyota,toyota innova crysta
2020,2045000.0,19000.0,Petrol,automatic,1,skoda,skoda karoq
2018,3290000.0,134000.0,Diesel,automatic,1,audi,audi q5
2013,2500000.0,92000.0,Diesel,automatic,2,land rover,land rover range rover
2016,3300000.0,117000.0,Diesel,automatic,2,mercedes-benz,mercedes-benz gle class
2016,2350000.0,71900.0,Diesel,automatic,1,bmw,bmw x1
2018,4900000.0,80000.0,Diesel,automatic,2,bmw,bmw x5
2021,3475000.0,14000.0,Petrol,automatic,1,bmw,bmw x1
2020,5700000.0,20000.0,Diesel,automatic,2,bmw,bmw 5 series
2020,2850000.0,98000.0,Diesel,automatic,2,bmw,bmw 3 series
2019,3950000.0,45000.0,Diesel,automatic,2,toyota,toyota fortuner
2020,3800000.0,61000.0,Petrol,automatic,1,audi,audi a6
2022,2800000.0,39000.0,Petrol,automatic,1,skoda,skoda superb
2023,1675000.0,9000.0,Petrol,automatic,1,volkswagen,volkswagen taigun
2019,4100000.0,48000.0,Diesel,automatic,1,land rover,land rover discovery
2022,1675000.0,68000.0,Diesel,manual,1,kia,kia carens
2019,8900000.0,50000.0,Diesel,automatic,1,mercedes-benz,mercedes-benz s-class
2018,1755000.0,141000.0,Diesel,automatic,1,toyota,toyota innova crysta
2016,1535000.0,50000.0,Petrol,automatic,2,mercedes-benz,mercedes-benz gla
2021,2000000.0,49000.0,Diesel,manual,2,tata,tata safari
2015,1875000.0,50000.0,Diesel,automatic,1,mercedes-benz,mercedes-benz c class
2023,4300000.0,4000.0,Petrol,automatic,1,audi,audi a4
2023,2300000.0,8000.0,Petrol,automatic,1,hyundai,hyundai alcazar
2019,2100000.0,45000.0,Diesel,automatic,2,mercedes-benz,mercedes-benz cla
2023,1900000.0,12000.0,Petrol,automatic,1,toyota,toyota urban cruiser hyryder
2022,2600000.0,30000.0,Petrol,automatic,1,volkswagen,volkswagen tiguan
2018,2050000.0,99000.0,Diesel,automatic,1,bmw,bmw 3 series gt
2016,2250000.0,41000.0,Diesel,automatic,2,bmw,bmw 5 series
2017,1850000.0,86000.0,Diesel,automatic,2,mercedes-benz,mercedes-benz e-class
2020,8700000.0,100000.0,Diesel,automatic,1,mercedes-benz,mercedes-benz gls
2024,7300000.0,20000.0,Petrol,automatic,1,bmw,bmw m340i
2018,6700000.0,20000.0,Diesel,automatic,2,mercedes-benz,mercedes-benz s-class
2016,1599000.0,101029.0,Diesel,automatic,1,toyota,toyota innova crysta
2013,1500000.0,60000.0,Diesel,automatic,1,mercedes-benz,mercedes-benz c-class
2016,1700000.0,105000.0,Diesel,manual,2,toyota,toyota innova crysta
2022,1875000.0,36000.0,Diesel,automatic,1,hyundai,hyundai alcazar
2016,1650000.0,50000.0,Diesel,automatic,1,audi,audi a6
2018,1900000.0,65000.0,Diesel,automatic,1,skoda,skoda octavia
2018,2575000.0,86000.0,Diesel,automatic,1,toyota,toyota innova crysta
2022,2095000.0,27069.0,Diesel,manual,2,mahindra,mahindra xuv700
2020,3050000.0,99000.0,Diesel,automatic,1,toyota,toyota fortuner
2017,1690000.0,59000.0,Diesel,automatic,2,volvo,volvo v40 cross country
2017,1975000.0,75000.0,Diesel,automatic,2,bmw,bmw x1
2016,1775000.0,151000.0,Diesel,automatic,1,toyota,toyota innova crysta
2018,4285000.0,40000.0,Diesel,automatic,1,bmw,bmw x3
2017,1980000.0,79800.0,Diesel,manual,1,toyota,toyota innova crysta
2019,4400000.0,28794.0,Petrol,automatic,1,lexus,lexus nx
2017,5500000.0,18000.0,Diesel,automatic,2,mercedes-benz,mercedes-benz gle class
2017,2480000.0,54000.0,Petrol,automatic,2,jaguar,jaguar xe
2017,1900000.0,60000.0,Diesel,automatic,2,bmw,bmw x1
2017,2290000.0,42000.0,Petrol,automatic,2,mercedes-benz,mercedes-benz c-class
2021,2085000.0,65000.0,Diesel,automatic,2,kia,kia carnival
2017,3190000.0,119000.0,Diesel,automatic,2,mercedes-benz,mercedes-benz glc
2022,6790000.0,9000.0,Petrol,automatic,1,audi,audi q5
2016,2500000.0,101000.0,Diesel,automatic,1,mercedes-benz,mercedes-benz gle
2020,3800000.0,35000.0,Petrol,automatic,2,volvo,volvo xc40
2019,6100000.0,36864.0,Petrol,automatic,1,land rover,land rover range rover velar
2014,2999999.0,120000.0,Diesel,automatic,1,mercedes-benz,mercedes-benz s-class
2024,2350000.0,5000.0,Diesel,automatic,1,tata,tata harrier
2020,3150000.0,25000.0,Petrol,automatic,2,jaguar,jaguar xe
2020,3190000.0,80000.0,Petrol,automatic,2,mercedes-benz,mercedes-benz c-class
2022,1550000.0,31000.0,Petrol,automatic,2,volkswagen,volkswagen virtus
2024,2000000.0,12000.0,Petrol,automatic,1,maruti,maruti grand vitara
2020,4200000.0,32000.0,Petrol,automatic,1,lexus,lexus es
2020,5895000.0,47000.0,Diesel,automatic,1,mercedes-benz,mercedes-benz e-class
2016,1975000.0,90000.0,Diesel,automatic,2,land rover,land rover discovery sport
2016,1850000.0,50751.0,Diesel,automatic,1,mercedes-benz,mercedes-benz gla
2017,2350000.0,29000.0,Diesel,automatic,1,audi,audi a4
2015,1950000.0,180000.0,Diesel,automatic,1,toyota,toyota fortuner
2015,1599000.0,50000.0,Diesel,automatic,1,jaguar,jaguar xf
2013,2499000.0,58000.0,Diesel,automatic,2,bmw,bmw 3 series
2019,4000000.0,34000.0,Diesel,automatic,2,toyota,toyota fortuner
2021,1850000.0,41000.0,Diesel,automatic,1,citroen,citroen c5 aircross
2016,1960000.0,87500.0,Diesel,automatic,2,toyota,toyota innova crysta
2012,3200000.0,140000.0,Diesel,automatic,2,land rover,land rover cruiser prado
2018,2650000.0,5800.0,Diesel,automatic,1,mercedes-benz,mercedes-benz cla
2019,1600000.0,35000.0,Petrol,automatic,2,skoda,skoda octavia
2016,4200000.0,62000.0,Diesel,automatic,1,mercedes-benz,mercedes-benz s-class
2017,4150000.0,33500.0,Diesel,automatic,2,bmw,bmw 5 series
2017,1500000.0,90000.0,Diesel,automatic,2,bmw,bmw x1
2017,2950000.0,33387.0,Diesel,automatic,1,jaguar,jaguar xf
2022,1820000.0,50000.0,Petrol,automatic,1,hyundai,hyundai creta
2018,1821000.0,61297.0,Diesel,automatic,1,skoda,skoda octavia
2017,3900000.0,106207.0,Diesel,automatic,1,mercedes-benz,mercedes-benz gle class
2016,2590000.0,59000.0,Diesel,automatic,1,mercedes-benz,mercedes-benz g class
2023,1590000.0,45000.0,Petrol,automatic,1,hyundai,hyundai verna
2019,2190000.0,83700.0,Diesel,automatic,2,toyota,toyota innova crysta
2023,4480000.0,31000.0,Diesel,automatic,1,toyota,toyota fortuner
2019,2150000.0,56300.0,Diesel,automatic,2,mercedes-benz,mercedes-benz gla class
2022,3350000.0,99000.0,Diesel,automatic,1,toyota,toyota fortuner
2015,2999999.0,70000.0,Diesel,automatic,2,mercedes-benz,mercedes-benz gl-class
2022,1650000.0,29000.0,Petrol,automatic,1,toyota,toyota urban cruiser hyryder
2018,2259999.0,149000.0,Diesel,manual,2,toyota,toyota fortuner
2016,1700000.0,95000.0,Diesel,automatic,1,audi,audi a6
2021,3290000.0,12222.0,Petrol,automatic,1,bmw,bmw x1
2017,1550000.0,57000.0,Diesel,automatic,2,bmw,bmw 3 series
2017,1790000.0,85000.0,Diesel,automatic,2,mercedes-benz,mercedes-benz c-class
2017,1550000.0,100000.0,Diesel,automatic,2,bmw,bmw x3
2021,1900000.0,45500.0,Diesel,automatic,2,kia,kia seltos
2019,2999000.0,80000.0,Petrol,automatic,2,mercedes-benz,mercedes-benz glc
2017,1850000.0,70995.0,Diesel,automatic,2,bmw,bmw x1
2023,3599000.0,43624.0,Petrol,automatic,1,toyota,toyota innova hycross
2015,2400000.0,47000.0,Diesel,automatic,2,mini,mini cooper
2017,7600000.0,30000.0,Petrol,automatic,2,ford,ford mustang
2017,1750000.0,69000.0,Petrol,automatic,1,jaguar,jaguar xe
2017,2750000.0,99000.0,Diesel,automatic,2,bmw,bmw 7 series
2021,3240000.0,71000.0,Diesel,automatic,2,ford,ford endeavour
2023,4000000.0,11000.0,Diesel,automatic,1,mercedes-benz,mercedes-benz a-class limousine
2016,2400000.0,24000.0,Petrol,automatic,1,jaguar,jaguar xe
2021,9750000.0,22000.0,Petrol,automatic,2,land rover,land rover defender
2015,2750000.0,47500.0,Diesel,automatic,2,mercedes-benz,mercedes-benz gl-class
2019,2390000.0,45000.0,Diesel,automatic,2,volkswagen,volkswagen tiguan
2018,2800000.0,35000.0,Diesel,automatic,1,ford,ford endeavour
2018,3280000.0,31000.0,Diesel,automatic,2,mercedes-benz,mercedes-benz e-class
2020,4695000.0,35000.0,Diesel,automatic,1,mercedes-benz,mercedes-benz e-class
2022,2475000.0,26000.0,Petrol,automatic,1,skoda,skoda octavia
2020,2150000.0,39000.0,Diesel,automatic,1,hyundai,hyundai tucson
2021,39000000.0,26000.0,Petrol,automatic,2,lamborghini,lamborghini urus
2020,6999999.0,51111.0,Diesel,automatic,2,mercedes-benz,mercedes-benz gls
2022,4999000.0,14000.0,Petrol,automatic,1,audi,audi a6
2018,3780000.0,90500.0,Diesel,automatic,2,bmw,bmw x3
2021,4195000.0,48000.0,Diesel,automatic,2,toyota,toyota fortuner
2018,1899000.0,51000.0,Diesel,automatic,1,mercedes-benz,mercedes-benz gla
2016,1599000.0,80000.0,Petrol,automatic,1,mercedes-benz,mercedes-benz cla
2017,3375000.0,68000.0,Diesel,automatic,2,toyota,toyota fortuner
2014,1795000.0,99000.0,Diesel,automatic,2,audi,audi q3
2017,2175000.0,120000.0,Diesel,automatic,1,toyota,toyota fortuner
2015,3390000.0,32000.0,Petrol,automatic,2,audi,audi a3
2023,6300000.0,9700.0,Petrol,automatic,1,volvo,volvo xc60
2018,4495000.0,46000.0,Diesel,automatic,1,mercedes-benz,mercedes-benz gls
2023,2050000.0,12380.0,Diesel,automatic,1,hyundai,hyundai alcazar
2021,1550000.0,24000.0,Petrol,automatic,1,mg,mg hector plus
2018,3799000.0,88570.0,Diesel,automatic,1,mercedes-benz,mercedes-benz gls
2015,1675000.0,75000.0,Diesel,automatic,1,audi,audi a6
2022,1500000.0,66000.0,Diesel,manual,2,mg,mg hector
2018,2690000.0,29000.0,Diesel,automatic,1,mercedes-benz,mercedes-benz cla
2016,3100000.0,45000.0,Diesel,automatic,2,bmw,bmw x5
2021,4490000.0,30600.0,Petrol,automatic,1,bmw,bmw x3
2020,3500000.0,143500.0,Diesel,automatic,1,land rover,land rover discovery sport
2019,2699999.0,123000.0,Diesel,automatic,1,ford,ford endeavour
2020,2400000.0,119000.0,Diesel,automatic,1,mg,mg gloster
2022,1500000.0,23289.0,Petrol,manual,1,kia,kia carens
2016,1575000.0,75000.0,Diesel,automatic,2,bmw,bmw 3 series gt
2018,2345000.0,93000.0,Diesel,automatic,2,toyota,toyota fortuner
2019,9800000.0,29500.0,Petrol,automatic,2,porsche,porsche 718 cayman
2015,5800000.0,29000.0,Petrol,automatic,2,mercedes-benz,mercedes-benz c-class
2015,1600000.0,180000.0,Diesel,automatic,2,toyota,toyota fortuner
2016,3375000.0,48000.0,Diesel,automatic,2,porsche,porsche cayenne
2018,3600000.0,99000.0,Diesel,automatic,1,audi,audi q7
2017,1990000.0,83000.0,Petrol,automatic,2,toyota,toyota camry
2017,1975000.0,137000.0,Diesel,automatic,2,toyota,toyota innova crysta
2024,2000000.0,16800.0,Petrol,automatic,2,toyota,toyota urban cruiser hyryder
2016,1695000.0,78000.0,Diesel,automatic,1,bmw,bmw 3 series gt
2017,3290000.0,112000.0,Diesel,automatic,2,toyota,toyota fortuner
2018,1890000.0,40000.0,Diesel,automatic,2,mercedes-benz,mercedes-benz cla
2020,7150000.0,30000.0,Diesel,automatic,1,mercedes-benz,mercedes-benz gle
2017,2099999.0,87000.0,Diesel,automatic,1,ford,ford endeavour
2017,1995000.0,80000.0,Diesel,automatic,2,mercedes-benz,mercedes-benz e-class
2014,2650000.0,77000.0,Diesel,automatic,2,mercedes-benz,mercedes-benz gl-class
2014,1675000.0,50000.0,Diesel,automatic,2,audi,audi q3
2022,3300000.0,30000.0,Diesel,automatic,1,jeep,jeep meridian
2020,3333333.0,63333.0,Diesel,automatic,2,volvo,volvo s90
2022,1875000.0,11000.0,Diesel,automatic,1,kia,kia seltos
2022,5195000.0,46383.0,Diesel,automatic,1,toyota,toyota 2.8 legender 4x2
2018,7950000.0,53000.0,Diesel,automatic,2,mercedes-benz,mercedes-benz gls
2021,3751000.0,48500.0,Diesel,automatic,1,toyota,toyota fortuner
2017,2150000.0,100000.0,Diesel,automatic,2,audi,audi a6
2016,1990000.0,41000.0,Diesel,automatic,1,bmw,bmw x1
2022,1545000.0,16000.0,Petrol,manual,1,toyota,toyota urban cruiser hyryder
2021,1575000.0,34000.0,Diesel,automatic,2,kia,kia seltos
2019,1649999.0,180000.0,Diesel,automatic,1,isuzu,isuzu mu-x
2022,1510000.0,24000.0,Diesel,automatic,1,mahindra,mahindra thar
2017,3749999.0,77643.0,Diesel,automatic,2,volvo,volvo xc90
2020,4650000.0,19000.0,Diesel,automatic,1,mercedes-benz,mercedes-benz c-class
2022,7400000.0,20000.0,Petrol,automatic,1,audi,audi q7
2021,1650000.0,30000.0,Diesel,manual,2,tata,tata safari
2023,2035000.0,35000.0,Diesel,automatic,1,hyundai,hyundai creta
2022,3500000.0,26207.0,Petrol,automatic,1,audi,audi q2
2018,1899000.0,35000.0,Diesel,automatic,2,mercedes-benz,mercedes-benz cla
2022,2400000.0,12000.0,Diesel,automatic,1,isuzu,isuzu d-max v-cross
2022,4550000.0,50000.0,Diesel,automatic,2,toyota,toyota fortuner
2018,2995000.0,78000.0,Petrol,automatic,2,land rover,land rover discovery sport
2018,1990000.0,90000.0,Diesel,automatic,1,toyota,toyota innova crysta
2017,2099000.0,70000.0,Diesel,automatic,2,toyota,toyota fortuner
2016,2550000.0,75000.0,Diesel,automatic,2,ford,ford endeavour
2023,34800000.0,6000.0,Petrol,automatic,1,mercedes-benz,mercedes-benz g class
2023,3020000.0,58210.0,Petrol,automatic,1,toyota,toyota innova hycross
2019,1550000.0,99000.0,Diesel,manual,1,mahindra,mahindra scorpio
2024,1800000.0,8000.0,Petrol,automatic,1,toyota,toyota urban cruiser hyryder
2016,1800000.0,167000.0,Diesel,automatic,2,toyota,toyota fortuner
2016,1550000.0,55234.0,Diesel,automatic,2,bmw,bmw x1
2018,4150000.0,24000.0,Petrol,automatic,1,bmw,bmw 5 series
2021,4300000.0,50000.0,Diesel,automatic,2,ford,ford endeavour
2017,2050000.0,63400.0,Diesel,automatic,2,bmw,bmw x1
2020,2050000.0,27000.0,Petrol,automatic,1,mg,mg hector
2024,4750000.0,51000.0,Diesel,automatic,1,toyota,toyota fortuner
2009,9800000.0,22000.0,Petrol,automatic,1,hummer,hummer h2
2020,9500000.0,25000.0,Petrol,automatic,1,mercedes-benz,mercedes-benz gls
2022,1890000.0,22000.0,Petrol,automatic,2,maruti,maruti grand vitara
2021,1750000.0,30000.0,Diesel,automatic,1,kia,kia seltos
2018,2699000.0,78000.0,Diesel,automatic,2,toyota,toyota fortuner
2015,2710999.0,46000.0,Diesel,automatic,1,mercedes-benz,mercedes-benz s-class
2023,2800000.0,31403.0,Petrol,automatic,2,volkswagen,volkswagen tiguan
2021,2275000.0,87000.0,Diesel,automatic,1,mg,mg gloster
2019,6800000.0,49000.0,Diesel,automatic,2,mercedes-benz,mercedes-benz gls
2015,1599000.0,55368.0,Petrol,automatic,2,mercedes-benz,mercedes-benz c-class
2019,5499999.0,62500.0,Petrol,automatic,2,mercedes-benz,mercedes-benz gle coupe
2024,1500000.0,3500.0,Petrol,automatic,1,volkswagen,volkswagen taigun
2023,2350000.0,8200.0,Petrol,automatic,1,toyota,toyota urban cruiser hyryder
2017,2650000.0,69000.0,Diesel,automatic,2,bmw,bmw x1
2016,1875000.0,83000.0,Diesel,automatic,2,mercedes-benz,mercedes-benz gla
2023,1950000.0,37000.0,Diesel,automatic,1,kia,kia seltos
2018,1650000.0,77000.0,Diesel,automatic,1,isuzu,isuzu mux
2022,7875000.0,22000.0,Petrol,automatic,1,bmw,bmw z4
2018,2100000.0,111000.0,Diesel,automatic,1,skoda,skoda kodiaq
2022,14900000.0,9000.0,Petrol,automatic,1,porsche,porsche cayenne coupe
2022,5500000.0,6000.0,Petrol,automatic,1,bmw,bmw 3 series gran limousine
2022,10700000.0,36000.0,Diesel,automatic,1,bmw,bmw x7
2022,1875000.0,44000.0,Diesel,automatic,1,tata,tata harrier
2019,1525000.0,113000.0,Diesel,automatic,1,jeep,jeep compass
2019,4490000.0,48000.0,Diesel,automatic,2,jaguar,jaguar f-pace
2022,1665000.0,20000.0,Diesel,automatic,2,mahindra,mahindra thar
2016,3700000.0,252000.0,Diesel,automatic,1,mercedes-benz,mercedes-benz gl-class
2018,2349999.0,25000.0,Petrol,automatic,1,toyota,toyota camry
2023,4900000.0,35000.0,Petrol,automatic,1,audi,audi a6
2017,4390000.0,60000.0,Diesel,automatic,2,mercedes-benz,mercedes-benz glc
2015,2250000.0,77000.0,Diesel,automatic,2,mercedes-benz,mercedes-benz e-class
2022,5100000.0,12000.0,Diesel,automatic,1,mercedes-benz,mercedes-benz gla
2021,3700000.0,80000.0,Diesel,automatic,2,bmw,bmw 5 series
2015,7500000.0,16000.0,Petrol,automatic,2,porsche,porsche cayman
2017,2699999.0,119000.0,Diesel,automatic,2,ford,ford endeavour
2019,4350000.0,45000.0,Diesel,automatic,2,bmw,bmw 5 series
2019,12000000.0,16000.0,Petrol,automatic,1,land rover,land rover range rover sport
2018,2350000.0,160000.0,Diesel,manual,2,toyota,toyota fortuner
2017,1850000.0,89000.0,Diesel,automatic,2,toyota,toyota innova crysta
2018,8500000.0,60000.0,Diesel,automatic,1,land rover,land rover range rover sport
2023,1975000.0,35000.0,Petrol,automatic,1,mg,mg hector plus
2023,4390000.0,10000.0,Diesel,automatic,1,toyota,toyota fortuner
2016,1799999.0,78522.0,Diesel,automatic,1,audi,audi q3
2013,1550000.0,99500.0,Diesel,automatic,2,mercedes-benz,mercedes-benz m-class
2024,1600000.0,11000.0,Petrol,automatic,1,hyundai,hyundai verna
2016,1850000.0,105000.0,Diesel,automatic,2,ford,ford endeavour
2021,1990000.0,49900.0,Diesel,automatic,2,tata,tata harrier
2017,1500000.0,47000.0,Petrol,automatic,2,hyundai,hyundai tucson
2018,4100000.0,43000.0,Diesel,automatic,1,jaguar,jaguar f-pace
2017,8490000.0,8000.0,Petrol,automatic,1,ford,ford mustang
2018,1850000.0,116000.0,Diesel,automatic,1,volkswagen,volkswagen passat
2014,1725000.0,103232.0,Diesel,automatic,2,audi,audi q7
2019,3200000.0,160000.0,Diesel,automatic,2,ford,ford endeavour
2018,2700000.0,116000.0,Diesel,automatic,2,mercedes-benz,mercedes-benz c-class
2020,5400000.0,54000.0,Petrol,automatic,2,mercedes-benz,mercedes-benz gle coupe
2014,1650000.0,85000.0,Diesel,automatic,1,audi,audi q3
2021,2975000.0,65000.0,Diesel,automatic,1,kia,kia carnival
2023,3390000.0,69000.0,Petrol,automatic,1,toyota,toyota innova hycross
2023,1650000.0,40000.0,Petrol,automatic,1,maruti,maruti grand vitara
2018,1900000.0,59000.0,Diesel,automatic,1,skoda,skoda superb
2017,2250000.0,61000.0,Diesel,automatic,2,mercedes-benz,mercedes-benz c-class
2017,1925000.0,89560.0,Diesel,automatic,2,ford,ford endeavour
2019,2799000.0,62000.0,Diesel,automatic,1,ford,ford endeavour
2015,1899000.0,78000.0,Diesel,automatic,2,mercedes-benz,mercedes-benz m-class
2018,3050000.0,92000.0,Diesel,automatic,1,toyota,toyota fortuner
2021,8900000.0,65000.0,Petrol,automatic,2,bmw,bmw x7
2023,1695000.0,21000.0,Petrol,automatic,1,hyundai,hyundai creta
2016,2650000.0,72000.0,Diesel,automatic,2,bmw,bmw x5
2019,4000000.0,82000.0,Diesel,automatic,2,toyota,toyota 2.8 legender 4x2
2023,2350000.0,9000.0,Petrol,automatic,1,mg,mg hector plus
2016,2145000.0,51000.0,Petrol,automatic,2,audi,audi a6
2016,2050000.0,48000.0,Diesel,automatic,2,bmw,bmw x3
2018,2190000.0,70000.0,Petrol,automatic,1,toyota,toyota camry
2021,5900000.0,44000.0,Petrol,automatic,1,jeep,jeep wrangler
2023,10500000.0,13000.0,Petrol,automatic,1,toyota,toyota vellfire
2020,8600000.0,10000.0,Petrol,automatic,1,bmw,bmw z4
2015,2695000.0,128000.0,Diesel,automatic,2,mercedes-benz,mercedes-benz s-class
2022,4100000.0,17000.0,Petrol,automatic,2,bmw,bmw 3 series
2017,1599000.0,51500.0,Diesel,automatic,2,bmw,bmw x1
2016,2495000.0,100000.0,Diesel,automatic,2,audi,audi a6
2014,1750000.0,84000.0,Diesel,automatic,2,mercedes-benz,mercedes-benz gla
2014,1600000.0,144500.0,Diesel,automatic,2,toyota,toyota fortuner
2022,1595000.0,56000.0,Diesel,automatic,2,hyundai,hyundai alcazar
2020,1895000.0,14000.0,Petrol,automatic,2,honda,honda crv
2017,2049999.0,79000.0,Diesel,automatic,2,mercedes-benz,mercedes-benz c-class
2016,2950000.0,93000.0,Diesel,automatic,2,mercedes-benz,mercedes-benz gl-class
2017,2899000.0,72045.0,Diesel,automatic,1,mercedes-benz,mercedes-benz s-class
2024,4750000.0,5500.0,Petrol,automatic,1,toyota,toyota camry
2021,1993000.0,90000.0,Diesel,manual,1,toyota,toyota innova crysta
2021,4500000.0,25000.0,Diesel,automatic,2,bmw,bmw 5 series
2017,1775000.0,89000.0,Diesel,automatic,2,toyota,toyota innova crysta
2018,3500000.0,36000.0,Petrol,automatic,2,bmw,bmw 5 series
2016,2550000.0,68000.0,Petrol,automatic,1,toyota,toyota camry
2021,4000000.0,55000.0,Diesel,automatic,1,toyota,toyota fortuner
2017,1690000.0,135000.0,Diesel,automatic,1,ford,ford endeavour
2019,1750000.0,35000.0,Diesel,automatic,2,hyundai,hyundai alcazar
2017,2999999.0,40000.0,Petrol,automatic,2,jaguar,jaguar xj
2019,3850000.0,87695.0,Diesel,automatic,1,toyota,toyota fortuner
2022,3985000.0,60000.0,Diesel,automatic,1,toyota,toyota 2.8 legender 4x2
2021,1725000.0,90000.0,Diesel,automatic,2,tata,tata harrier
2017,1700000.0,98000.0,Diesel,automatic,1,audi,audi a4
2023,1500000.0,200040.0,Petrol,automatic,1,maruti,maruti grand vitara
2021,2030000.0,134000.0,Diesel,automatic,1,toyota,toyota innova crysta
2019,1833000.0,70000.0,Diesel,manual,1,toyota,toyota innova crysta
2018,3500000.0,75000.0,Petrol,automatic,2,bmw,bmw 3 series
2022,4450000.0,14300.0,Diesel,automatic,1,toyota,toyota fortuner
2022,6300000.0,38000.0,Diesel,automatic,2,mercedes-benz,mercedes-benz e-class
2020,3475000.0,56000.0,Diesel,automatic,2,toyota,toyota fortuner
2021,1550000.0,135241.0,Diesel,automatic,1,tata,tata safari
2022,1790000.0,14343.0,Petrol,automatic,1,mg,mg hector plus
2015,5300000.0,40000.0,Diesel,automatic,2,bmw,bmw x5
2016,1700000.0,67500.0,Petrol,automatic,2,mercedes-benz,mercedes-benz gla class
2020,3150000.0,45000.0,Diesel,automatic,1,toyota,toyota fortuner
2020,1790000.0,37000.0,Diesel,automatic,1,toyota,toyota innova crysta
2018,1651000.0,78000.0,Diesel,automatic,2,skoda,skoda superb
2008,6000000.0,186740.0,Diesel,automatic,2,land rover,land rover cruiser
2019,1775000.0,127000.0,Diesel,automatic,2,volkswagen,volkswagen passat
2018,7900000.0,29000.0,Petrol,automatic,1,mercedes-benz,mercedes-benz s-class
2022,1500000.0,24000.0,Petrol,automatic,1,skoda,skoda kushaq
2014,1575000.0,142000.0,Petrol,automatic,2,toyota,toyota camry
2020,3150000.0,30000.0,Diesel,automatic,1,kia,kia carnival
2017,2150000.0,54500.0,Petrol,automatic,2,bmw,bmw 3 series gran limousine
2014,1650000.0,60000.0,Diesel,automatic,2,bmw,bmw 5 series
2021,2925000.0,55000.0,Diesel,automatic,2,toyota,toyota innova crysta
2013,1650000.0,123000.0,Diesel,automatic,2,mercedes-benz,mercedes-benz m-class
2020,1550000.0,80000.0,Diesel,automatic,1,hyundai,hyundai creta
2022,6300000.0,8000.0,Petrol,automatic,1,audi,audi a6
2017,1850000.0,183000.0,Diesel,automatic,2,toyota,toyota innova crysta
2018,2500000.0,120000.0,Diesel,automatic,2,ford,ford endeavour
2021,2050000.0,54384.0,Diesel,automatic,1,citroen,citroen c5 aircross
2019,4200000.0,26000.0,Petrol,automatic,1,lexus,lexus es
2023,1585000.0,15000.0,Petrol,automatic,1,skoda,skoda kushaq
2019,3200000.0,28000.0,Petrol,automatic,2,mercedes-benz,mercedes-benz c-class
2008,1950000.0,23000.0,Petrol,automatic,1,toyota,toyota ventury
2018,2600000.0,45000.0,Diesel,automatic,2,audi,audi q3
2024,1950000.0,9000.0,Petrol,automatic,1,toyota,toyota urban cruiser hyryder
2015,1835000.0,105000.0,Diesel,automatic,1,toyota,toyota fortuner
2023,1550000.0,51409.0,Petrol,automatic,1,maruti,maruti grand vitara
2023,6975000.0,22000.0,Petrol,automatic,1,volvo,volvo xc60
2023,1790000.0,20000.0,Petrol,automatic,1,maruti,maruti grand vitara
2013,1799000.0,22000.0,Petrol,automatic,2,mercedes-benz,mercedes-benz s-class
2019,3295000.0,66000.0,Diesel,automatic,1,bmw,bmw 3 series gt
2020,3190000.0,89000.0,Diesel,automatic,1,ford,ford endeavour
2015,1500000.0,89000.0,Diesel,manual,2,toyota,toyota innova
2021,3299000.0,50000.0,Petrol,automatic,2,toyota,toyota camry
2020,3900000.0,30000.0,Petrol,automatic,2,skoda,skoda octavia
2020,1850000.0,50000.0,Diesel,manual,2,toyota,toyota innova crysta
2015,3899999.0,50000.0,Petrol,automatic,1,bmw,bmw 5 series
2018,3750000.0,60000.0,Diesel,automatic,2,mercedes-benz,mercedes-benz e-class
2021,2750000.0,62080.0,Diesel,manual,2,toyota,toyota innova crysta
2021,4350000.0,30000.0,Diesel,automatic,1,toyota,toyota fortuner
2020,3949000.0,49000.0,Diesel,automatic,1,bmw,bmw x4
2018,3450000.0,25000.0,Petrol,automatic,2,mercedes-benz,mercedes-benz glc
2021,3100000.0,92000.0,Diesel,automatic,1,ford,ford endeavour
2019,3890000.0,40000.0,Diesel,automatic,1,toyota,toyota fortuner
2020,4390000.0,35000.0,Diesel,automatic,2,bmw,bmw 5 series
2016,1945000.0,140000.0,Diesel,automatic,2,toyota,toyota innova crysta
2018,2450000.0,75000.0,Diesel,automatic,1,toyota,toyota fortuner
2017,2500000.0,122000.0,Diesel,automatic,2,toyota,toyota fortuner
2023,2685000.0,50000.0,Petrol,automatic,1,toyota,toyota innova hycross
2023,1750000.0,25000.0,Petrol,automatic,1,mg,mg hector
2016,1780000.0,99000.0,Diesel,automatic,2,toyota,toyota innova crysta
2022,1550000.0,39484.0,Diesel,automatic,2,mahindra,mahindra thar
2020,3800000.0,98000.0,Diesel,automatic,2,mercedes-benz,mercedes-benz glc
2023,1800000.0,50000.0,Petrol,automatic,1,maruti,maruti grand vitara
2017,2190000.0,86000.0,Petrol,automatic,1,mercedes-benz,mercedes-benz c-class
2016,2498000.0,70000.0,Diesel,automatic,2,bmw,bmw x5
2014,2300000.0,67772.0,Diesel,automatic,1,bmw,bmw 3 series gt
2016,6000000.0,25000.0,Diesel,automatic,2,bmw,bmw x6
2014,2975000.0,65666.0,Diesel,automatic,2,mercedes-benz,mercedes-benz s-class
2017,1695000.0,59000.0,Diesel,automatic,2,volvo,volvo v40 cross country
2022,2000000.0,21000.0,Petrol,automatic,1,mahindra,mahindra scorpio n
2021,7990000.0,32000.0,Petrol,automatic,2,bmw,bmw z4
2016,1650000.0,51001.0,Diesel,automatic,2,audi,audi q3
2021,899000.0,35000.0,CNG,automatic,1,kia,kia sonet
2016,525000.0,24000.0,Petrol,automatic,1,volkswagen,volkswagen ventotest
2018,360000.0,92568.0,Petrol,automatic,2,tata,tata tiago
2014,425000.0,78000.0,Petrol,automatic,1,hyundai,hyundai grand i10
2016,1475000.0,116000.0,Diesel,manual,1,toyota,toyota innova crysta
2022,749000.0,18000.0,Petrol,manual,1,maruti,maruti maruti-suzuki-dzire
2013,395000.0,54000.0,Petrol,manual,1,maruti,maruti ertiga
2018,725000.0,53545.0,Petrol,automatic,1,maruti,maruti ciaz
2011,235000.0,98000.0,Diesel,manual,2,maruti,maruti sx4
2013,260000.0,55000.0,CNG,automatic,1,maruti,maruti estilo
2014,430000.0,60000.0,Diesel,manual,1,maruti,maruti swift
2020,775000.0,30000.0,Petrol,manual,1,tata,tata nexon
2019,525000.0,40000.0,CNG,automatic,2,hyundai,hyundai grand i10
2021,1075000.0,125000.0,Diesel,manual,1,honda,honda city
2018,539999.0,74000.0,Petrol,automatic,2,volkswagen,volkswagen ventotest
2018,799000.0,112000.0,Diesel,manual,2,tata,tata hexa
2014,320000.0,70306.0,Petrol,automatic,2,honda,honda amaze
2017,450000.0,80000.0,Petrol,automatic,2,maruti,maruti celerio
2014,795000.0,92000.0,Diesel,automatic,2,audi,audi q3
2017,1475000.0,171000.0,Diesel,manual,1,toyota,toyota innova crysta
2021,751111.0,74250.0,Diesel,manual,1,mahindra,mahindra bolero
2015,585000.0,80000.0,Petrol,manual,1,hyundai,hyundai elantra
2016,335399.0,65000.0,CNG,manual,2,maruti,maruti swift-dzire
2015,391000.0,88000.0,Petrol,automatic,2,hyundai,hyundai grand i10
2022,625101.0,51321.0,Petrol,manual,1,toyota,toyota glanza
2021,840000.0,22000.0,Petrol,manual,2,toyota,toyota glanza
2015,445000.0,59200.0,Petrol,manual,2,maruti,maruti swift-dzire
2016,350000.0,150000.0,Diesel,automatic,2,honda,honda amaze
2005,75000.0,100000.0,Petrol,manual,2,maruti,maruti zen-estilo
2012,325000.0,80444.0,Petrol,automatic,1,hyundai,hyundai i10
2014,1375010.0,23010.0,Diesel,automatic,1,bmw,bmw x1
2020,1020000.0,45000.0,CNG,automatic,2,maruti,maruti ertiga
2011,1275000.0,90000.0,Diesel,automatic,2,audi,audi a5
2016,395000.0,90000.0,CNG,manual,1,hyundai,hyundai grand i10
2022,590000.0,13000.0,Petrol,automatic,2,maruti,maruti wagon-r
2013,395000.0,55000.0,Diesel,manual,2,volkswagen,volkswagen ventotest
2010,160000.0,123865.0,Diesel,manual,2,maruti,maruti swift
2019,625000.0,122087.0,Diesel,manual,1,tata,tata nexon
2010,499999.0,125000.0,Diesel,manual,1,toyota,toyota innova
2017,430000.0,130588.0,Diesel,manual,2,maruti,maruti swift-dzire
2015,1450000.0,88000.0,Diesel,automatic,1,audi,audi a3
2013,259999.0,64205.0,Petrol,automatic,2,hyundai,hyundai i10
2016,675000.0,67000.0,Petrol,automatic,2,honda,honda city
2018,825000.0,59000.0,Diesel,manual,2,maruti,maruti brezza
2020,675000.0,32000.0,Petrol,automatic,1,maruti,maruti maruti-suzuki-dzire
2016,215500.0,55962.0,CNG,manual,2,maruti,maruti wagon-r
2018,190000.0,54000.0,CNG,manual,2,nissan,nissan patrol
2009,295000.0,169000.0,Diesel,manual,2,maruti,maruti swift
2017,345000.0,55000.0,Petrol,automatic,1,renault,renault kwid
2011,195000.0,110000.0,Petrol,manual,2,honda,honda city
2017,550000.0,79062.0,Petrol,automatic,2,maruti,maruti maruti-suzuki-dzire
2022,1000000.0,12000.0,Petrol,automatic,1,maruti,maruti swift
2010,185000.0,90000.0,CNG,automatic,1,maruti,maruti sx4
2019,875000.0,41000.0,CNG,automatic,2,hyundai,hyundai verna
2020,1090000.0,62000.0,Petrol,manual,1,hyundai,hyundai creta
2019,525000.0,25000.0,Petrol,automatic,2,maruti,maruti wagon-r
2009,195000.0,65000.0,Petrol,manual,2,chevrolet,chevrolet sail u-va
2014,1151000.0,52000.0,Diesel,automatic,2,audi,audi q3
2018,451000.0,64000.0,Petrol,automatic,1,maruti,maruti wagon r
2011,225000.0,115000.0,Diesel,manual,2,ford,ford figo
2016,350000.0,90000.0,Petrol,manual,1,honda,honda brio
2010,200000.0,118979.0,Diesel,manual,1,maruti,maruti maruti-suzuki-dzire
2008,150000.0,56000.0,Petrol,manual,2,maruti,maruti 800
2012,365000.0,68000.0,Petrol,manual,1,honda,honda city
2014,475000.0,104600.0,Diesel,manual,2,volkswagen,volkswagen crosspolo
2022,690000.0,24000.0,CNG,manual,1,hyundai,hyundai grand i10 nios
2013,440000.0,82000.0,CNG,automatic,2,toyota,toyota corolla altis
2019,510000.0,85000.0,Diesel,manual,2,hyundai,hyundai xcent prime
2022,627000.0,78997.0,Petrol,manual,1,tata,tata tiago
2014,210000.0,71000.0,Petrol,automatic,1,maruti,maruti wagon-r
2017,675000.0,96000.0,Diesel,manual,2,tata,tata safari storme
2023,815000.0,10000.0,Petrol,manual,1,hyundai,hyundai i20
2021,575000.0,88000.0,CNG,manual,1,hyundai,hyundai grand i10 nios
2009,550000.0,60000.0,Petrol,automatic,2,mercedes-benz,mercedes-benz e-class
2012,50000.0,98000.0,Petrol,manual,1,hyundai,hyundai grand i10 nios
2012,236000.0,120000.0,Diesel,manual,2,hyundai,hyundai i20
2017,385000.0,59968.0,Petrol,manual,1,maruti,maruti celerio
2012,170000.0,110000.0,Petrol,automatic,2,maruti,maruti wagon-r
2016,485000.0,90500.0,Diesel,manual,2,honda,honda jazz
2021,1475000.0,47000.0,Petrol,automatic,1,kia,kia seltos
2016,610000.0,72205.0,Petrol,automatic,1,honda,honda city
2010,199999.0,181000.0,Petrol,automatic,2,toyota,toyota corolla altis
2010,85000.0,65000.0,Petrol,manual,2,maruti,maruti wagon-r
2010,90000.0,60000.0,CNG,automatic,2,maruti,maruti zen-estilo
2015,1400000.0,45000.0,Diesel,automatic,1,mercedes-benz,mercedes-benz gla
2014,340000.0,70000.0,CNG,manual,1,maruti,maruti wagon-r-1-0
2009,99999.0,104000.0,Petrol,manual,2,chevrolet,chevrolet spark
2011,245000.0,95000.0,Petrol,manual,2,maruti,maruti wagon r
2014,650000.0,80000.0,Diesel,manual,1,hyundai,hyundai verna
2017,400000.0,51000.0,CNG,automatic,2,maruti,maruti ignis
2014,195000.0,87000.0,Petrol,automatic,2,maruti,maruti zen-estilo
2017,695000.0,72000.0,Diesel,manual,1,maruti,maruti s-cross
2013,1300000.0,205486.0,Diesel,manual,2,toyota,toyota fortuner
2023,1375000.0,31000.0,Petrol,manual,1,maruti,maruti grand vitara
2020,1195000.0,40000.0,Diesel,manual,1,mahindra,mahindra thar
2006,100000.0,90000.0,Petrol,manual,2,maruti,maruti wagon-r
2023,499000.0,13000.0,CNG,manual,1,maruti,maruti s-presso
2014,1050000.0,41000.0,Petrol,automatic,2,mercedes-benz,mercedes-benz b class
2019,520000.0,110000.0,Petrol,automatic,2,maruti,maruti eeco
2017,483000.0,70805.0,Petrol,automatic,2,nissan,nissan micra
2021,1290000.0,83000.0,Diesel,manual,1,hyundai,hyundai creta
2009,125000.0,62000.0,Petrol,manual,2,maruti,maruti wagon-r
2020,1325000.0,20000.0,Petrol,manual,1,jeep,jeep compass
2014,430000.0,80000.0,CNG,manual,2,honda,honda mobilio
2015,450000.0,72500.0,Petrol,automatic,2,honda,honda city
2016,575000.0,57000.0,Petrol,manual,2,hyundai,hyundai i20
2023,590000.0,4900.0,Petrol,automatic,1,maruti,maruti s-presso
2018,375000.0,48000.0,Petrol,manual,1,mahindra,mahindra kuv100 nxt
2013,349000.0,65000.0,Petrol,automatic,1,volkswagen,volkswagen ventotest
2015,390000.0,82000.0,Petrol,automatic,1,honda,honda amaze
2019,380000.0,42000.0,CNG,automatic,2,renault,renault kwid
2023,870000.0,35000.0,Petrol,manual,1,hyundai,hyundai venue
2016,400000.0,68000.0,Petrol,automatic,2,maruti,maruti celerio
2016,299000.0,30000.0,Petrol,manual,2,hyundai,hyundai eon
2011,275000.0,50000.0,Petrol,automatic,2,hyundai,hyundai i10
2012,160000.0,67000.0,Petrol,manual,2,maruti,maruti alto-800
2016,585000.0,97400.0,Petrol,manual,2,hyundai,hyundai i20 active
2004,98000.0,70899.0,Petrol,manual,2,tata,tata indigo marina
2019,551000.0,68000.0,Petrol,manual,2,maruti,maruti swift
2022,520000.0,80000.0,CNG,automatic,1,maruti,maruti wagon-r
2016,500000.0,65000.0,Petrol,automatic,1,ford,ford figo aspire
2013,295000.0,78000.0,Petrol,automatic,2,maruti,maruti a-star
2014,650000.0,99000.0,Petrol,automatic,2,honda,honda crv
2019,533000.0,59284.0,Petrol,automatic,2,hyundai,hyundai grand i10 nios
2015,325000.0,68530.0,Diesel,manual,2,ford,ford ecosport
2008,98000.0,100000.0,Petrol,manual,2,maruti,maruti alto
2012,190000.0,65000.0,Petrol,manual,2,maruti,maruti ritz
2016,1399999.0,62000.0,Diesel,automatic,2,mercedes-benz,mercedes-benz e-class
2015,380000.0,72000.0,Diesel,manual,2,honda,honda amaze
2010,148000.0,98500.0,CNG,manual,2,nissan,nissan micra
2011,290000.0,70000.0,Diesel,manual,2,maruti,maruti swift
2015,1251111.0,115000.0,CNG,automatic,2,toyota,toyota camry
2005,210000.0,50000.0,Petrol,automatic,2,hyundai,hyundai sonata transform
2019,1090000.0,136927.0,Diesel,automatic,2,tata,tata hexa
2017,460000.0,76000.0,Petrol,manual,1,hyundai,hyundai grand i10
2015,1425000.0,68000.0,Diesel,automatic,2,bmw,bmw 5 series
2015,495000.0,32000.0,Petrol,manual,1,maruti,maruti swift
2012,210000.0,150000.0,CNG,automatic,2,maruti,maruti wagon-r
2022,350000.0,75000.0,Petrol,manual,1,maruti,maruti alto-800
2015,395000.0,48000.0,Diesel,manual,2,renault,renault pulse
2017,675000.0,76250.0,Diesel,automatic,2,tata,tata hexa
2015,369000.0,60000.0,Diesel,manual,2,fiat,fiat punto evo
2021,810000.0,57000.0,Petrol,automatic,1,maruti,maruti swift-dzire
2013,440000.0,90000.0,Diesel,automatic,1,chevrolet,chevrolet cruze
2019,1150000.0,59000.0,CNG,automatic,1,maruti,maruti ertiga
2023,600000.0,20000.0,CNG,automatic,1,maruti,maruti s-presso
2020,1165000.0,47000.0,Petrol,automatic,1,kia,kia sonet
2017,585000.0,65900.0,Petrol,manual,2,honda,honda jazz
2017,360000.0,44708.0,Petrol,manual,2,maruti,maruti celerio
2016,595000.0,129000.0,Diesel,manual,2,honda,honda brv
2012,330000.0,200000.0,Diesel,manual,2,mahindra,mahindra bolero
2021,625000.0,34000.0,Petrol,automatic,1,hyundai,hyundai grand i10 nios
2012,380000.0,200000.0,Diesel,manual,2,maruti,maruti swift
2017,790000.0,94000.0,Petrol,automatic,2,volkswagen,volkswagen polo
2018,535000.0,66000.0,Petrol,automatic,2,maruti,maruti baleno
2011,99000.0,57400.0,Petrol,manual,2,chevrolet,chevrolet beat
2020,1470000.0,19000.0,Petrol,automatic,1,hyundai,hyundai creta
2016,425000.0,93000.0,CNG,automatic,2,honda,honda jazz
2017,645000.0,51421.0,Diesel,manual,1,ford,ford ecosport
2020,1150000.0,68728.0,Diesel,manual,2,mahindra,mahindra marazzo
2015,525000.0,81000.0,CNG,manual,2,maruti,maruti swift-dzire
2014,425000.0,90000.0,Diesel,manual,1,honda,honda mobilio
2019,1460000.0,97500.0,Petrol,automatic,1,jeep,jeep compass
2014,365000.0,34260.0,Diesel,manual,2,maruti,maruti swift-dzire
2010,298000.0,72000.0,Petrol,manual,2,honda,honda civic
2013,325000.0,65000.0,Diesel,manual,2,renault,renault duster
2005,68000.0,48000.0,Petrol,manual,2,maruti,maruti wagon-r
2015,269000.0,47000.0,Petrol,automatic,2,tata,tata nano
2010,235000.0,48000.0,Diesel,manual,2,maruti,maruti ritz
2011,375000.0,74000.0,Petrol,automatic,2,honda,honda city
2014,365000.0,62200.0,Petrol,manual,2,ford,ford ecosport
2014,270000.0,81158.0,CNG,manual,2,maruti,maruti swift-dzire
2013,225000.0,149000.0,Petrol,manual,2,hyundai,hyundai santro xing
2018,875000.0,72000.0,Diesel,manual,1,ford,ford ecosport
2021,474000.0,44616.0,Petrol,manual,2,maruti,maruti wagon-r
2023,630000.0,19000.0,Petrol,manual,1,maruti,maruti wagon-r
2013,875000.0,180000.0,Diesel,manual,2,toyota,toyota innova
2017,650000.0,57000.0,Diesel,manual,1,maruti,maruti baleno
2014,415000.0,79000.0,Petrol,manual,2,honda,honda city
2019,1175000.0,73000.0,Diesel,manual,1,jeep,jeep compass
2021,555000.0,80000.0,Petrol,manual,1,renault,renault triber
2010,80000.0,70000.0,Petrol,manual,2,hyundai,hyundai i20
2010,125000.0,80000.0,CNG,manual,2,maruti,maruti omni
2018,450000.0,53550.0,Petrol,automatic,1,tata,tata tigor
2011,215000.0,115600.0,Petrol,manual,2,hyundai,hyundai i10
2020,1050000.0,45000.0,Petrol,automatic,1,hyundai,hyundai creta
2015,350000.0,18000.0,Petrol,automatic,2,maruti,maruti alto-k10
2015,1050000.0,42000.0,Diesel,automatic,2,audi,audi a3
2015,255000.0,81000.0,Petrol,automatic,2,maruti,maruti alto-800
2013,385000.0,57450.0,Diesel,manual,1,mahindra,mahindra bolero
2015,875000.0,145000.0,Diesel,manual,2,mahindra,mahindra xuv500
2013,410000.0,120000.0,Diesel,manual,1,volkswagen,volkswagen polo
2014,750000.0,89000.0,Diesel,automatic,1,volkswagen,volkswagen jetta
2019,1299999.0,55000.0,Diesel,automatic,1,hyundai,hyundai creta
2001,60000.0,128000.0,Petrol,manual,2,hyundai,hyundai santro xing
2012,210000.0,105000.0,Diesel,manual,2,chevrolet,chevrolet beat
2017,295555.0,73555.0,Petrol,manual,2,tata,tata tiago
2018,250000.0,41000.0,Petrol,manual,2,hyundai,hyundai eon
2019,935000.0,37000.0,Petrol,automatic,2,honda,honda city
2018,355000.0,74000.0,Petrol,automatic,1,maruti,maruti alto k10
2010,240000.0,38278.0,Petrol,automatic,1,hyundai,hyundai i10
2013,929000.0,89000.0,Diesel,automatic,2,audi,audi q3
2013,790000.0,78000.0,Petrol,automatic,2,mercedes-benz,mercedes-benz c-class
2019,490000.0,140000.0,Diesel,manual,1,tata,tata zest
2018,750000.0,37000.0,Petrol,automatic,2,maruti,maruti ertiga
2016,435000.0,75000.0,Petrol,automatic,2,maruti,maruti baleno
2024,760000.0,4500.0,Petrol,automatic,1,maruti,maruti wagon-r-1-0
2015,795000.0,93000.0,Diesel,manual,2,mahindra,mahindra xuv500
2019,825000.0,37000.0,Petrol,manual,2,hyundai,hyundai verna
2011,190000.0,81000.0,Petrol,manual,1,maruti,maruti a-star
2014,599000.0,79000.0,Diesel,automatic,2,mercedes-benz,mercedes-benz b class
2010,98000.0,140000.0,Petrol,manual,2,hyundai,hyundai santro xing
2018,799000.0,98000.0,Diesel,automatic,1,tata,tata nano
2024,230000.0,35000.0,CNG,automatic,1,maruti,maruti eeco
2016,385000.0,78930.0,Petrol,manual,2,maruti,maruti wagon-r
2016,1399000.0,53000.0,Diesel,automatic,2,bmw,bmw 3 series
2017,610000.0,69000.0,Petrol,manual,2,honda,honda city
2012,335000.0,56320.0,CNG,automatic,2,honda,honda city
2018,335000.0,42000.0,Petrol,manual,2,maruti,maruti wagon-r
2018,365000.0,62956.0,Petrol,manual,1,maruti,maruti alto k10
2021,795000.0,33000.0,Petrol,manual,1,hyundai,hyundai venue
2012,175000.0,152643.0,Petrol,manual,1,maruti,maruti wagon-r
2019,380000.0,65000.0,Petrol,manual,2,maruti,maruti eeco
2009,85000.0,20000.0,Petrol,automatic,2,hyundai,hyundai i10
2018,1450000.0,60000.0,Diesel,automatic,2,mercedes-benz,mercedes-benz gla class
2021,475000.0,71000.0,Petrol,manual,1,maruti,maruti wagon-r
2018,785000.0,117000.0,Diesel,automatic,2,maruti,maruti vitara-brezza
2013,240000.0,245000.0,Diesel,manual,2,maruti,maruti swift-dzire
2012,395000.0,135000.0,Diesel,manual,2,toyota,toyota etios
2010,209999.0,93500.0,Petrol,manual,2,honda,honda city
2017,355000.0,98656.0,CNG,manual,2,maruti,maruti eeco
2014,398888.0,90000.0,Petrol,manual,2,volkswagen,volkswagen polo
2015,590000.0,68000.0,Petrol,manual,2,maruti,maruti ertiga
2019,375000.0,75320.0,Petrol,manual,1,hyundai,hyundai grand i10 prime
2021,575000.0,47000.0,Petrol,manual,2,maruti,maruti baleno
2011,270000.0,80000.0,CNG,automatic,2,honda,honda city
2018,330000.0,64000.0,Petrol,automatic,1,maruti,maruti alto-k10
2009,345000.0,98000.0,Diesel,manual,2,mahindra,mahindra xylo
2016,590000.0,74000.0,Petrol,automatic,2,honda,honda city
2020,590000.0,98000.0,CNG,manual,2,maruti,maruti swift-dzire
2015,360000.0,96000.0,Petrol,manual,2,honda,honda amaze
2017,800000.0,97000.0,Diesel,manual,1,honda,honda city
2017,590000.0,77000.0,Diesel,manual,2,skoda,skoda rapid
2013,649000.0,146000.0,Diesel,manual,2,toyota,toyota innova
2015,420000.0,89000.0,Petrol,manual,2,honda,honda amaze
2016,830000.0,151000.0,Diesel,manual,2,hyundai,hyundai creta
2018,625000.0,53840.0,Petrol,manual,1,tata,tata nexon
2019,845000.0,63000.0,Diesel,manual,1,maruti,maruti vitara-brezza
2022,825000.0,26500.0,CNG,automatic,1,honda,honda amaze
2015,1075000.0,125000.0,Diesel,automatic,2,volvo,volvo xc 90
2005,390000.0,10000.0,Diesel,automatic,2,maruti,maruti gypsy
2012,900000.0,89000.0,Diesel,automatic,2,audi,audi q3
2014,570000.0,78525.0,Diesel,manual,1,mahindra,mahindra scorpio
2015,300000.0,58000.0,Petrol,automatic,1,maruti,maruti celerio
2011,600000.0,46000.0,Diesel,automatic,2,mercedes-benz,mercedes-benz c-class
2010,188000.0,84500.0,Petrol,manual,2,skoda,skoda fabia
2022,595000.0,23000.0,CNG,manual,1,maruti,maruti wagon-r
2009,148000.0,86861.0,CNG,manual,2,ford,ford fiesta
2017,650000.0,70000.0,Diesel,automatic,1,hyundai,hyundai verna
2005,135000.0,86500.0,Petrol,automatic,2,hyundai,hyundai accent hatchback
2015,315000.0,58000.0,Petrol,manual,2,hyundai,hyundai grand i10
2022,1150000.0,22000.0,Petrol,manual,1,maruti,maruti ertiga
2013,365000.0,63000.0,Petrol,manual,2,hyundai,hyundai i10
2010,144444.0,65000.0,Petrol,manual,2,chevrolet,chevrolet beat
2021,825000.0,57548.0,Diesel,manual,1,mahindra,mahindra bolero
2020,445000.0,86000.0,Petrol,manual,2,hyundai,hyundai xcent
2016,270000.0,72500.0,CNG,automatic,1,maruti,maruti stingray
2017,599000.0,92000.0,Diesel,manual,1,maruti,maruti ertiga
2010,210000.0,90000.0,Petrol,automatic,2,honda,honda civic
2008,147000.0,119000.0,CNG,automatic,2,honda,honda city zx
2014,511000.0,72900.0,Diesel,automatic,2,volkswagen,volkswagen ventotest
2012,375000.0,70000.0,Diesel,manual,1,toyota,toyota etios
2016,490000.0,95000.0,Diesel,manual,2,maruti,maruti swift
2016,400000.0,51000.0,Petrol,manual,2,maruti,maruti eeco
2011,425000.0,134000.0,Diesel,manual,1,volkswagen,volkswagen vento
2008,60000.0,80000.0,Petrol,manual,1,maruti,maruti wagon-r
2015,375000.0,65000.0,Petrol,manual,1,volkswagen,volkswagen polo
2016,245000.0,59521.0,Petrol,manual,1,maruti,maruti alto-800
2013,329000.0,64000.0,Petrol,automatic,2,hyundai,hyundai i10
2008,110000.0,80000.0,Petrol,manual,2,tata,tata indigo cs
2010,1449000.0,34000.0,Petrol,automatic,2,volkswagen,volkswagen beetle
2010,525000.0,245000.0,Diesel,manual,2,toyota,toyota corolla altis
2012,885000.0,122000.0,Diesel,automatic,2,volvo,volvo s60
2016,399999.0,120000.0,Petrol,manual,1,hyundai,hyundai grand i10
2021,900000.0,40000.0,Petrol,automatic,2,skoda,skoda rapid
2019,520000.0,32000.0,Petrol,automatic,2,maruti,maruti swift-dzire
2020,690000.0,31000.0,Petrol,manual,1,maruti,maruti baleno
2015,599000.0,89000.0,Petrol,automatic,2,ford,ford ecosport
2010,251000.0,75000.0,Petrol,manual,2,honda,honda civic
2016,750000.0,38000.0,Petrol,automatic,2,honda,honda brv
2022,930000.0,100000.0,CNG,manual,1,maruti,maruti ertiga
2016,725000.0,42000.0,Diesel,manual,1,hyundai,hyundai elite i20
2012,1125000.0,50800.0,Diesel,automatic,1,bmw,bmw 5 series
2018,550000.0,42000.0,CNG,automatic,2,maruti,maruti celerio
2015,349999.0,75000.0,CNG,manual,1,maruti,maruti wagon-r-1-0
2018,325000.0,9700.0,Petrol,manual,1,datsun,datsun go plus
2019,320000.0,28848.0,Petrol,manual,2,maruti,maruti alto-800
2020,740000.0,50000.0,Petrol,manual,1,kia,kia sonet
2023,1225000.0,24000.0,Petrol,manual,1,kia,kia carens
2012,299000.0,70000.0,Diesel,manual,2,skoda,skoda rapid
2012,445000.0,71000.0,Petrol,automatic,2,hyundai,hyundai elantra
2015,250000.0,120000.0,Petrol,manual,2,maruti,maruti eeco
2017,755000.0,50000.0,Diesel,manual,1,maruti,maruti vitara-brezza
2016,600000.0,63000.0,Petrol,manual,2,honda,honda city
2017,585000.0,64000.0,Diesel,manual,1,maruti,maruti vitara-brezza
2021,925000.0,17000.0,Petrol,manual,2,mahindra,mahindra xuv 300
2015,260000.0,92600.0,CNG,automatic,2,maruti,maruti wagon-r
2016,625000.0,37000.0,Petrol,automatic,2,volkswagen,volkswagen polo
2015,625000.0,100000.0,Petrol,automatic,1,toyota,toyota corolla altis
2014,250000.0,90000.0,Petrol,manual,1,fiat,fiat linea
2014,395000.0,62000.0,Petrol,manual,2,hyundai,hyundai grand i10
2013,185000.0,90000.0,CNG,manual,2,hyundai,hyundai santro xing
2021,575000.0,19500.0,Petrol,manual,2,hyundai,hyundai grand i10 nios
2022,595000.0,91000.0,Petrol,manual,1,maruti,maruti swift-dzire
2021,525000.0,50000.0,CNG,manual,1,maruti,maruti wagon-r
2018,430000.0,75698.0,Petrol,manual,2,maruti,maruti celerio
2023,210000.0,85000.0,CNG,automatic,1,maruti,maruti wagon-r
2016,1245000.0,215000.0,Diesel,manual,2,toyota,toyota innova
2009,549000.0,134000.0,Diesel,automatic,2,bmw,bmw 3 series
2006,80000.0,45000.0,Petrol,manual,2,maruti,maruti esteem
2021,485000.0,76000.0,CNG,manual,2,maruti,maruti wagon-r-1-0
2017,825000.0,58200.0,Diesel,automatic,1,renault,renault duster
2017,619999.0,58234.0,Diesel,manual,1,maruti,maruti ciaz
2022,840000.0,45000.0,Petrol,automatic,1,maruti,maruti swift-dzire
2015,120000.0,62000.0,CNG,automatic,2,maruti,maruti wagon-r
2018,565000.0,22000.0,Petrol,manual,2,maruti,maruti swift-dzire
2022,620000.0,16000.0,CNG,manual,1,maruti,maruti eeco
2011,240000.0,140000.0,Diesel,manual,2,volkswagen,volkswagen polo
2008,125000.0,135000.0,CNG,manual,2,maruti,maruti sx4
2012,450000.0,71380.0,Petrol,automatic,2,hyundai,hyundai elantra
2018,325000.0,63000.0,Petrol,automatic,1,maruti,maruti alto-k10
2010,180000.0,85000.0,Petrol,manual,2,maruti,maruti alto-k10
2016,721000.0,67000.0,Diesel,automatic,1,skoda,skoda rapid
2015,695000.0,98525.0,Diesel,manual,2,toyota,toyota innova
2004,825000.0,37800.0,Petrol,automatic,2,mercedes-benz,mercedes-benz e-class
2019,355000.0,48073.0,Petrol,automatic,2,renault,renault kwid
2014,1400000.0,108000.0,Petrol,automatic,1,toyota,toyota camry
2012,925000.0,45000.0,Petrol,automatic,2,mercedes-benz,mercedes-benz c-class
2016,530000.0,55000.0,Petrol,manual,2,maruti,maruti baleno
2018,745000.0,78000.0,CNG,automatic,1,hyundai,hyundai verna
2014,220000.0,70000.0,CNG,manual,2,maruti,maruti alto-800
2019,550000.0,48000.0,Petrol,automatic,2,maruti,maruti swift
2018,249999.0,180000.0,Petrol,manual,2,hyundai,hyundai xcent
2018,390000.0,98130.0,CNG,automatic,2,maruti,maruti eeco
2016,600000.0,97000.0,Diesel,automatic,2,maruti,maruti ertiga
2021,1065000.0,16461.0,Petrol,manual,1,maruti,maruti ertiga
2020,589000.0,78000.0,Petrol,manual,1,maruti,maruti eeco
2012,210000.0,146000.0,CNG,manual,2,maruti,maruti wagon-r
2015,450000.0,95000.0,CNG,automatic,1,honda,honda jazz
2023,1095000.0,4000.0,Petrol,automatic,1,maruti,maruti xl6
2016,1475000.0,58000.0,Diesel,automatic,1,mercedes-benz,mercedes-benz gla class
2016,515000.0,25000.0,Petrol,manual,1,maruti,maruti baleno
2020,1350000.0,50000.0,Diesel,automatic,1,kia,kia seltos
2011,240000.0,70000.0,Petrol,manual,2,maruti,maruti wagon-r
2020,550000.0,50000.0,CNG,manual,1,hyundai,hyundai grand i10
2017,1150000.0,78600.0,Diesel,manual,1,jeep,jeep compass
2016,150000.0,200000.0,Petrol,automatic,1,maruti,maruti celerio
2014,420000.0,120000.0,Petrol,manual,2,maruti,maruti gypsy
2013,570000.0,57500.0,Petrol,manual,1,maruti,maruti swift-dzire
2017,390000.0,47000.0,Petrol,manual,2,maruti,maruti celerio
2022,849000.0,27000.0,Petrol,manual,2,volkswagen,volkswagen polo
2012,225000.0,85000.0,Petrol,manual,2,maruti,maruti wagon-r
2010,325000.0,80000.0,Petrol,automatic,2,honda,honda city
2019,950000.0,38000.0,Petrol,automatic,2,hyundai,hyundai creta
2019,380000.0,62000.0,Petrol,manual,2,tata,tata zest
2022,450000.0,80000.0,Petrol,automatic,1,maruti,maruti eeco
2023,535000.0,44000.0,Petrol,manual,2,maruti,maruti eeco
2007,699999.0,77000.0,Petrol,automatic,2,mercedes-benz,mercedes-benz s-class
2015,575000.0,79900.0,Diesel,automatic,1,mahindra,mahindra tuv 300
2019,400000.0,94000.0,Petrol,manual,2,maruti,maruti eeco
2014,435000.0,27000.0,Petrol,manual,1,maruti,maruti wagon-r-1-0
2018,585000.0,59460.0,Petrol,manual,1,ford,ford ecosport
2016,380000.0,79000.0,Petrol,manual,1,maruti,maruti wagon-r
2018,769999.0,15000.0,Petrol,manual,1,honda,honda city
2015,530000.0,61000.0,Petrol,automatic,2,maruti,maruti ciaz
2018,380000.0,35000.0,Petrol,automatic,1,renault,renault kwid
2015,430000.0,57000.0,Petrol,manual,1,maruti,maruti swift
2015,449999.0,86090.0,CNG,manual,2,hyundai,hyundai xcent
2017,676000.0,41435.0,Petrol,manual,1,hyundai,hyundai verna
2019,640000.0,38000.0,Petrol,manual,1,honda,honda wrv
2021,700000.0,25184.0,Petrol,manual,1,maruti,maruti baleno
2017,525000.0,65000.0,Diesel,manual,1,ford,ford ecosport
2016,483000.0,80000.0,Diesel,manual,1,honda,honda jazz
2016,960000.0,85000.0,Petrol,automatic,1,hyundai,hyundai elantra
2019,865000.0,100000.0,Diesel,manual,1,hyundai,hyundai venue
2018,899000.0,54000.0,Diesel,automatic,2,hyundai,hyundai creta
2011,175000.0,56000.0,Petrol,manual,1,hyundai,hyundai i10
2017,570000.0,55000.0,Petrol,manual,1,maruti,maruti swift
2016,745000.0,92200.0,CNG,manual,2,maruti,maruti ertiga
2017,325000.0,78000.0,Petrol,manual,1,maruti,maruti wagon-r
2017,725000.0,129000.0,Diesel,manual,1,mahindra,mahindra bolero power plus
2018,725000.0,61000.0,Petrol,automatic,1,ford,ford ecosport
2007,135000.0,42000.0,Petrol,manual,2,hyundai,hyundai santro
2014,850000.0,96000.0,Diesel,automatic,1,skoda,skoda superb
2015,509000.0,30000.0,Petrol,manual,1,maruti,maruti swift
2012,235000.0,68550.0,Petrol,manual,2,hyundai,hyundai i20
2011,155000.0,78000.0,Diesel,manual,2,ford,ford figo
2007,125000.0,121000.0,Petrol,manual,2,maruti,maruti wagon-r
2022,990000.0,45000.0,Diesel,manual,1,mahindra,mahindra bolero neo
2015,1375000.0,197000.0,Diesel,automatic,1,toyota,toyota fortuner
2018,630000.0,25000.0,Petrol,automatic,2,maruti,maruti dzire
2019,680000.0,35000.0,Diesel,automatic,2,maruti,maruti vitara-brezza
2018,685000.0,31000.0,Petrol,automatic,1,maruti,maruti baleno
2022,660000.0,40000.0,CNG,manual,1,maruti,maruti swift
2010,650000.0,70343.0,Petrol,automatic,2,honda,honda crv
2012,400000.0,121000.0,Diesel,manual,1,toyota,toyota innova
2019,360000.0,42500.0,Petrol,manual,2,maruti,maruti wagon-r-1-0
2015,500000.0,94000.0,Diesel,manual,1,maruti,maruti swift
2007,190000.0,87000.0,Petrol,manual,2,maruti,maruti wagon-r
2018,435000.0,50000.0,Petrol,manual,2,hyundai,hyundai grand i10
2011,120000.0,74216.0,Petrol,manual,2,maruti,maruti alto
2013,365000.0,77000.0,CNG,automatic,2,toyota,toyota corolla altis
2018,390000.0,46365.0,Petrol,manual,2,hyundai,hyundai new santro
2018,545000.0,33000.0,Petrol,automatic,2,maruti,maruti maruti-suzuki-dzire
2016,950000.0,100000.0,Petrol,automatic,1,honda,honda cr-v
2018,364000.0,24000.0,Petrol,manual,1,maruti,maruti omni
2018,599000.0,33000.0,Petrol,automatic,2,maruti,maruti baleno
2018,1075000.0,66000.0,Petrol,automatic,2,hyundai,hyundai creta
2020,690000.0,94856.0,Petrol,manual,1,maruti,maruti swift-dzire
2016,299000.0,110000.0,CNG,automatic,2,maruti,maruti celerio
2017,485000.0,53000.0,Petrol,manual,2,hyundai,hyundai i20
2017,245000.0,57215.0,CNG,automatic,1,maruti,maruti omni
2019,650000.0,62000.0,Petrol,automatic,1,honda,honda jazz
2018,595000.0,75000.0,Diesel,automatic,1,volkswagen,volkswagen ventotest
2016,195000.0,78000.0,Petrol,manual,2,renault,renault kwid
2017,225000.0,125000.0,Petrol,manual,1,maruti,maruti celerio
2016,400000.0,130000.0,Diesel,manual,2,ford,ford ecosport
2023,1390000.0,33000.0,Petrol,manual,1,skoda,skoda kushaq
2014,470000.0,76000.0,Diesel,manual,1,maruti,maruti swift
2012,365000.0,56000.0,CNG,automatic,2,toyota,toyota corolla altis
2018,520000.0,85000.0,Diesel,manual,1,honda,honda brv
2018,675000.0,62000.0,Petrol,automatic,2,tata,tata nexon
2019,685000.0,125934.0,Diesel,automatic,2,maruti,maruti vitara-brezza
2013,945000.0,65000.0,Petrol,automatic,2,mercedes-benz,mercedes-benz c-class
2022,895999.0,30618.0,Diesel,manual,1,tata,tata altroz
2013,599000.0,89000.0,CNG,automatic,2,honda,honda crv
2021,795000.0,61000.0,Petrol,automatic,2,kia,kia sonet
2017,749999.0,90000.0,Diesel,automatic,2,hyundai,hyundai verna
2019,995000.0,19000.0,Diesel,manual,2,mahindra,mahindra xuv500
2015,330000.0,182000.0,CNG,automatic,1,maruti,maruti eeco
2017,770000.0,75000.0,Petrol,automatic,2,hyundai,hyundai creta
2014,1221000.0,90000.0,Diesel,automatic,2,bmw,bmw 5 series
2018,455000.0,80000.0,CNG,automatic,1,maruti,maruti wagon-r-1-0
2016,450000.0,158000.0,Diesel,manual,2,maruti,maruti swift
2021,995000.0,63000.0,Petrol,manual,1,skoda,skoda rapid
2022,650000.0,11000.0,Petrol,automatic,2,maruti,maruti wagon-r
2021,499999.0,68000.0,Petrol,manual,1,maruti,maruti wagon-r
2018,650000.0,62000.0,Petrol,automatic,2,maruti,maruti swift-dzire
2015,1350000.0,75000.0,Diesel,automatic,1,volvo,volvo s80
2017,775000.0,80000.0,CNG,manual,1,maruti,maruti ertiga
2011,319999.0,108000.0,CNG,automatic,2,hyundai,hyundai verna
2013,425000.0,54000.0,Petrol,automatic,2,skoda,skoda rapid
2020,430000.0,54000.0,Petrol,manual,1,maruti,maruti s-presso
2018,785000.0,74943.0,Petrol,manual,1,hyundai,hyundai verna
2022,597000.0,40600.0,Petrol,manual,1,maruti,maruti eeco
2021,1300000.0,29997.0,Petrol,manual,1,hyundai,hyundai creta
2013,1050000.0,120000.0,Diesel,manual,1,toyota,toyota innova
2017,620000.0,76000.0,Petrol,automatic,2,maruti,maruti swift-dzire
2012,750000.0,113000.0,Diesel,automatic,1,bmw,bmw x3
2016,375000.0,63000.0,Petrol,automatic,2,maruti,maruti alto k10
2019,498000.0,39000.0,Petrol,manual,1,maruti,maruti wagon-r
2020,925000.0,19000.0,Petrol,automatic,2,maruti,maruti ciaz
2020,640000.0,95000.0,Petrol,automatic,1,maruti,maruti swift-dzire
2011,190000.0,80000.0,Diesel,manual,2,maruti,maruti swift-dzire
2014,1360000.0,130000.0,Diesel,manual,1,toyota,toyota innova
2019,1299000.0,45723.0,Diesel,manual,1,jeep,jeep compass
2022,975000.0,32000.0,Petrol,manual,1,hyundai,hyundai venue
2017,375000.0,64000.0,CNG,manual,1,hyundai,hyundai grand i10
2016,420000.0,67500.0,Petrol,manual,2,maruti,maruti swift
2022,900000.0,50000.0,Petrol,manual,1,tata,tata nexon
2022,750000.0,16000.0,Petrol,automatic,2,renault,renault triber
2011,225000.0,61000.0,Petrol,manual,2,honda,honda jazz
2014,380000.0,61000.0,Petrol,automatic,1,maruti,maruti celerio
2018,340000.0,243000.0,Petrol,manual,2,maruti,maruti swift-dzire
2019,675000.0,39000.0,Diesel,manual,1,tata,tata nexon
2010,110000.0,100000.0,CNG,manual,2,maruti,maruti omni
2009,290000.0,73000.0,CNG,automatic,2,honda,honda city
2018,590000.0,73000.0,Petrol,automatic,1,ford,ford ecosport
2019,450000.0,68000.0,Petrol,manual,2,maruti,maruti wagon-r
2012,285000.0,78000.0,Diesel,manual,2,skoda,skoda rapid
2016,315000.0,80000.0,Petrol,manual,2,renault,renault kwid
2012,145000.0,85000.0,CNG,manual,1,hyundai,hyundai santro xing
2019,1175000.0,31000.0,Petrol,manual,1,hyundai,hyundai elantra
2013,349000.0,82000.0,Diesel,manual,2,toyota,toyota etios
2020,1190000.0,39000.0,Petrol,manual,1,hyundai,hyundai creta
2010,1190000.0,76486.0,Diesel,automatic,2,bmw,bmw 5 series
2011,545000.0,110000.0,Diesel,manual,2,mahindra,mahindra bolero
2013,215000.0,82743.0,Petrol,manual,1,maruti,maruti alto-800
2018,650000.0,90231.0,Petrol,automatic,2,ford,ford ecosport
2019,540000.0,39000.0,CNG,manual,1,hyundai,hyundai i20
2017,575000.0,52232.0,Diesel,automatic,2,volkswagen,volkswagen ventotest
2016,375000.0,52000.0,Petrol,automatic,2,maruti,maruti celerio
2017,550000.0,68000.0,Petrol,manual,1,hyundai,hyundai xcent
2015,375000.0,68000.0,CNG,manual,2,hyundai,hyundai grand i10
2017,699000.0,89000.0,Diesel,automatic,1,hyundai,hyundai verna
2010,78000.0,46000.0,Petrol,manual,2,hyundai,hyundai i10
2016,230000.0,72000.0,Petrol,manual,2,maruti,maruti alto-800
2011,85000.0,70000.0,Petrol,automatic,2,hyundai,hyundai accent
2017,310000.0,75000.0,Petrol,manual,2,hyundai,hyundai grand i10
2013,259000.0,39000.0,Petrol,manual,2,maruti,maruti wagon-r
2009,275000.0,80000.0,CNG,automatic,2,honda,honda city
2021,565000.0,65000.0,Petrol,manual,1,maruti,maruti wagon-r
2019,820000.0,62000.0,Petrol,automatic,2,maruti,maruti ertiga
2018,525000.0,66000.0,Petrol,automatic,2,maruti,maruti baleno
2016,259999.0,51000.0,Petrol,automatic,2,renault,renault kwid
2021,1125000.0,32780.0,Petrol,automatic,1,hyundai,hyundai verna
2006,80000.0,25000.0,Petrol,manual,2,maruti,maruti omni
2022,620000.0,14000.0,Petrol,automatic,1,maruti,maruti wagon-r
2022,1100000.0,22000.0,Petrol,automatic,1,toyota,toyota urban cruiser
2022,1290000.0,27000.0,Petrol,automatic,2,mahindra,mahindra thar
2010,465000.0,57000.0,Petrol,automatic,2,audi,audi a6
2015,625000.0,90000.0,Diesel,automatic,2,hyundai,hyundai santa fe
2013,425000.0,135600.0,Diesel,manual,2,maruti,maruti swift
2018,450000.0,75046.0,Petrol,manual,1,maruti,maruti wagon r
2012,399000.0,123000.0,Diesel,manual,2,volkswagen,volkswagen polo
2012,425000.0,63000.0,CNG,automatic,1,honda,honda city
2021,890000.0,67000.0,Diesel,manual,1,tata,tata nexon
2019,520000.0,63205.0,Petrol,automatic,1,maruti,maruti celerio-x
2018,1000000.0,99500.0,Diesel,automatic,2,mahindra,mahindra xuv500
2015,1050000.0,248000.0,Diesel,automatic,1,toyota,toyota fortuner
2017,490000.0,55000.0,Petrol,automatic,2,maruti,maruti ignis
2016,245000.0,72000.0,CNG,manual,2,maruti,maruti alto-800
2020,897000.0,45635.0,Petrol,manual,2,hyundai,hyundai creta
2013,379000.0,68000.0,Petrol,manual,2,hyundai,hyundai i20
2018,525000.0,40000.0,Petrol,manual,1,volkswagen,volkswagen ameo
2007,170000.0,85000.0,Petrol,manual,2,honda,honda city zx
2017,700000.0,90000.0,Diesel,manual,2,tata,tata hexa
2017,1200000.0,184800.0,Diesel,automatic,2,toyota,toyota innova crysta
2010,139000.0,77200.0,CNG,manual,2,maruti,maruti wagon-r-1-0
2014,352000.0,49470.0,Petrol,manual,2,honda,honda brio
2006,125000.0,26500.0,Petrol,manual,2,maruti,maruti 800
2017,325000.0,80000.0,Petrol,manual,2,tata,tata tiago
2014,545000.0,65374.0,Petrol,automatic,2,honda,honda city
2012,130000.0,74000.0,CNG,automatic,1,hyundai,hyundai i10
2016,475000.0,69000.0,Petrol,manual,2,maruti,maruti ciaz
2010,199000.0,77000.0,Petrol,manual,2,chevrolet,chevrolet beat
2013,491000.0,61000.0,Diesel,manual,1,mahindra,mahindra xuv500
2019,1300000.0,97000.0,Diesel,manual,1,mahindra,mahindra scorpio classic
2016,335000.0,13340.0,Petrol,automatic,1,renault,renault kwid
2011,150000.0,42000.0,Petrol,manual,2,maruti,maruti alto
2000,47000.0,12580.0,CNG,automatic,1,maruti,maruti fronx
2014,284999.0,62500.0,Petrol,manual,1,hyundai,hyundai xcent
2018,565000.0,145000.0,Diesel,manual,2,toyota,toyota etios
2011,351000.0,54001.0,CNG,manual,1,maruti,maruti swift
2014,950000.0,190000.0,CNG,automatic,1,toyota,toyota camry
2016,270000.0,170000.0,Petrol,automatic,1,maruti,maruti eeco
2016,649999.0,90000.0,Petrol,manual,2,maruti,maruti ertiga
2017,649000.0,95000.0,Diesel,manual,2,tata,tata safari storme
2019,790000.0,65000.0,Petrol,manual,2,skoda,skoda rapid
2013,950000.0,16872.0,Diesel,manual,2,mahindra,mahindra thar
2020,1155000.0,70000.0,Petrol,automatic,2,hyundai,hyundai creta
2010,225000.0,70000.0,Petrol,automatic,1,maruti,maruti sx4
2015,650000.0,75000.0,CNG,manual,2,maruti,maruti ertiga
2021,1245000.0,25000.0,Petrol,automatic,1,volkswagen,volkswagen polo
2022,850000.0,54252.0,Petrol,automatic,1,maruti,maruti s-cross
2018,495000.0,66000.0,Petrol,automatic,2,maruti,maruti baleno
2014,395000.0,32117.0,Petrol,automatic,1,maruti,maruti celerio
2016,290000.0,30000.0,Petrol,automatic,2,renault,renault kwid
2016,545000.0,45000.0,Petrol,manual,2,maruti,maruti baleno
2012,1250000.0,125000.0,Diesel,automatic,2,audi,audi rs7
2019,800000.0,125000.0,Diesel,manual,1,maruti,maruti brezza
2020,795000.0,24727.0,Petrol,automatic,1,tata,tata nexon
2018,425000.0,93000.0,Petrol,automatic,1,maruti,maruti wagon-r-1-0
2020,575000.0,12600.0,Petrol,manual,1,tata,tata altroz
2021,660000.0,23575.0,Petrol,automatic,1,renault,renault kiger
2016,390000.0,83214.0,Diesel,manual,2,maruti,maruti ciaz
2017,571000.0,42618.0,Petrol,manual,2,maruti,maruti swift-dzire
2018,699000.0,30000.0,Petrol,manual,1,hyundai,hyundai creta
2013,295000.0,64231.0,Petrol,automatic,1,maruti,maruti a-star
2015,370000.0,82000.0,Diesel,manual,2,hyundai,hyundai grand i10
2024,850000.0,4500.0,Petrol,automatic,1,maruti,maruti fronx
2017,675000.0,75000.0,Petrol,automatic,2,maruti,maruti ciaz
2014,435000.0,62405.0,Petrol,manual,1,honda,honda amaze
2010,295000.0,66000.0,Petrol,automatic,2,hyundai,hyundai i10
2017,525000.0,118000.0,Diesel,manual,2,hyundai,hyundai i20
2010,315000.0,107200.0,Petrol,automatic,2,honda,honda city
2018,338000.0,67000.0,Petrol,automatic,2,maruti,maruti wagon-r
2012,1025000.0,80000.0,Diesel,automatic,2,bmw,bmw x3
2014,570000.0,73000.0,Petrol,manual,1,maruti,maruti ertiga
2019,481000.0,67000.0,Petrol,automatic,2,maruti,maruti wagon-r
2009,96000.0,91000.0,CNG,automatic,2,honda,honda city
2009,60000.0,85000.0,CNG,manual,2,maruti,maruti alto
2021,180000.0,55650.0,Petrol,manual,2,maruti,maruti alto
2007,270000.0,325000.0,Diesel,manual,2,chevrolet,chevrolet tavera
2018,660000.0,39815.0,Petrol,automatic,1,maruti,maruti maruti-suzuki-dzire
2019,1300000.0,52000.0,Petrol,automatic,2,jeep,jeep compass
2011,388888.0,72000.0,CNG,automatic,2,honda,honda accord
2018,195000.0,130000.0,CNG,manual,2,hyundai,hyundai xcent prime
2019,450000.0,76000.0,CNG,manual,1,maruti,maruti wagon-r
2020,729000.0,62302.0,Petrol,manual,1,maruti,maruti vitara-brezza
2012,260000.0,51000.0,Petrol,automatic,2,toyota,toyota etios
2023,720000.0,30000.0,Petrol,manual,1,tata,tata tigor
2014,1400000.0,105000.0,Diesel,automatic,1,mercedes-benz,mercedes-benz m-class
2015,400000.0,124000.0,Petrol,automatic,2,volkswagen,volkswagen ventotest
2014,975000.0,80000.0,Diesel,automatic,2,mercedes-benz,mercedes-benz e-class
2018,965000.0,70000.0,Diesel,manual,1,hyundai,hyundai creta
2005,85000.0,135000.0,Petrol,automatic,2,maruti,maruti alto
2017,465000.0,60750.0,Petrol,automatic,2,maruti,maruti swift-dzire
2018,890000.0,100000.0,Petrol,manual,2,maruti,maruti ertiga
2019,750000.0,43000.0,CNG,manual,2,honda,honda city
2016,490000.0,66000.0,Petrol,automatic,2,honda,honda jazz
2018,470000.0,33946.0,Petrol,manual,1,maruti,maruti swift
2018,895000.0,64000.0,Diesel,manual,2,mahindra,mahindra xuv500
2016,615000.0,81000.0,Petrol,automatic,2,maruti,maruti ciaz
2016,650000.0,61000.0,Petrol,automatic,1,volkswagen,volkswagen polo
2018,530000.0,58000.0,Petrol,automatic,2,maruti,maruti celerio
2018,450000.0,45000.0,CNG,automatic,1,hyundai,hyundai santro
2015,525000.0,90000.0,Petrol,automatic,2,ford,ford ecosport
2011,135000.0,60000.0,Petrol,manual,2,maruti,maruti wagon-r
2015,410000.0,100000.0,Diesel,automatic,2,mahindra,mahindra bolero power plus
2016,750000.0,87000.0,Diesel,automatic,1,mahindra,mahindra tuv
2014,179001.0,80000.0,Petrol,automatic,2,fiat,fiat punto
2017,1375000.0,10000.0,Petrol,automatic,2,mercedes-benz,mercedes-benz b class
2023,40000.0,37000.0,Petrol,automatic,2,maruti,maruti swift
2012,390000.0,68000.0,Diesel,manual,2,volkswagen,volkswagen ventotest
2016,290000.0,66000.0,Diesel,manual,1,maruti,maruti ritz
2022,765000.0,40000.0,Petrol,automatic,1,maruti,maruti swift
2016,785000.0,65000.0,Diesel,manual,2,maruti,maruti ertiga
2020,450000.0,46000.0,Petrol,manual,2,maruti,maruti wagon-r
2017,525000.0,32000.0,Petrol,automatic,1,maruti,maruti baleno
2013,185000.0,56000.0,Petrol,manual,2,hyundai,hyundai i10
2020,650000.0,20758.0,Petrol,automatic,1,honda,honda amaze
2018,700000.0,65000.0,Diesel,manual,1,maruti,maruti swift-dzire
2017,1425000.0,188000.0,Diesel,manual,2,toyota,toyota innova crysta
2018,360000.0,50000.0,Petrol,automatic,1,maruti,maruti wagon-r
2011,250000.0,48231.0,Petrol,automatic,2,volkswagen,volkswagen ventotest
2011,159000.0,89000.0,Petrol,manual,2,honda,honda city
2016,500000.0,67000.0,Petrol,manual,1,maruti,maruti ciaz
2015,500000.0,94000.0,Petrol,manual,1,honda,honda city
2017,435000.0,55000.0,Diesel,manual,1,mahindra,mahindra kuv 100
2011,155000.0,52000.0,Petrol,automatic,1,hyundai,hyundai i10
2015,340000.0,59552.0,Petrol,automatic,2,maruti,maruti alto-k10
2019,439000.0,71000.0,Petrol,automatic,2,maruti,maruti celerio
2015,525000.0,57000.0,Petrol,automatic,2,ford,ford ecosport
2018,849000.0,87000.0,Diesel,manual,2,mahindra,mahindra scorpio
2020,455000.0,72000.0,CNG,manual,1,maruti,maruti celerio
2011,165000.0,84750.0,CNG,manual,2,maruti,maruti wagon-r
2013,380000.0,97834.0,Petrol,manual,2,maruti,maruti maruti-suzuki-dzire
2012,199000.0,410000.0,Petrol,manual,2,hyundai,hyundai i10
2013,375000.0,79000.0,Petrol,manual,2,toyota,toyota corolla altis
2017,595000.0,72000.0,Diesel,manual,1,maruti,maruti vitara-brezza
2022,500000.0,54000.0,Petrol,manual,2,tata,tata tiago
2018,380000.0,38000.0,Petrol,automatic,2,renault,renault kwid
2009,425000.0,141000.0,Diesel,manual,2,toyota,toyota innova
2020,580000.0,74000.0,Petrol,manual,1,tata,tata altroz
2013,851000.0,61000.0,Diesel,automatic,2,bmw,bmw 7 series
2017,220000.0,55000.0,Petrol,manual,2,datsun,datsun redigo
2016,1275000.0,85000.0,Diesel,manual,1,mahindra,mahindra scorpio
2012,245000.0,89000.0,Petrol,manual,2,maruti,maruti wagon r
2013,135000.0,50000.0,CNG,manual,2,chevrolet,chevrolet spark
2020,525000.0,59302.0,Petrol,manual,1,maruti,maruti wagon r
2011,300000.0,113000.0,Diesel,manual,2,maruti,maruti swift
2020,890000.0,55000.0,Petrol,automatic,2,hyundai,hyundai verna
2019,535000.0,60000.0,CNG,manual,2,honda,honda amaze
2013,225000.0,83200.0,Petrol,manual,2,maruti,maruti wagon-r
2015,450000.0,85000.0,Petrol,manual,1,maruti,maruti wagon-r
2015,585000.0,28240.0,Petrol,manual,1,hyundai,hyundai elite i20
2022,250000.0,65300.0,Petrol,automatic,1,maruti,maruti swift-dzire-tour
2024,595000.0,35000.0,Petrol,automatic,2,maruti,maruti eeco
2016,180000.0,150000.0,CNG,automatic,1,maruti,maruti wagon-r
2019,735000.0,76000.0,Diesel,automatic,1,maruti,maruti vitara-brezza
2016,535000.0,62800.0,Petrol,automatic,2,maruti,maruti baleno
2013,170000.0,82000.0,Petrol,manual,2,maruti,maruti alto-k10
2016,375000.0,51000.0,Petrol,manual,2,maruti,maruti wagon-r
2016,690000.0,69000.0,Diesel,manual,2,maruti,maruti ertiga
2012,290000.0,85000.0,Petrol,manual,2,hyundai,hyundai fluidic verna
2016,145000.0,40000.0,Petrol,manual,2,renault,renault kwid
2018,510000.0,82000.0,Petrol,manual,2,maruti,maruti swift-dzire
2015,445000.0,98000.0,Diesel,automatic,1,skoda,skoda rapid
2020,340000.0,50000.0,Petrol,manual,1,maruti,maruti alto
2015,255000.0,80000.0,Petrol,manual,2,maruti,maruti omni
2016,525000.0,75000.0,Petrol,automatic,2,volkswagen,volkswagen polo gti
2017,325000.0,70600.0,Petrol,manual,2,maruti,maruti eeco
2019,1055000.0,15000.0,Petrol,automatic,2,maruti,maruti ertiga
2012,150000.0,94000.0,Petrol,manual,2,hyundai,hyundai eon
2011,295000.0,90000.0,CNG,manual,2,toyota,toyota etios liva
2021,649000.0,52000.0,CNG,automatic,1,maruti,maruti swift
2014,675000.0,125000.0,Diesel,manual,2,toyota,toyota innova
2021,515000.0,42000.0,CNG,manual,1,maruti,maruti wagon-r-1-0
2018,850000.0,61000.0,Petrol,manual,2,maruti,maruti ertiga
2012,899000.0,90000.0,Diesel,automatic,2,audi,audi a4
2013,565000.0,68000.0,CNG,manual,2,maruti,maruti ertiga
2009,198000.0,108000.0,Diesel,manual,2,skoda,skoda laura
2011,175000.0,95000.0,Petrol,manual,1,skoda,skoda fabia
2016,500000.0,87000.0,Petrol,manual,2,maruti,maruti swift
2018,379000.0,78000.0,CNG,manual,2,maruti,maruti swift-dzire
2013,610000.0,200000.0,Diesel,manual,2,toyota,toyota innova
2017,625000.0,80000.0,Diesel,manual,2,renault,renault duster
2017,290000.0,57000.0,Petrol,automatic,2,mahindra,mahindra kuv100 nxt
2018,1190000.0,32000.0,Petrol,automatic,1,hyundai,hyundai creta
2017,519999.0,47000.0,Petrol,manual,1,hyundai,hyundai grand i10
2006,225000.0,98000.0,Petrol,automatic,2,honda,honda civic
2009,120000.0,155888.0,Diesel,manual,2,tata,tata indigo cs
2012,190000.0,68000.0,Petrol,manual,2,maruti,maruti alto-k10
2022,1040000.0,19600.0,Petrol,manual,2,honda,honda city
2011,375000.0,75464.0,Petrol,automatic,2,honda,honda city
2009,169000.0,83000.0,CNG,manual,2,maruti,maruti sx4
2022,1000000.0,28000.0,Petrol,automatic,1,mg,mg astor
2022,950000.0,30000.0,Petrol,manual,1,maruti,maruti vitara-brezza
2010,198000.0,71568.0,Petrol,automatic,2,maruti,maruti sx4
2017,445000.0,44000.0,Petrol,automatic,1,maruti,maruti wagon-r
2015,575000.0,46000.0,Petrol,manual,2,hyundai,hyundai elite i20
2015,310000.0,450000.0,Petrol,automatic,1,maruti,maruti alto-k10
2016,399000.0,54000.0,Petrol,automatic,1,nissan,nissan micra
2020,435000.0,35000.0,Petrol,manual,1,renault,renault kwid
2011,400000.0,214000.0,Diesel,automatic,1,bmw,bmw 3 series
2014,399999.0,68000.0,Diesel,manual,1,hyundai,hyundai elantra
2016,695000.0,81982.0,Diesel,automatic,1,hyundai,hyundai verna
2015,565000.0,67000.0,Petrol,automatic,2,honda,honda city
2019,950000.0,58000.0,Petrol,automatic,2,hyundai,hyundai creta
2018,388888.0,67000.0,CNG,manual,1,mahindra,mahindra kuv 100
2017,580000.0,85000.0,Petrol,manual,2,maruti,maruti swift-dzire
2017,720000.0,82000.0,Diesel,manual,1,maruti,maruti s-cross
2022,955000.0,39000.0,Petrol,manual,2,hyundai,hyundai venue
2019,485000.0,26000.0,Petrol,automatic,1,tata,tata tiago
2018,600000.0,85000.0,Diesel,manual,2,honda,honda wrv
2020,1000000.0,33000.0,Petrol,manual,1,maruti,maruti ertiga
2020,485000.0,71000.0,Petrol,manual,2,maruti,maruti eeco
2019,1300000.0,95000.0,Petrol,automatic,1,maruti,maruti ertiga
2020,705000.0,30000.0,Petrol,manual,1,hyundai,hyundai venue
2011,850000.0,40000.0,Petrol,automatic,1,mercedes-benz,mercedes-benz e-class
2021,590000.0,15505.0,Petrol,manual,2,maruti,maruti swift
2016,550000.0,240000.0,Diesel,manual,2,mahindra,mahindra xylo
2021,555000.0,58060.0,Petrol,manual,1,maruti,maruti swift
2015,525000.0,100000.0,Diesel,manual,2,maruti,maruti swift
2015,415000.0,40500.0,Petrol,manual,2,honda,honda amaze
2010,399999.0,143000.0,CNG,automatic,2,honda,honda civic
2011,215000.0,69298.0,Petrol,manual,2,hyundai,hyundai i10
2018,360000.0,58000.0,Petrol,automatic,2,renault,renault kwid
2020,369000.0,65000.0,CNG,manual,2,maruti,maruti celerio
2018,700000.0,22000.0,Petrol,automatic,2,maruti,maruti baleno
2010,1025000.0,86000.0,Diesel,automatic,2,bmw,bmw 7 series
2014,465000.0,54000.0,CNG,automatic,2,hyundai,hyundai verna
2015,150000.0,132000.0,Diesel,manual,2,tata,tata indigo ecs
2017,535000.0,57000.0,CNG,automatic,2,honda,honda jazz
2021,1090000.0,69846.0,Diesel,automatic,1,mahindra,mahindra xuv 300
2019,599000.0,71000.0,Diesel,automatic,1,renault,renault duster
2016,745000.0,58000.0,Petrol,automatic,2,hyundai,hyundai creta
2020,1250000.0,33000.0,Diesel,manual,2,toyota,toyota innova crysta
2018,399999.0,69000.0,Petrol,automatic,2,ford,ford ecosport
2022,725000.0,54000.0,Petrol,automatic,1,renault,renault triber
2017,515000.0,78000.0,Petrol,automatic,2,maruti,maruti swift-dzire
2019,575000.0,15000.0,Petrol,manual,1,volkswagen,volkswagen polo
2012,375000.0,88300.0,Diesel,manual,1,renault,renault pulse
2018,250000.0,107000.0,Petrol,automatic,1,maruti,maruti wagon-r-1-0
2015,310000.0,97663.0,Petrol,automatic,2,maruti,maruti swift-dzire
2020,725000.0,28000.0,CNG,automatic,1,maruti,maruti maruti-suzuki-dzire
2018,595000.0,45600.0,Petrol,automatic,1,honda,honda amaze
2010,290000.0,112000.0,Diesel,manual,2,fiat,fiat linea
2017,400000.0,6200.0,Petrol,automatic,2,hyundai,hyundai xcent prime
2013,400000.0,85000.0,Petrol,automatic,2,honda,honda city
2016,450000.0,124501.0,Diesel,manual,2,maruti,maruti swift-dzire
2015,599999.0,65000.0,Diesel,automatic,2,mahindra,mahindra tuv
2013,130000.0,92000.0,Petrol,automatic,2,maruti,maruti alto-800
2016,699000.0,81000.0,Diesel,manual,2,mahindra,mahindra xuv500
2019,1300000.0,65000.0,Diesel,manual,1,maruti,maruti ertiga
2014,375000.0,59000.0,Petrol,manual,1,honda,honda brio
2014,515000.0,90000.0,Diesel,manual,2,honda,honda mobilio
2015,575000.0,59300.0,Petrol,automatic,2,honda,honda city
2023,697000.0,13863.0,CNG,manual,1,hyundai,hyundai grand i10 nios
2021,1050000.0,62000.0,Petrol,automatic,1,honda,honda city
2016,377000.0,96290.0,Petrol,manual,2,hyundai,hyundai grand i10
2017,499000.0,85100.0,Diesel,manual,1,maruti,maruti vitara-brezza
2024,1175000.0,14000.0,CNG,manual,1,maruti,maruti maruti-suzuki-brezza
2011,225000.0,67000.0,Petrol,automatic,2,hyundai,hyundai i10
2018,780000.0,52536.0,CNG,automatic,2,hyundai,hyundai verna
2018,300000.0,60000.0,Petrol,manual,1,datsun,datsun redigo
2010,269000.0,58000.0,Petrol,automatic,2,hyundai,hyundai i10
2016,210000.0,83100.0,Petrol,manual,2,datsun,datsun redigo
2020,1475000.0,69045.0,Petrol,automatic,1,hyundai,hyundai creta facelift
2020,875000.0,51000.0,Petrol,automatic,1,ford,ford ecosport
2014,665000.0,141500.0,Diesel,manual,1,maruti,maruti ertiga
2018,585000.0,49000.0,Petrol,manual,2,maruti,maruti ciaz
2014,120000.0,80000.0,Diesel,manual,2,tata,tata indigo ecs
2017,550000.0,52551.0,Petrol,manual,2,maruti,maruti baleno
2015,445000.0,93000.0,Diesel,manual,1,honda,honda city
2011,119000.0,140000.0,Diesel,manual,1,ford,ford figo
2014,670000.0,99000.0,Diesel,manual,1,toyota,toyota corolla altis
2010,130000.0,105000.0,Petrol,manual,2,hyundai,hyundai i10
2017,399000.0,65000.0,CNG,manual,2,honda,honda amaze
2011,440000.0,98000.0,Diesel,manual,1,volkswagen,volkswagen ventotest
2014,325000.0,89000.0,CNG,manual,2,maruti,maruti celerio
2016,750000.0,90000.0,Diesel,automatic,1,volkswagen,volkswagen ventotest
2014,460000.0,153000.0,Petrol,manual,1,honda,honda city
2011,135000.0,76000.0,CNG,manual,2,hyundai,hyundai santro xing
2017,999000.0,90000.0,Diesel,automatic,1,hyundai,hyundai creta
2017,275000.0,170000.0,CNG,automatic,1,maruti,maruti swift-dzire
2020,675000.0,38000.0,Petrol,manual,1,maruti,maruti maruti-suzuki-brezza
2011,1450000.0,80594.0,Diesel,automatic,2,bmw,bmw 5 series gt
2018,525000.0,90000.0,Diesel,manual,1,maruti,maruti s-cross1
2011,195000.0,62000.0,Diesel,manual,1,chevrolet,chevrolet cruze
2019,645000.0,61000.0,Petrol,automatic,1,maruti,maruti baleno
2019,425000.0,40000.0,Petrol,automatic,2,tata,tata tiago
2008,145000.0,119000.0,CNG,automatic,2,honda,honda city zx
2018,230000.0,137000.0,Petrol,automatic,2,tata,tata zest
2014,295000.0,49851.0,Petrol,automatic,2,honda,honda amaze
2010,200000.0,55600.0,Petrol,automatic,2,hyundai,hyundai i10
2020,1090000.0,55000.0,Petrol,automatic,1,hyundai,hyundai creta
2019,1050000.0,61000.0,Petrol,automatic,1,mg,mg hector
2019,650000.0,68216.0,Petrol,manual,2,hyundai,hyundai venue
2018,535000.0,85000.0,Petrol,manual,1,honda,honda jazz
2019,345000.0,32000.0,Petrol,manual,2,maruti,maruti alto-800
2012,285000.0,40500.0,Petrol,manual,2,hyundai,hyundai i20
2015,435000.0,64000.0,CNG,manual,1,maruti,maruti eeco
2010,170000.0,80000.0,Petrol,manual,2,maruti,maruti zen-estilo
2016,949000.0,99000.0,Diesel,automatic,2,audi,audi a3
2015,1475000.0,103000.0,Diesel,automatic,2,audi,audi a6
2015,1450000.0,70000.0,Diesel,automatic,2,mercedes-benz,mercedes-benz e-class
2016,760000.0,89100.0,Diesel,manual,2,mahindra,mahindra xuv500
2016,460000.0,83000.0,Petrol,automatic,1,maruti,maruti celerio
2009,135000.0,95000.0,Petrol,manual,2,maruti,maruti omni
2019,595000.0,75000.0,CNG,manual,1,hyundai,hyundai elite i20
2022,1449999.0,11492.0,Petrol,automatic,1,mahindra,mahindra thar
2010,248000.0,120500.0,Diesel,manual,2,chevrolet,chevrolet optra
2021,649000.0,28000.0,Petrol,automatic,1,hyundai,hyundai grand i10 nios
2015,865000.0,76000.0,Diesel,manual,2,hyundai,hyundai creta
2016,560000.0,86000.0,Diesel,manual,2,volkswagen,volkswagen polo
2002,240000.0,111000.0,Petrol,manual,2,honda,honda city
2021,1198000.0,38000.0,Petrol,automatic,1,honda,honda city
2020,1150000.0,60766.0,Petrol,automatic,1,honda,honda city
2018,395000.0,60000.0,Petrol,automatic,1,maruti,maruti wagon-r
2016,599000.0,130000.0,Diesel,manual,2,renault,renault duster
2017,411000.0,62000.0,CNG,automatic,1,maruti,maruti celerio
2011,899999.0,250000.0,Diesel,manual,1,toyota,toyota innova
2013,1450000.0,174500.0,Diesel,automatic,2,toyota,toyota fortuner
2017,360000.0,69000.0,Petrol,manual,1,tata,tata tiago
2015,650000.0,65000.0,Petrol,automatic,1,toyota,toyota corolla altis
2020,735000.0,73000.0,Petrol,manual,1,maruti,maruti maruti-suzuki-brezza
2020,1100000.0,70000.0,Petrol,manual,1,maruti,maruti xl6
2005,90000.0,60000.0,Petrol,manual,2,honda,honda city zx
2015,1050000.0,125000.0,Diesel,manual,2,toyota,toyota innova
2023,1250000.0,27000.0,Petrol,automatic,1,hyundai,hyundai venue
2019,455000.0,52000.0,Petrol,manual,1,honda,honda amaze
2018,350000.0,58000.0,Petrol,automatic,1,maruti,maruti celerio-x
2010,85000.0,72000.0,CNG,manual,1,maruti,maruti swift
2015,624999.0,65000.0,CNG,automatic,2,toyota,toyota corolla altis
2017,390000.0,93000.0,Diesel,manual,1,hyundai,hyundai xcent
2015,260000.0,100000.0,CNG,manual,2,maruti,maruti omni
2011,225000.0,78000.0,Petrol,manual,2,maruti,maruti wagon-r
2011,650000.0,125000.0,Diesel,manual,2,toyota,toyota fortuner
2018,425000.0,90000.0,Petrol,manual,1,maruti,maruti celerio
2017,1100000.0,82500.0,Diesel,automatic,1,hyundai,hyundai creta
2018,360000.0,60000.0,Petrol,automatic,2,maruti,maruti wagon-r-1-0
2015,545000.0,11000.0,Diesel,manual,1,skoda,skoda rapid
2011,290000.0,58000.0,Petrol,manual,1,hyundai,hyundai i10
2013,240000.0,120000.0,Diesel,automatic,2,ssangyong,ssangyong rexton
2009,325000.0,43000.0,Diesel,manual,2,hyundai,hyundai i20
2015,570000.0,76222.0,Diesel,manual,1,maruti,maruti ciaz
2016,611000.0,47000.0,CNG,automatic,2,honda,honda city
2007,125000.0,60000.0,Petrol,manual,2,maruti,maruti sx4
2017,491000.0,85000.0,Petrol,manual,2,maruti,maruti swift
2013,400000.0,85000.0,Petrol,automatic,2,honda,honda civic
2011,310000.0,68000.0,Diesel,manual,1,hyundai,hyundai i20
2009,141000.0,43058.0,Petrol,manual,1,maruti,maruti wagon r
2016,1175000.0,64200.0,Diesel,automatic,1,hyundai,hyundai santa fe
2019,625000.0,70000.0,Diesel,manual,2,maruti,maruti swift-dzire
2015,475000.0,69000.0,Petrol,manual,1,honda,honda city
2013,1200000.0,57000.0,Diesel,automatic,1,bmw,bmw 3 series
2013,799999.0,250000.0,Diesel,manual,2,toyota,toyota innova
2010,365000.0,52085.0,Diesel,manual,2,mahindra,mahindra scorpio
2020,470000.0,72000.0,Petrol,automatic,2,maruti,maruti wagon-r
2020,950000.0,81000.0,Petrol,manual,2,maruti,maruti ertiga
2019,575000.0,32000.0,Petrol,manual,2,maruti,maruti swift
2009,105000.0,31000.0,Diesel,automatic,2,tata,tata indica v2
2008,295000.0,89000.0,Diesel,manual,2,maruti,maruti swift-dzire
2015,649000.0,125000.0,Diesel,manual,1,toyota,toyota innova
2016,499000.0,114000.0,Petrol,manual,1,maruti,maruti ciaz
2017,850000.0,130000.0,Petrol,automatic,2,volkswagen,volkswagen polo
2011,290000.0,100000.0,Petrol,automatic,2,maruti,maruti wagon-r
2015,390000.0,52000.0,Diesel,manual,1,hyundai,hyundai i20 active
2018,195000.0,94100.0,Petrol,manual,2,tata,tata indigo cs
2009,200000.0,96000.0,Petrol,automatic,2,honda,honda city
2014,449999.0,59121.0,Petrol,manual,1,honda,honda city
2012,190000.0,71000.0,CNG,manual,1,maruti,maruti alto-800
2018,580000.0,61000.0,Petrol,automatic,2,toyota,toyota yaris
2012,160000.0,123600.0,Diesel,manual,2,fiat,fiat punto
2015,420000.0,21000.0,Petrol,automatic,2,maruti,maruti celerio
2019,1071000.0,92000.0,Diesel,manual,1,maruti,maruti ertiga
2021,695000.0,68000.0,CNG,manual,1,hyundai,hyundai aura
2018,685000.0,32000.0,Petrol,manual,1,maruti,maruti baleno
2015,1185000.0,68000.0,Petrol,automatic,2,toyota,toyota camry
2008,250000.0,71000.0,Petrol,manual,2,hyundai,hyundai verna
2013,255000.0,82215.0,Petrol,manual,2,maruti,maruti swift-dzire
2007,123000.0,102820.0,Petrol,manual,2,hyundai,hyundai santro
2017,950000.0,78197.0,Diesel,manual,1,mahindra,mahindra scorpio
2013,185000.0,46628.0,Petrol,manual,1,hyundai,hyundai i10
2016,310000.0,65000.0,Petrol,manual,2,maruti,maruti wagon-r
2015,375000.0,82000.0,Diesel,manual,2,maruti,maruti ciaz
2022,670000.0,9000.0,Petrol,manual,2,maruti,maruti swift
2017,375000.0,30000.0,Petrol,manual,1,maruti,maruti wagon-r
2019,525000.0,38000.0,Petrol,manual,1,renault,renault triber
2020,1250000.0,48100.0,Diesel,manual,1,mahindra,mahindra scorpio
2020,475000.0,69000.0,CNG,manual,2,renault,renault triber
2022,780000.0,44000.0,Petrol,automatic,1,maruti,maruti dzire
2020,225000.0,50600.0,Petrol,manual,2,datsun,datsun redigo
2017,1125000.0,65000.0,Diesel,manual,2,jeep,jeep compass
2022,760000.0,32809.0,Petrol,automatic,1,maruti,maruti maruti-suzuki-dzire
2018,475000.0,56000.0,CNG,manual,1,hyundai,hyundai grand i10
2010,229000.0,80000.0,Petrol,manual,2,maruti,maruti wagon r
2011,285000.0,43500.0,Diesel,manual,2,tata,tata aria
2015,475000.0,61000.0,CNG,automatic,1,hyundai,hyundai grand i10
2018,425000.0,7514.0,Petrol,automatic,1,maruti,maruti wagon-r
2017,590000.0,61000.0,CNG,manual,2,honda,honda city
2014,460000.0,58000.0,CNG,automatic,1,honda,honda city
2016,239999.0,39000.0,Petrol,automatic,1,tata,tata nano
2018,280000.0,180000.0,Petrol,automatic,1,maruti,maruti wagon-r
2012,315000.0,102506.0,Petrol,automatic,2,renault,renault fluence
2019,525000.0,57000.0,Petrol,manual,1,hyundai,hyundai grand i10
2019,575000.0,68000.0,Petrol,manual,1,volkswagen,volkswagen polo
2020,1325000.0,74000.0,Diesel,manual,1,mahindra,mahindra scorpio
2015,1475000.0,72000.0,Petrol,automatic,2,mini,mini cooper countryman
2013,380000.0,113000.0,Diesel,manual,2,renault,renault scala
2019,615000.0,58000.0,Petrol,manual,1,maruti,maruti swift
2015,649999.0,95000.0,Petrol,manual,1,maruti,maruti ertiga
2018,875000.0,77000.0,Diesel,automatic,1,hyundai,hyundai fluidic verna
2008,200000.0,120000.0,Diesel,manual,2,maruti,maruti swift
2016,625000.0,49000.0,Petrol,automatic,1,maruti,maruti ciaz
2019,1145000.0,73110.0,Diesel,manual,1,maruti,maruti ertiga
2015,850000.0,260000.0,Diesel,manual,2,toyota,toyota innova
2017,699999.0,70000.0,Petrol,automatic,1,maruti,maruti ciaz
2019,450000.0,200000.0,Petrol,manual,1,maruti,maruti swift-dzire-tour
2007,145000.0,89000.0,Petrol,manual,2,maruti,maruti sx4
2024,181000.0,25000.0,Petrol,automatic,1,maruti,maruti eeco
2013,470000.0,85000.0,Diesel,manual,1,maruti,maruti ertiga
2017,340000.0,51000.0,Petrol,manual,2,volkswagen,volkswagen ameo
2011,349000.0,89000.0,Petrol,automatic,2,honda,honda accord
2016,525000.0,80000.0,Petrol,automatic,2,honda,honda jazz
2013,375000.0,68000.0,Petrol,manual,2,hyundai,hyundai verna
2014,450000.0,80000.0,Petrol,manual,2,maruti,maruti swift-dzire
2016,375000.0,16491.0,Petrol,automatic,1,maruti,maruti wagon-r
2017,775000.0,91000.0,Petrol,automatic,2,volkswagen,volkswagen polo
2016,325000.0,73000.0,Petrol,automatic,2,maruti,maruti celerio
2016,380000.0,90000.0,Petrol,manual,2,mahindra,mahindra kuv 100
2015,480000.0,90000.0,Diesel,manual,1,honda,honda city
2017,345000.0,62500.0,CNG,automatic,2,maruti,maruti wagon-r
2021,530000.0,41069.0,Petrol,manual,1,maruti,maruti wagon-r
2016,222000.0,86000.0,Petrol,manual,2,hyundai,hyundai eon
2014,295000.0,90000.0,Petrol,manual,2,renault,renault duster
2011,425000.0,55000.0,Petrol,manual,1,honda,honda city
2015,255000.0,70000.0,Petrol,manual,2,maruti,maruti alto-800
2012,255000.0,97000.0,CNG,manual,2,maruti,maruti swift-dzire
2018,500000.0,42000.0,Petrol,manual,2,hyundai,hyundai i20
2015,260000.0,66000.0,Petrol,automatic,2,maruti,maruti wagon-r
2017,360000.0,51000.0,CNG,automatic,2,tata,tata tiago
2017,555000.0,150000.0,Diesel,automatic,1,volkswagen,volkswagen ameo
2018,265000.0,48000.0,Petrol,manual,2,hyundai,hyundai eon
2017,311000.0,55000.0,Petrol,automatic,2,maruti,maruti alto-k10
2024,1150000.0,6000.0,Petrol,automatic,1,maruti,maruti swift
2019,535000.0,50000.0,CNG,manual,1,honda,honda amaze
2015,585000.0,75000.0,Petrol,automatic,2,honda,honda city
2011,210000.0,98000.0,Petrol,manual,1,maruti,maruti wagon-r
2018,265000.0,72531.0,Petrol,manual,1,maruti,maruti alto-800
2003,95000.0,85000.0,CNG,manual,2,maruti,maruti wagon-r
2012,280000.0,82000.0,Petrol,manual,1,hyundai,hyundai i10
2016,1325000.0,65000.0,Diesel,automatic,2,bmw,bmw 3 series
2016,825000.0,274649.0,Diesel,manual,2,toyota,toyota innova
2015,215000.0,89523.0,Petrol,manual,2,hyundai,hyundai eon
2015,550000.0,60000.0,Petrol,automatic,1,maruti,maruti baleno
2016,1180000.0,175000.0,Petrol,automatic,1,toyota,toyota camry
2019,1149000.0,73000.0,Diesel,manual,1,tata,tata harrier
2015,620000.0,31000.0,Petrol,manual,1,hyundai,hyundai fluidic verna
2022,1125000.0,23000.0,Petrol,manual,1,hyundai,hyundai creta
2017,350000.0,52000.0,CNG,manual,1,maruti,maruti wagon r
2013,1295000.0,169000.0,Diesel,automatic,1,toyota,toyota fortuner
2013,310000.0,110000.0,Diesel,manual,2,honda,honda amaze
2010,172000.0,42000.0,Petrol,manual,1,hyundai,hyundai i10
2021,975000.0,54000.0,CNG,manual,1,maruti,maruti ertiga
2017,490000.0,80000.0,Petrol,manual,1,honda,honda amaze
2017,325000.0,72000.0,Petrol,manual,1,maruti,maruti alto-800
2010,340000.0,97000.0,Petrol,automatic,2,honda,honda city
2021,1210000.0,36831.0,Petrol,automatic,1,maruti,maruti xl6
2007,150000.0,25000.0,Petrol,automatic,1,maruti,maruti wagon-r
2016,395000.0,62000.0,Petrol,automatic,1,maruti,maruti celerio
2023,320000.0,45000.0,Petrol,manual,1,maruti,maruti swift-dzire-tour
2018,850000.0,56000.0,Petrol,manual,1,hyundai,hyundai creta
2005,280000.0,97000.0,Petrol,automatic,2,hyundai,hyundai sonata transform
2017,675000.0,58680.0,CNG,manual,2,maruti,maruti ertiga
2015,449900.0,58000.0,CNG,automatic,1,hyundai,hyundai grand i10
2015,675000.0,93000.0,Diesel,manual,1,mahindra,mahindra scorpio
2018,450000.0,65000.0,CNG,automatic,1,maruti,maruti eeco
2024,625000.0,12000.0,Petrol,manual,1,renault,renault triber
2000,90000.0,50000.0,Petrol,manual,2,maruti,maruti 800
2023,1490000.0,26000.0,Diesel,manual,1,mahindra,mahindra thar
2017,390000.0,63000.0,Petrol,manual,2,maruti,maruti wagon r 1.0
2019,610000.0,80000.0,Petrol,manual,2,maruti,maruti baleno
2021,765000.0,29000.0,Petrol,automatic,1,maruti,maruti swift
2018,799000.0,66000.0,Petrol,automatic,2,honda,honda brv
2018,425000.0,25000.0,Petrol,automatic,1,maruti,maruti ignis
2010,599000.0,85000.0,Petrol,automatic,2,mercedes-benz,mercedes-benz e-class
2014,685000.0,78000.0,Diesel,manual,2,maruti,maruti ertiga
2018,630000.0,80000.0,Diesel,manual,1,mahindra,mahindra tuv
2018,550000.0,90000.0,Diesel,manual,2,mahindra,mahindra marazzo
2015,645000.0,41000.0,Petrol,automatic,2,honda,honda city
2014,475000.0,61000.0,Petrol,manual,2,honda,honda city
2017,649000.0,99000.0,Diesel,manual,1,volkswagen,volkswagen ameo
2015,650000.0,81000.0,Diesel,manual,1,mahindra,mahindra scorpio
2017,1451000.0,115000.0,Diesel,manual,1,toyota,toyota innova crysta
2011,320000.0,110000.0,Petrol,manual,1,honda,honda city
2019,1145000.0,35000.0,Diesel,manual,1,hyundai,hyundai creta
2016,511000.0,66300.0,Petrol,manual,2,maruti,maruti maruti-suzuki-dzire
2015,575000.0,177000.0,Diesel,manual,1,toyota,toyota innova
2014,195000.0,75000.0,CNG,automatic,2,maruti,maruti wagon-r-1-0
2023,895000.0,7000.0,CNG,manual,1,hyundai,hyundai aura
2017,1250000.0,175000.0,Diesel,manual,1,toyota,toyota innova crysta
2009,165000.0,90000.0,Petrol,manual,2,hyundai,hyundai santro xing
2015,275000.0,16000.0,Petrol,automatic,1,tata,tata nano
2015,585000.0,75000.0,Diesel,manual,2,volkswagen,volkswagen polo
2017,455000.0,45000.0,Petrol,automatic,1,maruti,maruti celerio
2020,199999.0,54000.0,CNG,manual,2,datsun,datsun go
2017,395000.0,45000.0,Petrol,manual,1,hyundai,hyundai xcent
2021,1075000.0,78000.0,Diesel,automatic,2,honda,honda amaze
2010,208000.0,76000.0,Petrol,manual,2,maruti,maruti alto
2012,1050000.0,89000.0,Diesel,manual,2,toyota,toyota fortuner
2022,675000.0,44000.0,Petrol,manual,1,hyundai,hyundai aura
2012,640000.0,120000.0,Diesel,manual,1,maruti,maruti ertiga
2020,600000.0,98000.0,Petrol,manual,1,maruti,maruti swift
2015,365000.0,56000.0,CNG,automatic,1,honda,honda brio
2016,751000.0,70000.0,Diesel,manual,1,maruti,maruti ertiga
2011,419999.0,77000.0,Petrol,automatic,2,honda,honda city
2023,1375000.0,19500.0,Petrol,automatic,1,maruti,maruti xl6
2015,295000.0,58000.0,Petrol,manual,2,hyundai,hyundai i10
2009,245000.0,112000.0,Petrol,manual,2,hyundai,hyundai i10
2013,735000.0,126870.0,Diesel,automatic,1,toyota,toyota innova
2010,185000.0,105000.0,Petrol,manual,2,maruti,maruti swift
2015,650000.0,35000.0,Diesel,manual,2,mahindra,mahindra thar
2020,865000.0,42000.0,CNG,manual,1,maruti,maruti ertiga
2014,1200000.0,167000.0,Diesel,manual,2,toyota,toyota innova
2016,375001.0,86000.0,Diesel,manual,1,renault,renault lodgy
2020,920000.0,50000.0,Petrol,automatic,2,maruti,maruti ertiga
2016,280000.0,90000.0,Petrol,manual,2,hyundai,hyundai eon
2024,675000.0,17282.0,CNG,manual,1,tata,tata tiago
2016,425000.0,34000.0,Petrol,automatic,1,maruti,maruti wagon-r
2016,1375000.0,104000.0,Petrol,automatic,2,toyota,toyota camry
2017,1050000.0,65000.0,Petrol,automatic,1,skoda,skoda superb
2020,875000.0,62000.0,Diesel,manual,1,hyundai,hyundai creta
2019,985000.0,56000.0,Petrol,manual,1,hyundai,hyundai creta
2009,130000.0,82000.0,Petrol,manual,2,maruti,maruti a-star
2021,900000.0,42850.0,Diesel,manual,1,ford,ford ecosport
2019,1075000.0,36000.0,Petrol,automatic,1,maruti,maruti ertiga
2020,950000.0,19700.0,Petrol,manual,1,maruti,maruti ertiga
2019,635000.0,28303.0,Petrol,manual,1,maruti,maruti baleno
2017,1350000.0,90000.0,Diesel,automatic,2,bmw,bmw x1
2011,340000.0,65000.0,Diesel,automatic,2,volkswagen,volkswagen jetta
2014,394888.0,70000.0,Diesel,manual,2,skoda,skoda rapid
2024,1190000.0,11000.0,Petrol,automatic,1,maruti,maruti jimny
2016,440000.0,62000.0,CNG,automatic,2,hyundai,hyundai grand i10
2021,635000.0,42000.0,CNG,manual,1,maruti,maruti wagon r
2014,460000.0,92000.0,Petrol,automatic,2,skoda,skoda superb
2014,175000.0,86000.0,Petrol,manual,2,hyundai,hyundai santro xing
2019,990000.0,47000.0,Petrol,manual,2,kia,kia seltos
2020,750000.0,46000.0,Petrol,manual,1,volkswagen,volkswagen polo
2022,1025000.0,38000.0,Petrol,manual,2,maruti,maruti ertiga
2013,395000.0,223000.0,Diesel,manual,2,maruti,maruti swift-dzire
2016,260000.0,115000.0,Petrol,automatic,2,maruti,maruti omni
2015,240000.0,82000.0,CNG,automatic,2,maruti,maruti wagon-r
2013,299000.0,95000.0,Petrol,manual,1,maruti,maruti wagon-r
2015,745000.0,74000.0,Diesel,manual,1,mahindra,mahindra xuv500
2014,510000.0,89000.0,Diesel,manual,2,maruti,maruti swift
2019,395000.0,75000.0,Petrol,manual,1,maruti,maruti wagon-r
2019,850000.0,28000.0,Petrol,manual,1,volkswagen,volkswagen ventotest
2012,170000.0,74000.0,CNG,manual,2,hyundai,hyundai santro xing
2017,950000.0,65000.0,Diesel,automatic,2,hyundai,hyundai tucson
2015,1050000.0,59000.0,Diesel,automatic,1,volvo,volvo s60
2011,195000.0,36300.0,Petrol,manual,2,hyundai,hyundai i20
2014,210000.0,30000.0,Petrol,manual,1,hyundai,hyundai eon
2018,298000.0,22595.0,Petrol,manual,1,maruti,maruti alto-800
2016,845000.0,56000.0,Diesel,manual,2,mahindra,mahindra xuv500
2012,440000.0,88000.0,Petrol,automatic,1,hyundai,hyundai verna
2015,699000.0,68000.0,CNG,automatic,2,toyota,toyota corolla altis
2014,275000.0,81388.0,Petrol,manual,1,maruti,maruti eeco
2017,600000.0,79000.0,Petrol,automatic,2,maruti,maruti ciaz
2017,525000.0,61300.0,CNG,automatic,2,maruti,maruti swift-dzire
2016,1275000.0,130000.0,CNG,automatic,2,toyota,toyota camry
2013,235000.0,58836.0,Petrol,manual,2,hyundai,hyundai eon
2013,925000.0,97000.0,Petrol,automatic,1,honda,honda crv
2022,725000.0,96000.0,Petrol,manual,2,maruti,maruti swift-dzire
2013,425000.0,96000.0,Diesel,manual,1,hyundai,hyundai verna
2018,365000.0,27000.0,Petrol,automatic,1,maruti,maruti alto-k10
2011,185000.0,38000.0,Petrol,manual,1,hyundai,hyundai i10
2017,499000.0,88000.0,Diesel,manual,2,honda,honda wrv
2015,180000.0,85000.0,Petrol,manual,2,maruti,maruti alto-800
2008,110000.0,89000.0,Petrol,manual,1,ford,ford fiesta
2011,361000.0,85000.0,Petrol,automatic,2,honda,honda city
2012,1025000.0,175000.0,Diesel,manual,2,toyota,toyota innova
2024,890000.0,4000.0,Petrol,automatic,1,hyundai,hyundai exter
2017,875000.0,59000.0,Petrol,automatic,1,honda,honda city
2016,650000.0,145000.0,Diesel,automatic,2,maruti,maruti ertiga
2020,575000.0,23500.0,CNG,manual,2,honda,honda amaze
2015,285000.0,103000.0,Diesel,automatic,2,tata,tata zest
2017,468000.0,44515.0,Petrol,automatic,2,maruti,maruti baleno
2011,260000.0,70000.0,Petrol,automatic,2,volkswagen,volkswagen ventotest
2023,350000.0,58094.0,CNG,automatic,1,maruti,maruti wagon-r-stingray
2014,1200000.0,45000.0,Diesel,automatic,2,audi,audi q7
2022,530000.0,99999.0,CNG,manual,2,maruti,maruti celerio
2014,300000.0,82000.0,Petrol,manual,2,volkswagen,volkswagen polo
2019,400000.0,61000.0,Petrol,automatic,1,maruti,maruti alto-k10
2024,900000.0,10000.0,Petrol,automatic,1,hyundai,hyundai aura
2019,390000.0,86000.0,CNG,manual,1,maruti,maruti celerio
2018,825000.0,59000.0,Petrol,manual,1,maruti,maruti ertiga
2014,1474000.0,64000.0,Diesel,automatic,2,mercedes-benz,mercedes-benz c-class
2019,600000.0,5500.0,CNG,automatic,1,maruti,maruti swift
2019,845000.0,61000.0,Diesel,automatic,2,maruti,maruti vitara-brezza
2017,325000.0,42000.0,Petrol,manual,2,maruti,maruti wagon-r
2021,565000.0,17154.0,Petrol,manual,1,renault,renault triber
2015,475000.0,108000.0,CNG,manual,2,honda,honda city
2020,675000.0,62370.0,Petrol,automatic,2,hyundai,hyundai aura
2018,489101.0,32321.0,Petrol,manual,1,maruti,maruti swift
2018,750000.0,42000.0,Petrol,automatic,2,maruti,maruti ciaz
2011,325000.0,81000.0,Petrol,manual,1,honda,honda city
2024,825000.0,8254.0,Petrol,manual,1,maruti,maruti fronx
2021,750000.0,35000.0,Petrol,manual,1,maruti,maruti s-cross1
2018,920000.0,83000.0,Diesel,automatic,2,renault,renault duster
2017,490000.0,65000.0,Petrol,automatic,1,maruti,maruti celerio
2012,229000.0,89000.0,Diesel,manual,2,fiat,fiat punto
2011,525000.0,127000.0,Diesel,manual,2,mahindra,mahindra bolero
2014,750000.0,65000.0,Petrol,automatic,1,honda,honda crv
2015,450000.0,67000.0,Petrol,manual,1,maruti,maruti swift dzire
2017,799000.0,75000.0,Diesel,manual,2,maruti,maruti vitara-brezza
2015,320000.0,120000.0,Diesel,manual,2,ford,ford figo
2011,190000.0,75000.0,Petrol,automatic,1,hyundai,hyundai i10
2017,247000.0,78647.0,CNG,manual,2,maruti,maruti alto-k10
2020,561000.0,61000.0,Petrol,automatic,1,tata,tata tigor
2016,550000.0,65000.0,Diesel,manual,1,maruti,maruti swift
2017,935000.0,84000.0,CNG,automatic,2,hyundai,hyundai elantra
2015,690000.0,72000.0,Diesel,manual,2,mahindra,mahindra xuv500
2018,330000.0,79000.0,Petrol,manual,1,maruti,maruti eeco
2014,192000.0,26300.0,Petrol,manual,2,nissan,nissan micra
2012,195000.0,76610.0,Petrol,manual,1,hyundai,hyundai santro xing
2011,165000.0,60000.0,Petrol,manual,2,hyundai,hyundai i10
2017,335000.0,68000.0,Petrol,manual,1,maruti,maruti wagon-r-1-0
2020,750000.0,94000.0,Diesel,automatic,2,hyundai,hyundai aura
2016,725000.0,56000.0,Petrol,automatic,2,hyundai,hyundai creta
2019,650000.0,66800.0,Petrol,manual,2,tata,tata nexon
2010,350000.0,58000.0,CNG,automatic,2,honda,honda accord
2018,595000.0,24568.0,Petrol,automatic,1,maruti,maruti new-gen swift
2016,500000.0,81000.0,Diesel,manual,2,ford,ford ecosport
2018,300000.0,27000.0,Petrol,manual,2,hyundai,hyundai eon
2010,235000.0,93000.0,Petrol,automatic,1,honda,honda accord
2014,365000.0,69000.0,CNG,manual,2,hyundai,hyundai grand i10
2019,750000.0,100000.0,Diesel,manual,2,maruti,maruti swift dzire
2018,840000.0,71000.0,Diesel,manual,1,renault,renault duster
2017,650000.0,72000.0,Diesel,manual,1,maruti,maruti ciaz
2008,130000.0,107000.0,Petrol,manual,2,maruti,maruti sx4
2022,890000.0,23000.0,Petrol,automatic,1,honda,honda jazz
2014,238000.0,84000.0,Petrol,manual,2,maruti,maruti wagon-r
2020,1125000.0,43513.0,Petrol,manual,1,hyundai,hyundai creta
2011,245000.0,69000.0,Petrol,manual,1,maruti,maruti eeco
2016,850000.0,84000.0,Diesel,automatic,2,hyundai,hyundai creta
2017,675000.0,79000.0,Petrol,automatic,1,hyundai,hyundai fluidic verna
2018,975000.0,36000.0,Petrol,automatic,2,jeep,jeep compass
2015,575000.0,70000.0,Petrol,automatic,2,hyundai,hyundai elantra
2012,298000.0,67000.0,Petrol,automatic,2,hyundai,hyundai i10
2019,740000.0,32000.0,Petrol,manual,1,hyundai,hyundai venue
2016,350000.0,51000.0,Petrol,automatic,1,maruti,maruti celerio
2021,515000.0,51600.0,Petrol,manual,1,maruti,maruti baleno
2023,1250000.0,6000.0,Petrol,automatic,1,maruti,maruti ertiga
2017,450000.0,26000.0,Petrol,automatic,2,maruti,maruti baleno
2018,650000.0,58000.0,Diesel,manual,1,maruti,maruti swift
2014,850000.0,84000.0,Diesel,automatic,2,audi,audi q3
2022,995000.0,49900.0,Petrol,automatic,1,toyota,toyota urban cruiser
2012,375000.0,100000.0,Diesel,manual,2,volkswagen,volkswagen ventotest
2018,395000.0,70000.0,CNG,manual,2,maruti,maruti celerio
2017,500000.0,60000.0,Petrol,manual,2,maruti,maruti baleno
2017,675000.0,84000.0,Diesel,automatic,2,volkswagen,volkswagen ventotest
2014,455000.0,47000.0,Petrol,automatic,2,hyundai,hyundai grand i10
2018,497000.0,54000.0,Petrol,manual,1,maruti,maruti baleno
2014,215000.0,105000.0,Diesel,manual,2,renault,renault duster
2017,740000.0,30000.0,Petrol,automatic,2,ford,ford ecosport
2018,825000.0,88231.0,Petrol,manual,1,maruti,maruti ertiga
2015,150000.0,200000.0,Diesel,manual,2,tata,tata indica vista
2021,651000.0,65900.0,CNG,automatic,1,hyundai,hyundai grand i10 nios
2009,225000.0,104000.0,CNG,automatic,2,hyundai,hyundai i10
2013,200000.0,40000.0,Petrol,automatic,2,hyundai,hyundai i10
2017,285000.0,107000.0,CNG,automatic,2,honda,honda amaze
2008,235000.0,89000.0,Petrol,manual,1,honda,honda city zx
2018,499000.0,120000.0,Diesel,manual,2,maruti,maruti swift-dzire-tour
2019,400000.0,58100.0,Petrol,automatic,1,maruti,maruti eeco
2017,665000.0,115000.0,Diesel,manual,2,jeep,jeep compass
2015,450000.0,150000.0,Diesel,automatic,2,renault,renault duster
2010,125000.0,164000.0,Diesel,manual,2,tata,tata indigo cs
2022,1190000.0,30000.0,Petrol,automatic,1,skoda,skoda slavia
2016,370000.0,72000.0,Petrol,manual,2,maruti,maruti celerio
2017,300000.0,27000.0,Petrol,manual,2,hyundai,hyundai eon
2024,800000.0,35000.0,Petrol,automatic,1,maruti,maruti eeco
2018,400000.0,44552.0,Petrol,manual,1,ford,ford aspire
2016,1050000.0,87000.0,Diesel,manual,1,mahindra,mahindra xuv500
2017,560000.0,63000.0,Petrol,automatic,1,maruti,maruti ertiga
2013,338000.0,51000.0,Petrol,manual,2,nissan,nissan terrano
2016,350000.0,100000.0,CNG,automatic,2,maruti,maruti eeco
2016,749000.0,62000.0,Petrol,automatic,2,hyundai,hyundai creta
2014,410000.0,65000.0,CNG,manual,2,hyundai,hyundai xcent
2016,375000.0,90000.0,Petrol,manual,1,hyundai,hyundai grand i10
2019,475000.0,59000.0,Petrol,automatic,1,maruti,maruti s-presso
2007,325000.0,141000.0,Petrol,automatic,2,honda,honda crv
2017,1131000.0,94054.0,Diesel,automatic,1,mahindra,mahindra xuv500
2015,350000.0,62000.0,Diesel,manual,2,hyundai,hyundai i20 active
2021,1445000.0,28000.0,Diesel,manual,1,mahindra,mahindra thar
2019,650000.0,75000.0,Petrol,automatic,2,maruti,maruti baleno
2021,620000.0,53499.0,Petrol,manual,1,maruti,maruti swift
2019,531000.0,87000.0,Petrol,manual,1,hyundai,hyundai grand i10
2015,814999.0,75000.0,Diesel,automatic,2,audi,audi a6
2017,600000.0,98000.0,Diesel,manual,1,honda,honda wrv
2009,139999.0,91000.0,Petrol,manual,2,hyundai,hyundai getz
2012,1200000.0,65000.0,Diesel,automatic,2,bmw,bmw 5 series
2009,351000.0,85000.0,Petrol,automatic,2,honda,honda city
2023,725000.0,46000.0,Petrol,manual,1,hyundai,hyundai new i20
2013,525000.0,76000.0,CNG,manual,2,maruti,maruti ertiga
2015,690000.0,87532.0,Diesel,manual,1,maruti,maruti ciaz
2016,985000.0,106000.0,Diesel,automatic,2,hyundai,hyundai creta
2015,299999.0,75000.0,CNG,manual,2,maruti,maruti wagon-r
2008,120000.0,89000.0,CNG,automatic,1,maruti,maruti alto
2006,110000.0,80000.0,CNG,manual,2,ford,ford fiesta
2018,580000.0,62583.0,Diesel,manual,2,maruti,maruti s-cross1
2019,980000.0,47000.0,Diesel,automatic,1,hyundai,hyundai creta
2012,295000.0,89000.0,Diesel,manual,2,volkswagen,volkswagen polo
2012,240000.0,170000.0,Petrol,automatic,2,maruti,maruti wagon-r-1-0
2022,680000.0,34947.0,Petrol,automatic,1,renault,renault triber
2011,181000.0,75000.0,Petrol,manual,2,hyundai,hyundai santro xing
2013,370000.0,100000.0,Diesel,automatic,2,tata,tata sumo gold
2012,249000.0,98000.0,Diesel,manual,2,hyundai,hyundai i20
2012,211000.0,68200.0,Petrol,manual,1,maruti,maruti alto-k10
2015,230000.0,65000.0,Petrol,manual,1,renault,renault pulse
2015,510000.0,140000.0,Diesel,manual,2,toyota,toyota etios liva
2018,1350000.0,57000.0,Petrol,automatic,1,jeep,jeep compass
2011,215000.0,85000.0,Petrol,manual,2,maruti,maruti alto
2013,450000.0,115000.0,Petrol,manual,2,honda,honda city
2016,490000.0,95000.0,Diesel,manual,2,hyundai,hyundai i20
2016,799000.0,88232.0,Diesel,automatic,2,mahindra,mahindra xuv500
2013,465000.0,64000.0,Diesel,automatic,2,hyundai,hyundai fluidic verna
2023,1340000.0,11000.0,Petrol,manual,1,hyundai,hyundai creta
2017,1050000.0,96000.0,Diesel,manual,2,hyundai,hyundai creta
2022,995000.0,15000.0,Diesel,manual,1,mahindra,mahindra xuv 300
2013,985000.0,130000.0,Diesel,manual,2,toyota,toyota innova
2016,1050000.0,68000.0,Diesel,automatic,2,hyundai,hyundai creta
2016,369000.0,89700.0,Petrol,manual,2,maruti,maruti wagon-r
2017,399000.0,57000.0,CNG,automatic,1,maruti,maruti celerio
2018,545000.0,66000.0,CNG,automatic,2,maruti,maruti baleno
2017,435000.0,75000.0,Diesel,manual,1,mahindra,mahindra kuv 100
2022,575000.0,42000.0,CNG,manual,1,maruti,maruti wagon-r
2013,325000.0,174000.0,Diesel,automatic,1,mahindra,mahindra bolero power plus
2016,950000.0,110000.0,Diesel,automatic,2,mahindra,mahindra xuv500
2012,350000.0,30000.0,Diesel,automatic,2,toyota,toyota etios
2021,485000.0,113707.0,Petrol,manual,1,maruti,maruti wagon-r
2017,675000.0,68558.0,CNG,manual,1,maruti,maruti ertiga
2014,1350000.0,91000.0,Diesel,automatic,1,audi,audi a6
2018,511000.0,67000.0,Petrol,manual,1,hyundai,hyundai grand i10
2015,475000.0,90200.0,CNG,automatic,2,honda,honda city
2022,1050000.0,69726.0,Diesel,manual,1,kia,kia sonet
2016,289000.0,68900.0,Petrol,manual,2,maruti,maruti wagon-r
2018,1085000.0,82000.0,Diesel,automatic,2,hyundai,hyundai creta
2019,576000.0,62000.0,CNG,manual,1,maruti,maruti eeco
2015,445000.0,39000.0,Petrol,manual,1,maruti,maruti swift
2017,250000.0,51000.0,Petrol,manual,2,hyundai,hyundai eon
2022,560000.0,16000.0,CNG,manual,1,maruti,maruti wagon-r
2015,440000.0,69000.0,Petrol,manual,2,hyundai,hyundai grand i10
2022,575000.0,62000.0,Petrol,manual,1,maruti,maruti celerio
2018,625000.0,38225.0,Petrol,manual,2,hyundai,hyundai i20
2020,490000.0,78000.0,Petrol,manual,1,maruti,maruti celerio
2015,999999.0,95000.0,Diesel,automatic,1,audi,audi q3
2010,149000.0,89000.0,Petrol,manual,2,maruti,maruti alto
2022,720000.0,9100.0,Petrol,automatic,1,tata,tata punch
2013,385000.0,98000.0,Diesel,manual,1,maruti,maruti swift-dzire
2015,890000.0,70000.0,Diesel,automatic,1,audi,audi q3
2017,550000.0,78000.0,Petrol,automatic,2,honda,honda jazz
2013,625000.0,95000.0,Petrol,automatic,2,honda,honda crv
2017,500000.0,98500.0,Diesel,manual,1,skoda,skoda rapid
2010,190000.0,85000.0,Diesel,manual,2,ford,ford figo
2022,950000.0,8500.0,Petrol,automatic,1,hyundai,hyundai i20
2022,675000.0,89000.0,Petrol,automatic,1,maruti,maruti swift-dzire-tour
2016,360000.0,74000.0,Petrol,manual,1,maruti,maruti wagon-r-1-0
2020,1300000.0,53000.0,Diesel,automatic,2,mahindra,mahindra thar
2018,595000.0,45000.0,Petrol,automatic,2,maruti,maruti baleno
2016,255000.0,41000.0,Petrol,automatic,2,maruti,maruti alto-k10
2014,85000.0,70000.0,Petrol,manual,2,tata,tata nano
2019,650000.0,7000.0,Petrol,automatic,2,maruti,maruti swift
2017,475000.0,31000.0,Petrol,manual,2,hyundai,hyundai grand i10
2019,750000.0,37000.0,Petrol,automatic,2,maruti,maruti baleno
2018,1300000.0,14800.0,Petrol,automatic,1,jeep,jeep compass
2021,1175000.0,55000.0,Petrol,automatic,1,mahindra,mahindra thar
2016,411000.0,71000.0,Diesel,manual,2,ford,ford aspire
2019,385000.0,82000.0,Petrol,automatic,1,maruti,maruti eeco
2017,740000.0,60000.0,Diesel,manual,2,volkswagen,volkswagen polo
2008,70000.0,69000.0,Petrol,manual,2,maruti,maruti zen-estilo
2022,740000.0,18000.0,Petrol,manual,1,nissan,nissan magnite
2012,285000.0,82000.0,Petrol,manual,2,honda,honda city
2019,575000.0,67000.0,Petrol,automatic,2,honda,honda amaze
2013,450000.0,68000.0,Petrol,automatic,1,volkswagen,volkswagen ventotest
2015,325000.0,60000.0,Petrol,automatic,2,maruti,maruti celerio
2016,380000.0,71000.0,Petrol,manual,1,honda,honda jazz
2012,395000.0,72000.0,Diesel,automatic,2,skoda,skoda superb
2013,610000.0,148000.0,Diesel,manual,2,mahindra,mahindra bolero
2018,499000.0,54121.0,Petrol,manual,1,maruti,maruti swift-dzire
2017,550000.0,76000.0,Petrol,manual,1,volkswagen,volkswagen polo
2021,705000.0,34300.0,CNG,manual,1,hyundai,hyundai aura
2009,60000.0,13000.0,Petrol,manual,2,tata,tata nano
2015,270000.0,72500.0,Petrol,automatic,2,maruti,maruti alto k10
2011,265000.0,47000.0,Petrol,manual,2,hyundai,hyundai i10
2015,380000.0,129000.0,Diesel,manual,2,honda,honda jazz
2022,650000.0,8000.0,Petrol,automatic,1,tata,tata tata-punch
2017,280000.0,78000.0,CNG,manual,1,maruti,maruti wagon-r
2018,699000.0,44902.0,Petrol,automatic,2,honda,honda city
2010,250000.0,90000.0,Petrol,manual,1,volkswagen,volkswagen polo
2017,345000.0,142000.0,Petrol,automatic,1,maruti,maruti celerio
2018,835000.0,110000.0,Diesel,manual,2,maruti,maruti ertiga
2020,465000.0,85000.0,Petrol,manual,1,maruti,maruti wagon-r
2015,499000.0,55000.0,Petrol,manual,1,ford,ford ecosport
2012,351000.0,95000.0,Petrol,manual,2,hyundai,hyundai i20
2018,1180000.0,135000.0,Diesel,automatic,2,hyundai,hyundai tucson
2018,675000.0,83725.0,Diesel,automatic,2,mahindra,mahindra tuv
2022,953000.0,12214.0,Petrol,automatic,1,hyundai,hyundai new i20
2016,311000.0,86000.0,CNG,manual,1,maruti,maruti alto-800
2018,675000.0,70013.0,Diesel,manual,1,maruti,maruti s-cross
2008,145000.0,86000.0,CNG,manual,2,maruti,maruti swift
2019,425000.0,39800.0,Petrol,manual,1,maruti,maruti ignis
2017,425100.0,39510.0,Petrol,automatic,2,hyundai,hyundai grand i10
2014,795000.0,126500.0,Diesel,manual,2,toyota,toyota innova
2012,595000.0,120000.0,Diesel,manual,2,mahindra,mahindra bolero
2016,240000.0,61600.0,Petrol,automatic,2,renault,renault kwid
2009,225000.0,68000.0,Diesel,manual,2,ford,ford fiesta
2021,610000.0,39000.0,Petrol,manual,2,maruti,maruti wagon-r
2016,465000.0,68000.0,Petrol,manual,1,hyundai,hyundai i20 active
2012,435000.0,62816.0,Petrol,automatic,1,maruti,maruti swift
2014,540000.0,60500.0,Petrol,manual,2,volkswagen,volkswagen polo
2018,390000.0,74000.0,Petrol,manual,1,hyundai,hyundai santro
2019,775000.0,83000.0,Diesel,automatic,1,maruti,maruti vitara-brezza
2019,490000.0,50000.0,Petrol,automatic,1,hyundai,hyundai santro
2017,260000.0,48100.0,Petrol,automatic,2,tata,tata nano genx
2021,970000.0,81236.0,Petrol,automatic,1,kia,kia sonet
2015,725000.0,83500.0,CNG,manual,1,maruti,maruti ertiga
2018,975000.0,25300.0,Petrol,manual,2,jeep,jeep compass
2015,699999.0,56800.0,CNG,manual,2,maruti,maruti ertiga
2017,310000.0,39000.0,Petrol,automatic,2,renault,renault kwid
2018,865000.0,32000.0,Diesel,manual,1,ford,ford ecosport
2010,180000.0,149000.0,Petrol,manual,2,maruti,maruti estilo
2016,450000.0,46000.0,Petrol,automatic,2,honda,honda jazz
2018,390000.0,68000.0,CNG,manual,1,maruti,maruti wagon-r
2015,480000.0,36500.0,Petrol,automatic,2,ford,ford ecosport
2019,875000.0,68000.0,Diesel,manual,1,mahindra,mahindra thar
2017,1260000.0,58100.0,Diesel,automatic,2,mahindra,mahindra xuv500
2015,885000.0,82233.0,Diesel,automatic,1,audi,audi a6
2021,1050000.0,119267.0,Diesel,manual,1,hyundai,hyundai creta facelift
2012,155000.0,120000.0,CNG,automatic,2,maruti,maruti wagon-r
2016,545000.0,72000.0,Petrol,automatic,2,maruti,maruti baleno
2014,340000.0,80000.0,Diesel,manual,2,nissan,nissan terrano
2012,265000.0,77695.0,Diesel,manual,2,nissan,nissan sunny
2019,695000.0,160000.0,Diesel,manual,1,volkswagen,volkswagen ventotest
2017,750000.0,116000.0,Diesel,manual,1,maruti,maruti maruti-suzuki-brezza
2017,460000.0,85000.0,Petrol,automatic,1,maruti,maruti celerio
2018,325000.0,70000.0,Petrol,automatic,2,renault,renault kwid
2012,450000.0,33000.0,Diesel,automatic,1,bmw,bmw x1
2017,415000.0,25122.0,Petrol,manual,1,maruti,maruti wagon-r
2021,1390000.0,62000.0,Diesel,manual,2,hyundai,hyundai creta
2017,550000.0,69231.0,Petrol,automatic,2,honda,honda city
2010,375000.0,140000.0,Diesel,manual,2,toyota,toyota innova
2019,375000.0,28000.0,Petrol,manual,1,maruti,maruti eeco
2021,840000.0,34000.0,Petrol,automatic,1,skoda,skoda rapid
2014,315000.0,81000.0,CNG,manual,1,maruti,maruti wagon-r-1-0
2012,160000.0,65000.0,Petrol,manual,2,hyundai,hyundai santro xing
2017,1325000.0,90709.0,Diesel,automatic,1,hyundai,hyundai tucson
2018,550000.0,58000.0,Diesel,manual,1,ford,ford ecosport
2017,760000.0,77000.0,Petrol,automatic,2,honda,honda city
2008,249000.0,105000.0,Petrol,manual,2,hyundai,hyundai i10
2015,1275000.0,75000.0,Diesel,automatic,1,mercedes-benz,mercedes-benz e-class
2013,258190.0,71924.0,Petrol,manual,1,maruti,maruti wagon-r-1-0
2010,198000.0,58000.0,Petrol,manual,2,tata,tata indigo cs
2013,560000.0,90000.0,CNG,manual,2,maruti,maruti ertiga
2010,185000.0,84000.0,Petrol,manual,2,maruti,maruti wagon-r
2010,290000.0,79000.0,Petrol,manual,2,honda,honda city
2010,180000.0,100000.0,CNG,automatic,2,honda,honda city zx
2014,500000.0,51957.0,Petrol,manual,2,maruti,maruti ciaz
2017,725000.0,77652.0,Diesel,automatic,2,tata,tata hexa
2015,665000.0,121000.0,Diesel,manual,2,honda,honda city
2011,175000.0,68650.0,Petrol,manual,2,maruti,maruti sx4
2019,310000.0,42312.0,Petrol,manual,1,maruti,maruti alto-800
2016,400000.0,95000.0,Diesel,manual,2,mahindra,mahindra tuv
2015,365000.0,100000.0,CNG,manual,2,maruti,maruti eeco
2019,324000.0,18000.0,Petrol,manual,1,renault,renault kwid
2022,760000.0,45000.0,Petrol,manual,1,hyundai,hyundai venue
2014,560000.0,74000.0,Diesel,manual,2,mahindra,mahindra xuv500
2020,1030000.0,87000.0,Diesel,manual,2,kia,kia sonet
2015,360000.0,103000.0,Petrol,automatic,2,maruti,maruti celerio
2015,325000.0,82000.0,Petrol,manual,2,maruti,maruti ritz
2017,222000.0,46550.0,Petrol,automatic,1,mahindra,mahindra e-20
2011,210000.0,53646.0,Petrol,manual,2,maruti,maruti alto-k10
2017,1250000.0,87000.0,Diesel,automatic,2,skoda,skoda superb
2017,475000.0,82000.0,CNG,automatic,1,hyundai,hyundai grand i10
2017,230000.0,34000.0,Petrol,automatic,2,tata,tata nano
2018,450000.0,58241.0,Petrol,manual,1,maruti,maruti wagon-r
2015,585000.0,140000.0,Diesel,manual,1,hyundai,hyundai elite i20
2017,325000.0,63663.0,Petrol,automatic,2,renault,renault kwid
2014,465000.0,104000.0,Diesel,manual,2,maruti,maruti swift
2018,650000.0,59445.0,Petrol,automatic,1,maruti,maruti maruti-suzuki-dzire
2021,750000.0,28000.0,Petrol,automatic,2,toyota,toyota glanza
2009,187000.0,81000.0,Petrol,manual,1,maruti,maruti ritz
2019,1100000.0,29569.0,Petrol,automatic,1,hyundai,hyundai creta
2018,270000.0,50002.0,Petrol,manual,1,datsun,datsun go plus
2009,210000.0,65000.0,Petrol,manual,1,hyundai,hyundai santro xing
2017,295000.0,84240.0,CNG,automatic,2,maruti,maruti eeco
2014,479999.0,39000.0,Petrol,manual,1,hyundai,hyundai elite i20
2017,490000.0,62000.0,Petrol,automatic,2,volkswagen,volkswagen ventotest
2015,350000.0,38000.0,Petrol,automatic,2,maruti,maruti wagon-r
2017,350000.0,59000.0,Petrol,manual,2,renault,renault kwid
2012,160000.0,78000.0,CNG,manual,1,hyundai,hyundai santro
2014,511000.0,70000.0,Petrol,automatic,1,toyota,toyota corolla altis
2022,1098000.0,16000.0,Petrol,manual,1,hyundai,hyundai creta
2020,800000.0,95000.0,Petrol,automatic,1,maruti,maruti ertiga
2013,1353000.0,110000.0,Diesel,manual,2,toyota,toyota fortuner
2012,153000.0,81000.0,Diesel,manual,1,chevrolet,chevrolet beat
2018,870000.0,46000.0,Diesel,manual,2,mahindra,mahindra xuv500
2012,285000.0,62000.0,Petrol,manual,1,maruti,maruti wagon-r
2021,780000.0,24000.0,Petrol,manual,1,tata,tata nexon
2013,390000.0,43000.0,Petrol,manual,1,maruti,maruti maruti-suzuki-dzire
2009,129999.0,72000.0,Petrol,manual,2,maruti,maruti wagon r
2015,399000.0,81000.0,Petrol,manual,2,honda,honda jazz
2014,390000.0,86265.0,Diesel,manual,2,maruti,maruti ciaz
2013,85000.0,110000.0,Diesel,manual,2,tata,tata indica
2022,990000.0,71000.0,Petrol,manual,2,maruti,maruti ertiga
2011,175000.0,68538.0,Petrol,manual,2,maruti,maruti sx4
2018,498000.0,25818.0,Petrol,automatic,1,hyundai,hyundai grand i10
2015,425000.0,52000.0,Diesel,manual,1,renault,renault duster
2017,1195000.0,68000.0,Diesel,manual,2,mitsubishi,mitsubishi pajero sport
2020,1375000.0,65000.0,Petrol,automatic,1,mg,mg hector
2014,900000.0,63000.0,CNG,automatic,2,toyota,toyota camry
2021,1095000.0,62035.0,Petrol,automatic,1,maruti,maruti xl6
2012,425000.0,85000.0,Petrol,automatic,1,hyundai,hyundai verna
2008,220000.0,78000.0,Diesel,manual,2,mahindra,mahindra bolero
2011,135000.0,95000.0,CNG,automatic,2,maruti,maruti alto-800
2015,225000.0,65000.0,Petrol,manual,2,maruti,maruti alto 800
2008,335000.0,100000.0,Diesel,manual,2,toyota,toyota innova
2014,350000.0,100000.0,Diesel,automatic,2,hyundai,hyundai grand i10
2010,175999.0,90000.0,Petrol,automatic,2,hyundai,hyundai i10
2016,421000.0,91000.0,CNG,manual,2,maruti,maruti wagon-r
2015,429000.0,53000.0,CNG,automatic,1,hyundai,hyundai grand i10
2017,700000.0,61000.0,Petrol,manual,1,honda,honda wrv
2014,475000.0,78000.0,Diesel,manual,2,maruti,maruti ertiga
2023,925000.0,58000.0,Diesel,manual,1,hyundai,hyundai i20
2020,495000.0,33000.0,Petrol,automatic,2,tata,tata tiago
2010,290000.0,70000.0,CNG,manual,1,honda,honda city
2019,650000.0,90000.0,CNG,automatic,2,tata,tata nexon
2022,595000.0,28000.0,Petrol,manual,1,hyundai,hyundai grand i10 nios
2009,119000.0,78500.0,Petrol,manual,2,maruti,maruti swift
2020,1000000.0,52100.0,Petrol,manual,1,maruti,maruti ertiga
2021,790000.0,40215.0,Diesel,automatic,1,hyundai,hyundai aura
2011,120000.0,67240.0,Petrol,manual,2,chevrolet,chevrolet spark
2022,680000.0,40000.0,Petrol,automatic,2,tata,tata nexon
2021,975000.0,85000.0,Petrol,manual,1,maruti,maruti ertiga
2019,490000.0,55000.0,Diesel,manual,1,ford,ford figo aspire
2018,549000.0,31000.0,Petrol,manual,1,maruti,maruti baleno
2019,750000.0,45000.0,Petrol,manual,2,ford,ford ecosport
2014,1135000.0,245822.0,Diesel,manual,2,toyota,toyota innova
2020,1045000.0,39000.0,Petrol,automatic,2,kia,kia sonet
2019,820000.0,65000.0,Petrol,automatic,2,maruti,maruti ertiga
2019,525000.0,35000.0,Petrol,automatic,1,maruti,maruti baleno
2019,1000000.0,72000.0,Petrol,automatic,2,jeep,jeep compass
2018,275000.0,50000.0,Petrol,manual,1,maruti,maruti alto 800
2019,1000000.0,72000.0,Diesel,automatic,2,skoda,skoda rapid
2011,222200.0,138000.0,Diesel,manual,1,tata,tata vista tech
2012,271000.0,87000.0,CNG,manual,1,maruti,maruti wagon-r
2023,1090000.0,43000.0,Diesel,manual,1,kia,kia sonet
2018,575000.0,58000.0,Petrol,manual,2,maruti,maruti maruti-suzuki-dzire
2010,160000.0,100000.0,Diesel,manual,2,maruti,maruti swift-dzire
2017,50000.0,83000.0,Diesel,automatic,1,volkswagen,volkswagen ameo
2017,400000.0,180000.0,Diesel,manual,1,hyundai,hyundai xcent
2023,1100000.0,35000.0,Petrol,manual,1,maruti,maruti ertiga
2020,690000.0,49000.0,Petrol,manual,1,maruti,maruti brezza
2021,1075000.0,29000.0,Petrol,automatic,1,kia,kia sonet
2016,285000.0,110000.0,Diesel,automatic,1,maruti,maruti ritz
